:0200000470701A
:10000000E500000000000000DE000000000000002D
:10001000C700000000000000A60000000000000073
:100020008100000000000000AE00000000000000A1
:1000300045000000000000005E000000000000001D
:1000400045000000000000000099000000000000D2
:100050000087000000000000008100000000000098
:10006000008400000000000000F10000000000001B
:10007000008E00000000000000DD00000000000015
:1000800000EE00000000000000ED00000000000095
:10009000000016000000000000003E00000000000C
:1000A00000007F000000000000003E000000000093
:1000B00000002500000000000000370000000000E4
:1000C00000002C000000000000004A0000000000BA
:1000D0000000360000000000000000680000000082
:1000E0000000005700000000000000700000000049
:1000F0000000002D000000000000004C0000000087
:100100000000007F00000000000000F2000000007E
:100110000000000500000000000000DB00000000FF
:1001200000000000E200000000000000BA00000033
:1001300000000000EC00000000000000E7000000EC
:10014000000000008300000000000000EC00000040
:100150000000000043000000000000007F000000DD
:10016000000000001C00000000000000002900004A
:1001700000000000007500000000000000E8000022
:1001800000000000005700000000000000360000E2
:1001900000000000002C000000000000007F0000B4
:1001A000000000000063000000000000009F00004D
:1001B0000000000000000900000000000000240012
:1001C00000000000000003000000000000004200EA
:1001D0000000000000007F0000000000000034006C
:1001E0000000000000002E00000000000000580089
:1001F0000000000000002000000000000000005A85
:100200000000000000000052000000000000007F1D
:100210000000000000000064000000000000002E4C
:10022000000000000000006B000000000000002340
:100230000000000000000039000000000000004E37
:10024000CF00000000000000D80000000000000007
:10025000F500000000000000810000000000000028
:10026000B500000000000000A20000000000000037
:10027000F800000000000000BD00000000000000C9
:10028000DF0000000000000000CD000000000000C2
:10029000007C00000000000000D30000000000000F
:1002A000000F000000000000007F000000000000C0
:1002B000003700000000000000FB0000000000000C
:1002C000006B00000000000000260000000000009D
:1002D0000000F200000000000000ED00000000003F
:1002E0000000FA0000000000000010000000000004
:1002F00000007F0000000000000008000000000077
:100300000000FE00000000000000FC0000000000F3
:100310000000010000000000000000CE000000000E
:100320000000008100000000000000B2000000009A
:10033000000000A000000000000000DC0000000041
:10034000000000B500000000000000DF0000000019
:10035000000000B700000000000000DA000000000C
:1003600000000000E500000000000000F7000000B1
:1003700000000000F1000000000000000E0000007E
:1003800000000000FD0000000000000081000000EF
:1003900000000000EF000000000000008B000000E3
:1003A00000000000D600000000000000004C00002B
:1003B00000000000007F000000000000007000004E
:1003C00000000000003700000000000000500000A6
:1003D0000000000000410000000000000048000094
:1003E0000000000000660000000000000075000032
:1003F0000000000000007B000000000000006E0014
:100400000000000000007F0000000000000060000D
:100410000000000000000300000000000000530086
:10042000000000000000DF00000000000000FE00EF
:10043000000000000000E80000000000000000FED6
:1004400000000000000000E70000000000000006BF
:1004500000000000000000E8000000000000001D97
:1004600000000000000000DF000000000000002885
:10047000000000000000007F000000000000002BD2
:100480000B00000000000000FD0000000000000064
:100490000400000000000000FF0000000000000059
:1004A0007F00000000000000FA00000000000000D3
:1004B000FB00000000000000F7000000000000004A
:1004C000180000000000000000F70000000000001D
:1004D00000C400000000000000D700000000000081
:1004E00000BA0000000000000081000000000000D1
:1004F00000AB00000000000000DF00000000000072
:1005000000AC00000000000000BC00000000000083
:100510000000FA00000000000000AD000000000034
:1005200000004D00000000000000BB0000000000C3
:100530000000CA000000000000007F000000000072
:100540000000EE000000000000009C000000000021
:100550000000050000000000000000200000000076
:100560000000007A0000000000000004000000000D
:1005700000000020000000000000007F00000000DC
:100580000000003700000000000000230000000011
:1005900000000027000000000000000F0000000025
:1005A000000000006D000000000000004B00000093
:1005B0000000000059000000000000003A000000A8
:1005C000000000007C000000000000003800000077
:1005D0000000000012000000000000007F0000008A
:1005E00000000000FA0000000000000000E1000030
:1005F0000000000000310000000000000081000049
:1006000000000000000700000000000000E80000FB
:1006100000000000008D000000000000001200003B
:1006200000000000009200000000000000D2000066
:1006300000000000000098000000000000008100A1
:100640000000000000009D00000000000000E50028
:10065000000000000000E600000000000000E100D3
:10066000000000000000A200000000000000AA003E
:10067000000000000000AA0000000000000000CE02
:10068000000000000000007F00000000000000C922
:10069000000000000000001C0000000000000074CA
:1006A000000000000000002300000000000000D651
:1006B000000000000000005800000000000000BD25
:1006C0001A00000000000000F00000000000000020
:1006D00012000000000000006400000000000000A4
:1006E000BC000000000000007F00000000000000CF
:1006F0000C00000000000000F900000000000000F5
:10070000130000000000000000E5000000000000F1
:1007100000D200000000000000E200000000000025
:100720000033000000000000007F00000000000017
:10073000000300000000000000FA000000000000BC
:100740000049000000000000000000000000000060
:100750000000A30000000000000081000000000075
:100760000000C300000000000000B700000000000F
:100770000000E200000000000000B60000000000E1
:100780000000F200000000000000C30000000000B4
:100790000000030000000000000000D50000000081
:1007A0000000007F0000000000000030000000009A
:1007B0000000000000000000000000380000000001
:1007C00000000059000000000000000100000000CF
:1007D00000000003000000000000002600000000F0
:1007E00000000000040000000000000027000000DE
:1007F00000000000F1000000000000000300000005
:10080000000000007F00000000000000DE0000008B
:1008100000000000FE0000000000000023000000B7
:1008200000000000F90000000000000000CB000004
:1008300000000000009900000000000000C9000056
:1008400000000000000A00000000000000B20000EC
:100850000000000000810000000000000000000017
:1008600000000000000B000000000000000A000073
:100870000000000000008100000000000000930064
:10088000000000000000DE00000000000000A900E1
:10089000000000000000D4000000000000000A007A
:1008A000000000000000AB00000000000000990004
:1008B000000000000000EB0000000000000000EF5E
:1008C00000000000000000FB000000000000000429
:1008D000000000000000004B000000000000003D90
:1008E000000000000000007F000000000000004F3A
:1008F000000000000000004300000000000000783D
:100900004B000000000000005B0000000000000041
:100910007F00000000000000260000000000000032
:10092000260000000000000014000000000000008D
:10093000630000000000000037000000000000001D
:100940004000000000000000002A0000000000003D
:1009500000B700000000000000640000000000007C
:10096000002000000000000000C5000000000000A2
:10097000007F00000000000000EC0000000000000C
:100980000020000000000000003D0000000000000A
:100990000000E600000000000000B00000000000C1
:1009A0000000D600000000000000E200000000008F
:1009B00000008100000000000000C30000000000F3
:1009C0000000170000000000000000000000000010
:1009D00000000200000000000000000D0000000008
:1009E0000000003500000000000000F000000000E2
:1009F000000000D6000000000000008100000000A0
:100A0000000000F300000000000000FF00000000F4
:100A1000000000DB000000000000000600000000F5
:100A200000000000F2000000000000008100000053
:100A30000000000017000000000000008800000017
:100A400000000000C0000000000000009400000052
:100A50000000000095000000000000009C00000065
:100A600000000000B9000000000000000059000074
:100A70000000000000D7000000000000007F000020
:100A80000000000000500000000000000004000012
:100A900000000000005100000000000000630000A2
:100AA0000000000000F600000000000000570000F9
:100AB0000000000000002600000000000000E90027
:100AC000000000000000DA000000000000007F00CD
:100AD0000000000000006600000000000000F300BD
:100AE0000000000000002100000000000000710074
:100AF000000000000000290000000000000000F7D6
:100B00000000000000000081000000000000003C28
:100B1000000000000000006300000000000000C7AB
:100B200000000000000000A10000000000000045DF
:100B300000000000000000D000000000000000DD08
:100B400019000000000000004D000000000000003F
:100B50001A0000000000000020000000000000005B
:100B60007F000000000000001700000000000000EF
:100B7000C6000000000000009C0000000000000013
:100B8000D20000000000000000FC00000000000097
:100B9000007F0000000000000020000000000000B6
:100BA0000078000000000000001A000000000000B3
:100BB00000C7000000000000001900000000000055
:100BC00000CB000000000000000600000000000054
:100BD00000002B00000000000000460000000000A4
:100BE00000002300000000000000340000000000AE
:100BF00000007F00000000000000D800000000009E
:100C000000006B00000000000000D70000000000A2
:100C10000000C70000000000000000D3000000003A
:100C2000000000DC00000000000000E30000000005
:100C3000000000C000000000000000810000000073
:100C4000000000E000000000000000DD00000000E7
:100C5000000000F200000000000000F000000000B2
:100C60000000000078000000000000003D000000CF
:100C700000000000CF000000000000006D00000038
:100C8000000000006F0000000000000009000000EC
:100C90000000000037000000000000007F0000009E
:100CA00000000000320000000000000000F0000022
:100CB0000000000000CE000000000000003800002E
:100CC0000000000000E3000000000000002500001C
:100CD000000000000064000000000000001200009E
:100CE00000000000007F00000000000000FF000086
:100CF000000000000000D1000000000000008100A2
:100D0000000000000000AB000000000000009D009B
:100D1000000000000000B400000000000000EE0031
:100D20000000000000009C00000000000000DE0049
:100D3000000000000000D4000000000000000024BB
:100D4000000000000000003000000000000000F281
:100D5000000000000000005300000000000000261A
:100D600000000000000000340000000000000050FF
:100D7000000000000000007F0000000000000031C3
:100D8000E8000000000000008100000000000000FA
:100D900006000000000000009600000000000000B7
:100DA000D2000000000000008600000000000000EB
:100DB0001400000000000000AB0000000000000074
:100DC000F50000000000000000D600000000000058
:100DD00000FC00000000000000CC0000000000004B
:100DE000003E000000000000002A0000000000009B
:100DF000004C000000000000006700000000000040
:100E0000007F000000000000005E00000000000005
:100E100000005F000000000000003900000000003A
:100E2000000060000000000000003B000000000027
:100E30000000EC0000000000000036000000000090
:100E400000007E000000000000005C0000000000C8
:100E500000007F000000000000000096000000007D
:100E60000000009900000000000000E10000000008
:100E7000000000D5000000000000004E000000004F
:100E80000000008100000000000000E10000000000
:100E9000000000A900000000000000E900000000C0
:100EA000000000007200000000000000440000008C
:100EB0000000000042000000000000006900000087
:100EC0000000000093000000000000007F00000010
:100ED000000000004B000000000000004500000082
:100EE000000000003E00000000000000000C0000B8
:100EF0000000000000C400000000000000B8000076
:100F00000000000000FC00000000000000D600000F
:100F10000000000000C300000000000000DD000031
:100F200000000000008100000000000000C9000077
:100F300000000000000081000000000000006A00C6
:100F40000000000000003900000000000000AE00BA
:100F50000000000000006500000000000000240008
:100F6000000000000000DE0000000000000056004D
:100F7000000000000000270000000000000000CF7B
:100F800000000000000000CE000000000000004251
:100F900000000000000000D0000000000000008100
:100FA000000000000000000A00000000000000E84F
:100FB000000000000000008F00000000000000277B
:100FC00021000000000000007F0000000000000081
:100FD00053000000000000001600000000000000A8
:100FE00037000000000000006F000000000000005B
:100FF000A100000000000000270000000000000029
:10100000530000000000000000C4000000000000C9
:1010100000D3000000000000008900000000000074
:10102000001C00000000000000A7000000000000FD
:1010300000E40000000000000006000000000000C6
:1010400000CA000000000000008100000000000055
:101050000000F100000000000000F00000000000AF
:101060000000080000000000000061000000000017
:1010700000007D00000000000000430000000000B0
:10108000000079000000000000007F000000000068
:1010900000003B00000000000000001A00000000FB
:1010A000000000D500000000000000260000000045
:1010B00000000046000000000000003600000000B4
:1010C000000000420000000000000061000000007D
:1010D0000000007F00000000000000400000000051
:1010E00000000000150000000000000031000000BA
:1010F0000000000019000000000000005300000084
:10110000000000003E000000000000007F00000022
:10111000000000005C000000000000006100000012
:10112000000000004C000000000000000060000013
:1011300000000000007F000000000000003F0000F1
:10114000000000000046000000000000005F0000FA
:101150000000000000D1000000000000004A000074
:101160000000000000F900000000000000E60000A0
:101170000000000000007F000000000000006B0085
:10118000000000000000790000000000000068007E
:101190000000000000006000000000000000690086
:1011A000000000000000F10000000000000020002E
:1011B000000000000000030000000000000000C864
:1011C000000000000000007F00000000000000CED2
:1011D00000000000000000AE000000000000001150
:1011E000000000000000002200000000000000F3EA
:1011F00000000000000000B5000000000000000139
:10120000E9000000000000000C00000000000000E9
:101210000800000000000000AC000000000000001A
:101220008100000000000000B70000000000000086
:10123000EF00000000000000C300000000000000FC
:10124000D80000000000000000BA0000000000000C
:10125000000F000000000000000E00000000000071
:1012600000CB00000000000000E4000000000000CF
:1012700000DD000000000000008100000000000010
:1012800000C000000000000000D0000000000000CE
:10129000000000000000000000001D000000000031
:1012A00000000F00000000000000F400000000003B
:1012B0000000F8000000000000007F0000000000B7
:1012C00000000D000000000000001D0000000000F4
:1012D00000001E0000000000000000F400000000FC
:1012E000000000F8000000000000004700000000BF
:1012F0000000000900000000000000550000000090
:1013000000000044000000000000007F000000001A
:101310000000006F00000000000000AB00000000B3
:1013200000000000F5000000000000008100000047
:10133000000000000000000000000000F2000000BB
:10134000000000005000000000000000F800000055
:1013500000000000F5000000000000000800000090
:1013600000000000FD000000000000000020000060
:101370000000000000000000000000000005000068
:10138000000000000001000000000000000000005C
:101390000000000000FD00000000000000FE000052
:1013A00000000000008100000000000000E00000DC
:1013B000000000000000E0000000000000007F00CE
:1013C0000000000000000F000000000000005800B6
:1013D0000000000000006700000000000000E200C4
:1013E00000000000000021000000000000000300D9
:1013F000000000000000D30000000000000000E535
:10140000000000000000001300000000000000FCCD
:1014100000000000000000FF000000000000007F4E
:10142000000000000000000900000000000000F4BF
:10143000000000000000001700000000000000FF96
:10144000FC00000000000000F700000000000000A9
:101450000200000000000000C800000000000000C2
:1014600081000000000000000600000000000000F5
:10147000F900000000000000CD00000000000000A6
:10148000060000000000000000FD00000000000059
:1014900000EC00000000000000110000000000004F
:1014A00000B100000000000000810000000000000A
:1014B000002400000000000000F800000000000010
:1014C000000100000000000000D400000000000047
:1014D0000000E700000000000000C900000000005C
:1014E0000000DA00000000000000B600000000006C
:1014F00000007F00000000000000C80000000000A5
:101500000000FF00000000000000C6000000000016
:101510000000D20000000000000000F90000000000
:10152000000000CC00000000000000EF0000000000
:10153000000000E200000000000000810000000048
:101540000000002000000000000000190000000062
:101550000000003000000000000000FC000000005F
:1015600000000000B5000000000000008100000045
:1015700000000000D8000000000000001C00000077
:1015800000000000FA00000000000000060000005B
:10159000000000001400000000000000FB0000003C
:1015A00000000000080000000000000000F500003E
:1015B0000000000000B200000000000000BA0000BF
:1015C0000000000000E100000000000000640000D6
:1015D0000000000000810000000000000003000087
:1015E00000000000001700000000000000DF000005
:1015F0000000000000004A000000000000000A0097
:10160000000000000000F3000000000000002F00B8
:101610000000000000007F00000000000000BA0091
:1016200000000000000000000000000000000D00AD
:10163000000000000000D50000000000000000CE07
:10164000000000000000008100000000000000D940
:1016500000000000000000F900000000000000F0A1
:1016600000000000000000D000000000000000FEAC
:10167000000000000000000D000000000000000756
:1016800070000000000000000B00000000000000DF
:101690002D000000000000005A00000000000000C3
:1016A0007F00000000000000B80000000000000003
:1016B0007100000000000000600000000000000059
:1016C0008100000000000000000800000000000091
:1016D000001D00000000000000EB00000000000002
:1016E000004A00000000000000B3000000000000FD
:1016F0000081000000000000000000000000000069
:1017000000E400000000000000C100000000000034
:101710000000F900000000000000010000000000CF
:101720000000FD000000000000001A0000000000A2
:1017300000007F00000000000000EA000000000040
:101740000000FE0000000000000017000000000084
:1017500000000700000000000000007F0000000003
:1017600000000075000000000000005000000000B4
:101770000000005700000000000000DB0000000037
:101780000000003F000000000000004200000000D8
:10179000000000E6000000000000007500000000EE
:1017A000000000000E000000000000000900000022
:1017B000000000000500000000000000060000001E
:1017C000000000007F000000000000001600000084
:1017D000000000001B000000000000001B000000D3
:1017E000000000001A0000000000000000280000B7
:1017F0000000000000CA000000000000008100009E
:1018000000000000004500000000000000D50000BE
:101810000000000000A6000000000000002D0000F5
:1018200000000000001100000000000000C80000DF
:10183000000000000000F4000000000000000E00A6
:10184000000000000000F400000000000000C700DD
:101850000000000000007F00000000000000BB004E
:10186000000000000000E700000000000000E900A8
:10187000000000000000EA00000000000000007FFF
:101880000000000000000025000000000000007FB4
:1018900000000000000000F900000000000000420D
:1018A0000000000000000025000000000000003CD7
:1018B00000000000000000500000000000000030A8
:1018C0000E00000000000000EF000000000000001B
:1018D0000800000000000000F70000000000000009
:1018E000810000000000000008000000000000006F
:1018F000F300000000000000F10000000000000004
:10190000DC00000000000000002A000000000000D1
:1019100000DF0000000000000033000000000000B5
:1019200000650000000000000092000000000000C0
:10193000007F0000000000000036000000000000F2
:1019400000A70000000000000021000000000000CF
:101950000000E20000000000000081000000000024
:101960000000F0000000000000002B00000000005C
:101970000000E600000000000000E300000000009E
:101980000000E9000000000000000300000000006B
:101990000000F40000000000000000E5000000006E
:1019A00000000015000000000000001E0000000004
:1019B000000000ED00000000000000F60000000044
:1019C0000000007F00000000000000FC000000009C
:1019D0000000001C000000000000000F00000000DC
:1019E000000000000600000000000000AA00000047
:1019F00000000000040000000000000001000000E2
:101A00000000000081000000000000000400000051
:101A1000000000000300000000000000F4000000CF
:101A200000000000040000000000000000030000AF
:101A30000000000000B1000000000000007F000076
:101A400000000000000800000000000000B80000D6
:101A5000000000000078000000000000002A0000E4
:101A600000000000001700000000000000E000007F
:101A70000000000000000700000000000000DF0080
:101A80000000000000002900000000000000B2007B
:101A90000000000000008100000000000000CA00FB
:101AA000000000000000020000000000000015001F
:101AB000000000000000F400000000000000000C26
:101AC00000000000000000E3000000000000000B28
:101AD000000000000000007F00000000000000E7A0
:101AE00000000000000000ED0000000000000047C2
:101AF000000000000000001400000000000000FFD3
:101B00005A00000000000000460000000000000035
:101B10007F00000000000000AF0000000000000097
:101B2000C300000000000000710000000000000081
:101B3000E0000000000000002100000000000000A4
:101B4000150000000000000000EE00000000000092
:101B500000E0000000000000000C00000000000099
:101B6000000F000000000000003B0000000000002B
:101B7000002D0000000000000064000000000000D4
:101B8000001C000000000000007F000000000000BA
:101B900000000800000000000000E8000000000055
:101BA000000001000000000000000900000000002B
:101BB00000007F00000000000000040000000000A2
:101BC00000000600000000000000E400000000002B
:101BD0000000070000000000000000E4000000001A
:101BE0000000000C000000000000000600000000E3
:101BF0000000008100000000000000E30000000081
:101C00000000001C00000000000000CE00000000EA
:101C1000000000D600000000000000EC0000000002
:101C20000000000032000000000000001200000070
:101C300000000000F4000000000000006F00000041
:101C4000000000007F0000000000000017000000FE
:101C500000000000F000000000000000780000001C
:101C6000000000003A0000000000000000F5000045
:101C700000000000001A00000000000000FB00004F
:101C80000000000000F0000000000000007F0000E5
:101C90000000000000EE00000000000000FF000057
:101CA000000000000002000000000000000C000026
:101CB00000000000000091000000000000004A0049
:101CC0000000000000008100000000000000D200C1
:101CD000000000000000DD00000000000000CD005A
:101CE000000000000000F2000000000000000D00F5
:101CF000000000000000D6000000000000000019F5
:101D00000000000000000001000000000000000AC8
:101D100000000000000000EF000000000000007F55
:101D2000000000000000002400000000000000325D
:101D3000000000000000001A000000000000001673
:101D4000BA00000000000000C60000000000000013
:101D5000D800000000000000AB0000000000000000
:101D600081000000000000009F0000000000000053
:101D7000A900000000000000B90000000000000001
:101D8000B500000000000000004A00000000000054
:101D9000007F000000000000004C00000000000078
:101DA00000090000000000000059000000000000D1
:101DB00000D900000000000000D500000000000075
:101DC00000D100000000000000F50000000000004D
:101DD00000000600000000000000FE0000000000FF
:101DE00000001000000000000000060000000000DD
:101DF00000007F000000000000000D000000000057
:101E000000000700000000000000100000000000BB
:101E100000000600000000000000000500000000B7
:101E2000000000810000000000000014000000001D
:101E3000000000C600000000000000D2000000000A
:101E4000000000E800000000000000FE00000000AC
:101E50000000001900000000000000140000000055
:101E600000000000E300000000000000D6000000B9
:101E700000000000A200000000000000F4000000CC
:101E800000000000F700000000000000ED0000006E
:101E900000000000A9000000000000008100000018
:101EA00000000000FC0000000000000000F800003E
:101EB00000000000001800000000000000310000D9
:101EC0000000000000F3000000000000007F0000A0
:101ED0000000000000F60000000000000003000009
:101EE00000000000002700000000000000010000CA
:101EF0000000000000000A000000000000002600B2
:101F000000000000000000000000000000000B00C6
:101F1000000000000000810000000000000001003F
:101F2000000000000000FA00000000000000D900DE
:101F3000000000000000F20000000000000000F9B6
:101F400000000000000000E3000000000000000F9F
:101F5000000000000000004E00000000000000B47F
:101F60000000000000000008000000000000007FEA
:101F7000000000000000007300000000000000F3FB
:101F8000FC00000000000000D10000000000000084
:101F90001000000000000000BB0000000000000076
:101FA000B100000000000000A500000000000000DB
:101FB000E7000000000000007F00000000000000BB
:101FC000DB0000000000000000F80000000000003E
:101FD000003700000000000000FB000000000000CF
:101FE000001A000000000000007F00000000000058
:101FF00000290000000000000014000000000000A4
:102000000039000000000000000B0000000000008C
:1020100000008100000000000000950000000000AA
:102020000000BE00000000000000C300000000002F
:1020300000004000000000000000F9000000000067
:102040000000DD0000000000000062000000000051
:10205000000005000000000000000011000000006A
:1020600000000027000000000000000A000000003F
:102070000000000A000000000000007F00000000D7
:1020800000000005000000000000001B0000000030
:10209000000000FB0000000000000018000000002D
:1020A000000000008100000000000000CB000000E4
:1020B00000000000CB00000000000000DD00000078
:1020C00000000000AE000000000000009E000000C4
:1020D000000000000600000000000000E00000001A
:1020E00000000000CD0000000000000000810000A2
:1020F0000000000000BA00000000000000E5000041
:102100000000000000BA0000000000000093000082
:102110000000000000EE00000000000000BC000015
:1021200000000000009E00000000000000E8000029
:10213000000000000000F500000000000000810029
:10214000000000000000FD00000000000000F5009D
:102150000000000000002800000000000000F50062
:102160000000000000000000000000000000070068
:10217000000000000000FB00000000000000000262
:10218000000000000000000800000000000000F750
:1021900000000000000000EA000000000000007FD6
:1021A00000000000000000FB00000000000000FC38
:1021B00000000000000000FB00000000000000F82C
:1021C00005000000000000003A00000000000000D0
:1021D000F8000000000000005000000000000000B7
:1021E0007F000000000000001E0000000000000052
:1021F000E500000000000000DB000000000000001F
:10220000FA000000000000000009000000000000CB
:1022100000ED00000000000000F0000000000000E1
:10222000007F0000000000000075000000000000BA
:10223000001B000000000000004300000000000040
:1022400000F800000000000000E9000000000000AD
:10225000000005000000000000002A00000000004F
:102260000000F20000000000000019000000000063
:1022700000008100000000000000D5000000000008
:102280000000F000000000000000C5000000000099
:102290000000090000000000000000E7000000004E
:1022A00000000081000000000000000F000000009E
:1022B000000000FF00000000000000F1000000002E
:1022C000000000B600000000000000EE000000006A
:1022D0000000002100000000000000FA00000000E3
:1022E00000000000160000000000000037000000A1
:1022F00000000000F10000000000000008000000E5
:10230000000000007F000000000000003900000015
:1023100000000000DC00000000000000D40000000D
:10232000000000000D0000000000000000000000A0
:1023300000000000001500000000000000BF0000C9
:102340000000000000FA00000000000000F900009A
:1023500000000000008100000000000000000000FC
:102360000000000000E000000000000000E00000AD
:102370000000000000000600000000000000D8007F
:10238000000000000000F700000000000000FC005A
:1023900000000000000081000000000000001800A4
:1023A0000000000000000700000000000000E30043
:1023B0000000000000000300000000000000000E0C
:1023C000000000000000002B00000000000000FDE5
:1023D00000000000000000D40000000000000081A8
:1023E00000000000000000AE00000000000000EE51
:1023F000000000000000001400000000000000DDEC
:102400008E00000000000000150000000000000029
:102410007800000000000000A200000000000000A2
:1024200039000000000000007F00000000000000F4
:1024300099000000000000003100000000000000D2
:10244000700000000000000000B800000000000064
:1024500000E700000000000000EE000000000000A7
:1024600000D6000000000000008100000000000015
:10247000000800000000000000DE00000000000076
:1024800000C500000000000000E4000000000000A3
:10249000000069000000000000006600000000006D
:1024A00000005600000000000000150000000000C1
:1024B0000000CC0000000000000000000000000050
:1024C00000008100000000000000B50000000000D6
:1024D0000000CE00000000000000005A00000000D4
:1024E0000000004200000000000000D500000000D5
:1024F00000000011000000000000007F000000004C
:1025000000000023000000000000009B000000000D
:1025100000000000000000000000003B0000000080
:10252000000000005F000000000000007F000000CD
:10253000000000005E00000000000000230000001A
:10254000000000006B0000000000000071000000AF
:102550000000000009000000000000001100000061
:1025600000000000710000000000000000FA000000
:1025700000000000008100000000000000D6000004
:1025800000000000009A00000000000000B80000F9
:10259000000000000026000000000000008900008C
:1025A00000000000001E000000000000001F0000EE
:1025B0000000000000001F00000000000000C60036
:1025C000000000000000AF00000000000000CE008E
:1025D0000000000000009600000000000000DE0087
:1025E00000000000000097000000000000008100D3
:1025F000000000000000B000000000000000002209
:1026000000000000000000D700000000000000EC07
:10261000000000000000007F000000000000000833
:1026200000000000000000B90000000000000011E0
:10263000000000000000001900000000000000DAA7
:10264000F300000000000000D600000000000000C1
:10265000DD00000000000000140000000000000089
:10266000D800000000000000C600000000000000CC
:102670002500000000000000B10000000000000084
:102680008100000000000000007300000000000056
:102690000021000000000000008100000000000098
:1026A000003A000000000000009E00000000000052
:1026B00000AB00000000000000D600000000000099
:1026C00000C900000000000000FC00000000000045
:1026D0000000C800000000000000AA000000000088
:1026E0000000BB00000000000000C500000000006A
:1026F00000008100000000000000B80000000000A1
:102700000000A00000000000000096000000000093
:102710000000DF0000000000000000D90000000001
:10272000000000E800000000000000D900000000E8
:10273000000000F300000000000000EA00000000BC
:10274000000000FA00000000000000A500000000EA
:102750000000008100000000000000B80000000040
:10276000000000001000000000000000ED0000006C
:102770000000000021000000000000001600000022
:102780000000000043000000000000004D000000B9
:102790000000000025000000000000007F00000095
:1027A00000000000520000000000000000FC0000DB
:1027B00000000000003F00000000000000BC00001E
:1027C0000000000000FB00000000000000EB000023
:1027D00000000000005400000000000000FC0000A9
:1027E000000000000005000000000000007F000065
:1027F0000000000000001400000000000000CB00FA
:102800000000000000001E000000000000003A0070
:1028100000000000000059000000000000007200ED
:1028200000000000000052000000000000007F00D7
:10283000000000000000370000000000000000C1A0
:1028400000000000000000310000000000000067F0
:10285000000000000000008100000000000000EA0D
:10286000000000000000003300000000000000AA8B
:102870000000000000000092000000000000003591
:102880004200000000000000A40000000000000062
:102890001A00000000000000A80000000000000076
:1028A000810000000000000028000000000000007F
:1028B0009F00000000000000600000000000000019
:1028C000510000000000000000FC000000000000BB
:1028D000000F000000000000000D000000000000DC
:1028E0000010000000000000007F00000000000059
:1028F000004700000000000000D2000000000000BF
:10290000001B000000000000002600000000000086
:10291000000037000000000000004600000000003A
:102920000000120000000000000043000000000052
:1029300000005500000000000000E300000000005F
:1029400000007F00000000000000100000000000F8
:102950000000E60000000000000000C300000000CE
:10296000000000B200000000000000B700000000FE
:10297000000000B2000000000000008B000000001A
:102980000000008100000000000000F300000000D3
:10299000000000CE00000000000000A700000000C2
:1029A00000000000E6000000000000004000000001
:1029B00000000000CF00000000000000CC0000007C
:1029C000000000006500000000000000DB000000C7
:1029D000000000000E000000000000007F0000006A
:1029E00000000000E8000000000000000077000088
:1029F000000000000023000000000000008E000026
:102A0000000000000049000000000000000E00006F
:102A100000000000008100000000000000640000D1
:102A20000000000000FB0000000000000083000028
:102A3000000000000000F90000000000000030006D
:102A4000000000000000DB00000000000000D500D6
:102A50000000000000009A000000000000007F005D
:102A60000000000000003100000000000000320003
:102A7000000000000000B20000000000000000BAEA
:102A800000000000000000C700000000000000D2AD
:102A900000000000000000F30000000000000094AF
:102AA00000000000000000A900000000000000B1CC
:102AB000000000000000008100000000000000A9EC
:102AC0004800000000000000FB00000000000000C3
:102AD000A40000000000000008000000000000004A
:102AE000EB0000000000000081000000000000007A
:102AF000ED00000000000000D70000000000000012
:102B0000D6000000000000000027000000000000C8
:102B100000F400000000000000F2000000000000CF
:102B2000007F00000000000000170000000000000F
:102B30000004000000000000002100000000000070
:102B40000007000000000000000500000000000079
:102B50000000A10000000000000090000000000044
:102B600000008100000000000000030000000000E1
:102B700000000C0000000000000003000000000046
:102B8000000005000000000000001A000000000026
:102B90000000FE0000000000000000040000000033
:102BA0000000007F00000000000000A30000000003
:102BB000000000C4000000000000006700000000EA
:102BC000000000820000000000000024000000005F
:102BD0000000005C00000000000000EB00000000AE
:102BE00000000000890000000000000081000000DB
:102BF000000000009800000000000000BE0000007F
:102C000000000000BC00000000000000D700000031
:102C100000000000D400000000000000CB00000015
:102C200000000000D2000000000000000081000051
:102C30000000000000DF0000000000000045000070
:102C400000000000009900000000000000F80000F3
:102C5000000000000049000000000000009D00008E
:102C600000000000002500000000000000610000DE
:102C7000000000000000AB00000000000000910018
:102C800000000000000081000000000000001100B2
:102C90000000000000002200000000000000F00022
:102CA000000000000000400000000000000055008F
:102CB0000000000000005B000000000000000001B8
:102CC0000000000000000018000000000000005F8D
:102CD0000000000000000062000000000000004C46
:102CE000000000000000001E000000000000009234
:102CF000000000000000008100000000000000D380
:102D000092000000000000008100000000000000B0
:102D10001500000000000000F800000000000000A6
:102D20001400000000000000080000000000000087
:102D3000F500000000000000EE00000000000000B0
:102D40000200000000000000005800000000000029
:102D5000007E0000000000000021000000000000D4
:102D6000007F000000000000007C00000000000068
:102D7000004B0000000000000044000000000000C4
:102D8000002F000000000000002F000000000000E5
:102D900000003A00000000000000110000000000E8
:102DA0000000C4000000000000002A000000000035
:102DB0000000F100000000000000810000000000A1
:102DC00000000E00000000000000090000000000EC
:102DD0000000D50000000000000000BA0000000064
:102DE0000000008100000000000000A600000000BC
:102DF000000000B200000000000000A5000000007C
:102E0000000000C900000000000000EA000000000F
:102E1000000000F3000000000000001E00000000A1
:102E2000000000008100000000000000E800000039
:102E300000000000FB000000000000000E00000089
:102E400000000000F600000000000000F800000094
:102E5000000000000200000000000000EB00000085
:102E600000000000FB0000000000000000A20000C5
:102E700000000000009A00000000000000C70000F1
:102E80000000000000AC0000000000000081000015
:102E90000000000000C900000000000000C80000A1
:102EA0000000000000C700000000000000D6000085
:102EB000000000000000EE00000000000000FC0028
:102EC0000000000000002600000000000000570085
:102ED00000000000000068000000000000007F000B
:102EE0000000000000005400000000000000570037
:102EF0000000000000006E00000000000000000E56
:102F00000000000000000041000000000000004937
:102F1000000000000000003200000000000000651A
:102F2000000000000000007F00000000000000170B
:102F30000000000000000077000000000000005FBB
:102F4000FF000000000000003C0000000000000046
:102F50000D00000000000000F40000000000000070
:102F60007F000000000000001000000000000000D2
:102F7000E000000000000000E5000000000000008C
:102F8000ED00000000000000000C00000000000048
:102F9000004C000000000000007F00000000000066
:102FA00000EC000000000000002C00000000000009
:102FB00000280000000000000001000000000000E8
:102FC000005200000000000000600000000000004F
:102FD00000001500000000000000350000000000A7
:102FE0000000E9000000000000004D0000000000AB
:102FF00000002B00000000000000BE0000000000E8
:103000000000D90000000000000081000000000066
:103010000000CF00000000000000000900000000D8
:103020000000002400000000000000290000000053
:10303000000000DB00000000000000810000000034
:1030400000000092000000000000000400000000EA
:103050000000000100000000000000190000000056
:1030600000000000600000000000000046000000BA
:103070000000000042000000000000007F0000008F
:10308000000000000200000000000000C700000077
:1030900000000000E700000000000000BB0000008E
:1030A00000000000F40000000000000000D000005C
:1030B0000000000000FC0000000000000081000093
:1030C0000000000000C5000000000000008C0000AF
:1030D0000000000000C200000000000000CC000062
:1030E0000000000000B000000000000000DF000051
:1030F0000000000000005400000000000000380044
:10310000000000000000F5000000000000007F004B
:10311000000000000000F300000000000000DD00DF
:103120000000000000002D00000000000000E4008E
:10313000000000000000D600000000000000002F8A
:10314000000000000000003D000000000000000A38
:10315000000000000000002400000000000000EF5C
:10316000000000000000001800000000000000B493
:103170000000000000000081000000000000000DC1
:10318000F400000000000000AA00000000000000A1
:10319000C3000000000000003B0000000000000031
:1031A000CD00000000000000AB00000000000000A7
:1031B0007F00000000000000480000000000000048
:1031C000C1000000000000000047000000000000F7
:1031D00000C300000000000000BC00000000000070
:1031E00000790000000000000094000000000000D2
:1031F00000AB000000000000004B000000000000D9
:10320000008100000000000000DF0000000000005E
:103210000000B200000000000000180000000000E4
:1032200000003200000000000000A10000000000CB
:103230000000C8000000000000003F000000000087
:103240000000F2000000000000008100000000000B
:103250000000AF000000000000000054000000006B
:1032600000000028000000000000004800000000EE
:103270000000000D00000000000000F5000000004C
:103280000000004600000000000000AC000000004C
:103290000000008100000000000000D900000000D4
:1032A00000000000DD000000000000006C000000D5
:1032B000000000007F00000000000000A2000000ED
:1032C00000000000A8000000000000002400000032
:1032D00000000000D4000000000000009A00000080
:1032E00000000000E600000000000000007F000079
:1032F0000000000000750000000000000030000029
:10330000000000000036000000000000004D00003A
:103310000000000000400000000000000029000044
:10332000000000000011000000000000003000005C
:103330000000000000003000000000000000050058
:10334000000000000000E900000000000000D300C1
:10335000000000000000B10000000000000081003B
:1033600000000000000019000000000000002E0016
:10337000000000000000F00000000000000000520B
:10338000000000000000004E000000000000002DC2
:103390000000000000000051000000000000006577
:1033A000000000000000004F0000000000000001CD
:1033B000000000000000007F000000000000005A34
:1033C000D700000000000000140000000000000012
:1033D0005000000000000000C500000000000000D8
:1033E0009B00000000000000E7000000000000005B
:1033F000FD000000000000000A00000000000000C6
:10340000810000000000000000BB00000000000080
:1034100000BB00000000000000D40000000000001D
:1034200000ED00000000000000810000000000002E
:1034300000A9000000000000008B00000000000058
:1034400000DD00000000000000BA000000000000E5
:1034500000008200000000000000A1000000000049
:103460000000B40000000000000081000000000027
:103470000000F20000000000000002000000000058
:103480000000A300000000000000F50000000000A4
:103490000000FB00000000000000006200000000CF
:1034A00000000065000000000000000500000000B2
:1034B0000000005600000000000000760000000040
:1034C00000000055000000000000004B000000005C
:1034D00000000060000000000000007F000000000D
:1034E00000000000810000000000000083000000D8
:1034F000000000009200000000000000CB0000006F
:1035000000000000B100000000000000C400000046
:1035100000000000D400000000000000BE00000019
:1035200000000000D5000000000000000056000070
:1035300000000000007F00000000000000430000C9
:103540000000000000440000000000000026000011
:1035500000000000001600000000000000F900005C
:103560000000000000350000000000000026000000
:10357000000000000000F6000000000000000E0047
:103580000000000000000500000000000000E8004E
:10359000000000000000E60000000000000018002D
:1035A000000000000000D6000000000000008100C4
:1035B000000000000000DD0000000000000000C569
:1035C00000000000000000C80000000000000060D3
:1035D00000000000000000F800000000000000DC17
:1035E0000000000000000024000000000000008136
:1035F000000000000000009100000000000000F941
:10360000EA00000000000000E300000000000000ED
:10361000EB00000000000000EA00000000000000D5
:10362000EB00000000000000FB00000000000000B4
:103630000E000000000000008100000000000000FB
:10364000DC0000000000000000F5000000000000A9
:10365000007F000000000000003C000000000000AF
:103660000029000000000000000C00000000000025
:1036700000CF00000000000000410000000000003A
:1036800000E900000000000000020000000000004F
:1036900000000900000000000000F1000000000030
:1036A0000000FE00000000000000CA000000000052
:1036B0000000810000000000000033000000000056
:1036C0000000630000000000000067000000000030
:1036D00000001A0000000000000000DC00000000F4
:1036E000000000AA00000000000000DD0000000053
:1036F000000000E0000000000000007F000000006B
:103700000000000300000000000000C800000000EE
:10371000000000ED000000000000000400000000B8
:10372000000000002B000000000000005800000016
:1037300000000000FC00000000000000EC000000A1
:10374000000000008100000000000000F9000000FF
:1037500000000000D200000000000000F4000000A3
:1037600000000000F000000000000000005C00000D
:1037700000000000007F0000000000000032000098
:103780000000000000F8000000000000000200003F
:103790000000000000CE00000000000000B50000A6
:1037A00000000000008C00000000000000B00000DD
:1037B000000000000000FC00000000000000880085
:1037C0000000000000000D00000000000000960056
:1037D000000000000000B400000000000000AA008B
:1037E000000000000000CF00000000000000810089
:1037F000000000000000BB0000000000000000DD31
:103800000000000000000074000000000000007FC5
:103810000000000000000048000000000000004818
:103820000000000000000030000000000000006701
:103830000000000000000025000000000000000C57
:103840000800000000000000080000000000000068
:10385000EB00000000000000180000000000000065
:103860007F000000000000001B00000000000000BE
:10387000C400000000000000BB00000000000000C9
:10388000F20000000000000000380000000000000E
:1038900000190000000000000023000000000000EC
:1038A000001B000000000000007F0000000000007E
:1038B00000300000000000000011000000000000C7
:1038C00000470000000000000003000000000000AE
:1038D0000000B000000000000000A900000000008F
:1038E0000000F100000000000000190000000000CE
:1038F0000000980000000000000000000000000030
:10390000000067000000000000007F0000000000D1
:1039100000004600000000000000002A0000000037
:10392000000000E2000000000000000500000000B0
:1039300000000017000000000000001A0000000056
:1039400000000017000000000000007F00000000E1
:1039500000000035000000000000000A0000000028
:1039600000000000EE000000000000007F000000EA
:1039700000000000490000000000000041000000BD
:103980000000000003000000000000009D00000097
:10399000000000002B00000000000000FF000000FD
:1039A00000000000F50000000000000000250000FD
:1039B0000000000000B20000000000000025000030
:1039C0000000000000D300000000000000AD000077
:1039D0000000000000C100000000000000F3000033
:1039E00000000000008100000000000000DD000079
:1039F000000000000000F2000000000000001400C1
:103A00000000000000000200000000000000FB00B9
:103A1000000000000000D700000000000000EB00E4
:103A20000000000000007F00000000000000060011
:103A3000000000000000560000000000000000022E
:103A4000000000000000000700000000000000046B
:103A50000000000000000019000000000000007FCE
:103A600000000000000000ED00000000000000F970
:103A700000000000000000E100000000000000FB6A
:103A8000E7000000000000008100000000000000CE
:103A9000FB00000000000000F80000000000000033
:103AA0005E00000000000000370000000000000081
:103AB000E5000000000000004100000000000000E0
:103AC0005A00000000000000003600000000000066
:103AD000002B00000000000000BC000000000000FF
:103AE0000054000000000000001F00000000000063
:103AF00000B10000000000000037000000000000DE
:103B00000000000000000000008100000000000034
:103B100000002A000000000000000A000000000071
:103B20000000E3000000000000005800000000005A
:103B300000008100000000000000EA00000000001A
:103B40000000390000000000000036000000000006
:103B500000000000000000000000001D0000000048
:103B60000000000400000000000000BB0000000096
:103B70000000003D000000000000003C00000000CC
:103B80000000008100000000000000EC00000000C8
:103B90000000004300000000000000EC00000000F6
:103BA000000000000F000000000000007F00000087
:103BB0000000000021000000000000005000000094
:103BC000000000001200000000000000D100000012
:103BD000000000001500000000000000AE00000022
:103BE00000000000C700000000000000006C0000A2
:103BF00000000000001400000000000000D70000DA
:103C000000000000007200000000000000B800008A
:103C10000000000000AF000000000000007F000076
:103C20000000000000EE00000000000000D30000D3
:103C30000000000000004A00000000000000C60074
:103C400000000000000095000000000000007F0060
:103C50000000000000002F000000000000009000A5
:103C600000000000000063000000000000002D00C4
:103C7000000000000000BD0000000000000000EC9B
:103C800000000000000000F300000000000000AA97
:103C9000000000000000001F00000000000000E81D
:103CA00000000000000000B000000000000000CC98
:103CB0000000000000000081000000000000001F64
:103CC000C700000000000000BD0000000000000070
:103CD0000300000000000000CE0000000000000013
:103CE0008100000000000000B100000000000000A2
:103CF000EC00000000000000D80000000000000000
:103D0000D50000000000000000920000000000004C
:103D1000003D000000000000003200000000000034
:103D2000008100000000000000F30000000000001F
:103D3000001200000000000000EF00000000000082
:103D40000031000000000000000200000000000040
:103D50000000250000000000000035000000000009
:103D600000000800000000000000590000000000F2
:103D700000004200000000000000260000000000DB
:103D8000000072000000000000007F000000000042
:103D900000004E00000000000000002700000000AE
:103DA00000000007000000000000002C00000000E0
:103DB0000000001A000000000000004900000000A0
:103DC0000000000C000000000000007F0000000068
:103DD00000000068000000000000005E000000001D
:103DE00000000000BA000000000000008E0000008B
:103DF00000000000AF000000000000003A000000DA
:103E000000000000F1000000000000008C00000035
:103E10000000000047000000000000007F000000DC
:103E200000000000980000000000000000040000F6
:103E30000000000000F600000000000000FE00008E
:103E40000000000000F900000000000000E0000099
:103E50000000000000FF000000000000000F000054
:103E600000000000007F00000000000000EF0000E4
:103E7000000000000000B0000000000000000A0088
:103E8000000000000000760000000000000081003B
:103E90000000000000002D000000000000005100A4
:103EA0000000000000001400000000000000E70017
:103EB000000000000000200000000000000000FAE8
:103EC0000000000000000034000000000000003A84
:103ED00000000000000000D0000000000000000F03
:103EE000000000000000001F00000000000000D6DD
:103EF0000000000000000081000000000000000938
:103F00008D00000000000000C00000000000000064
:103F10001200000000000000F60000000000000099
:103F20007F000000000000002400000000000000EE
:103F30002400000000000000160000000000000047
:103F400021000000000000000062000000000000EE
:103F50000041000000000000003A000000000000E6
:103F600000D100000000000000310000000000004F
:103F7000007F0000000000000018000000000000AA
:103F8000001F000000000000003C000000000000D6
:103F90000000DA00000000000000D900000000006E
:103FA00000007F00000000000000E40000000000AE
:103FB000000005000000000000005A0000000000A2
:103FC0000000FB00000000000000220000000000D4
:103FD00000005E0000000000000000F30000000090
:103FE0000000001100000000000000EA00000000D6
:103FF000000000F900000000000000D800000000F0
:10400000000000E400000000000000EE00000000DE
:1040100000000081000000000000002000000000FF
:1040200000000000E100000000000000E3000000CC
:1040300000000000D5000000000000005300000058
:1040400000000000A700000000000000D3000000F6
:1040500000000000220000000000000081000000BD
:1040600000000000CA000000000000000001000085
:104070000000000000B200000000000000F000009E
:104080000000000000FD00000000000000810000B2
:1040900000000000000E000000000000000A000008
:1040A00000000000001900000000000000150000E2
:1040B000000000000000F600000000000000F40016
:1040C0000000000000000000000000000000DF0011
:1040D000000000000000ED00000000000000F600FD
:1040E0000000000000002600000000000000810029
:1040F000000000000000D00000000000000000B838
:10410000000000000000009E000000000000008190
:10411000000000000000001F000000000000005030
:1041200000000000000000FB00000000000000464E
:10413000000000000000006B0000000000000055BF
:10414000EA00000000000000810000000000000004
:10415000EC0000000000000015000000000000005E
:10416000F600000000000000EE000000000000006B
:104170004F000000000000004D00000000000000A3
:104180004000000000000000005C00000000000093
:104190000017000000000000009200000000000076
:1041A000004100000000000000DC000000000000F2
:1041B0000081000000000000005600000000000028
:1041C000003400000000000000B900000000000002
:1041D00000002B000000000000007F000000000035
:1041E0000000390000000000000005000000000091
:1041F00000003E0000000000000001000000000080
:104200000000050000000000000026000000000083
:104210000000F700000000000000006E0000000039
:104220000000009900000000000000D7000000001E
:104230000000007F00000000000000B3000000004C
:10424000000000BB0000000000000055000000005E
:104250000000002F00000000000000C2000000006D
:10426000000000007F000000000000000B000000C4
:1042700000000000C900000000000000F400000081
:104280000000000063000000000000001F000000AC
:1042900000000000EE000000000000002900000007
:1042A000000000003B0000000000000000F40000DF
:1042B00000000000000100000000000000030000FA
:1042C0000000000000FB00000000000000DC000017
:1042D00000000000004B00000000000000FF000094
:1042E000000000000081000000000000000C000041
:1042F000000000000000CE0000000000000081006F
:10430000000000000000F4000000000000001100A8
:104310000000000000001500000000000000F9008F
:104320000000000000000E0000000000000000007F
:104330000000000000000500000000000000005424
:10434000000000000000006D0000000000000058A8
:104350000000000000000045000000000000007F99
:104360000000000000000060000000000000005E8F
:104370000000000000000075000000000000003C8C
:10438000FD00000000000000FF0000000000000031
:10439000D0000000000000002E000000000000001F
:1043A0001600000000000000930000000000000064
:1043B0003D000000000000007F0000000000000041
:1043C000190000000000000000DB000000000000F9
:1043D00000F600000000000000F4000000000000F3
:1043E0000081000000000000000800000000000044
:1043F00000FA0000000000000009000000000000BA
:1044000000C800000000000000FF000000000000E5
:104410000000E700000000000000D50000000000E0
:104420000000E400000000000000E60000000000C2
:1044300000004C00000000000000EC000000000044
:1044400000002A000000000000007F0000000000C3
:1044500000000B0000000000000000510000000000
:1044600000000034000000000000004400000000D4
:1044700000000021000000000000004000000000DB
:104480000000001E00000000000000CD0000000041
:104490000000008100000000000000E100000000BA
:1044A0000000000009000000000000000F000000F4
:1044B000000000000600000000000000F8000000FE
:1044C000000000008100000000000000EF0000007C
:1044D00000000000E8000000000000001D000000D7
:1044E00000000000DC0000000000000000DB000015
:1044F0000000000000A100000000000000F6000025
:1045000000000000001A0000000000000081000010
:1045100000000000007600000000000000FD000028
:104520000000000000EC00000000000000D70000C8
:104530000000000000001C00000000000000D2008D
:10454000000000000000E300000000000000810007
:10455000000000000000D800000000000000F20091
:10456000000000000000880000000000000039008A
:104570000000000000004100000000000000000EEC
:10458000000000000000006400000000000000FDCA
:10459000000000000000003A0000000000000036AB
:1045A0000000000000000042000000000000007F4A
:1045B000000000000000006D000000000000007915
:1045C0000A000000000000000F00000000000000D2
:1045D0001A00000000000000E900000000000000D8
:1045E00081000000000000000E000000000000003C
:1045F0001100000000000000250000000000000085
:10460000140000000000000000F6000000000000A0
:1046100000A900000000000000B800000000000039
:1046200000CC00000000000000DD000000000000E1
:10463000006500000000000000E60000000000002F
:10464000007F000000000000007A00000000000071
:1046500000002F000000000000007B0000000000B0
:1046600000003E00000000000000ED00000000001F
:1046700000007F00000000000000EC0000000000CF
:104680000000A100000000000000A30000000000E6
:104690000000CC0000000000000000C3000000008B
:1046A0000000008800000000000000D800000000AA
:1046B000000000CE000000000000004E00000000DE
:1046C000000000E6000000000000004500000000BF
:1046D0000000007F0000000000000051000000000A
:1046E000000000009B00000000000000A700000088
:1046F000000000008100000000000000F200000047
:1047000000000000F2000000000000002D0000008A
:104710000000000055000000000000002F00000015
:10472000000000007700000000000000000E000004
:104730000000000000B40000000000000092000033
:1047400000000000000900000000000000810000DF
:104750000000000000310000000000000096000092
:104760000000000000A600000000000000E50000BE
:104770000000000000008F00000000000000AF00FB
:10478000000000000000E100000000000000DE006A
:104790000000000000007F00000000000000070093
:1047A00000000000000019000000000000000300ED
:1047B0000000000000000600000000000000007083
:1047C000000000000000001B00000000000000C40A
:1047D0000000000000000011000000000000005177
:1047E0000000000000000081000000000000002F19
:1047F00000000000000000390000000000000099E7
:10480000B600000000000000BF0000000000000033
:104810001000000000000000DA00000000000000AE
:1048200081000000000000009E0000000000000069
:10483000E300000000000000D900000000000000BC
:10484000BF00000000000000007900000000000030
:10485000007F000000000000004400000000000095
:104860000051000000000000002E000000000000C9
:10487000000900000000000000100000000000001F
:10488000000A00000000000000120000000000000C
:104890000000FF000000000000007D00000000009C
:1048A0000000210000000000000061000000000086
:1048B00000002000000000000000E40000000000F4
:1048C00000007F00000000000000D8000000000091
:1048D0000000C80000000000000000FF0000000011
:1048E0000000007F00000000000000120000000037
:1048F000000000F6000000000000004A0000000078
:10490000000000FB000000000000000800000000A4
:10491000000000240000000000000017000000005C
:1049200000000000D200000000000000F5000000C0
:10493000000000000200000000000000380000003D
:1049400000000000650000000000000042000000C0
:10495000000000003F0000000000000075000000A3
:10496000000000007F00000000000000007F000049
:10497000000000000036000000000000004F0000B2
:104980000000000000540000000000000072000061
:1049900000000000001500000000000000190000E9
:1049A00000000000000A000000000000005F00009E
:1049B00000000000000089000000000000008100ED
:1049C000000000000000A200000000000000F9004C
:1049D000000000000000FB00000000000000970045
:1049E000000000000000FB000000000000002100AB
:1049F000000000000000C600000000000000005899
:104A0000000000000000007F00000000000000F532
:104A10000000000000000079000000000000003CE1
:104A2000000000000000000000000000000000EA9C
:104A300000000000000000CA0000000000000003A9
:104A40001B00000000000000090000000000000042
:104A5000F000000000000000EE0000000000000078
:104A6000C100000000000000810000000000000004
:104A7000F400000000000000AF0000000000000093
:104A8000BE00000000000000004C0000000000001C
:104A9000005C00000000000000CD000000000000ED
:104AA000007F00000000000000680000000000001F
:104AB00000B200000000000000DD00000000000067
:104AC00000AE00000000000000D200000000000066
:104AD00000009400000000000000810000000000C1
:104AE0000000A100000000000000B900000000006C
:104AF00000008E00000000000000DB00000000004D
:104B00000000C800000000000000040000000000D9
:104B10000000E400000000000000000400000000AD
:104B20000000000C00000000000000090000000070
:104B30000000000500000000000000E2000000008E
:104B4000000000F9000000000000000F000000005D
:104B50000000008100000000000000DB00000000F9
:104B60000000000033000000000000007F00000093
:104B700000000000660000000000000019000000B6
:104B80000000000016000000000000002B000000E4
:104B900000000000F9000000000000000B00000011
:104BA00000000000050000000000000000F9000007
:104BB00000000000000E00000000000000040000E3
:104BC00000000000001600000000000000070000C8
:104BD0000000000000810000000000000000000054
:104BE00000000000001800000000000000BB0000F2
:104BF0000000000000007F00000000000000BC007A
:104C000000000000000095000000000000007B0094
:104C10000000000000003A00000000000000A500B5
:104C20000000000000003C000000000000005B00ED
:104C3000000000000000A700000000000000000DC0
:104C4000000000000000003F0000000000000027FE
:104C5000000000000000002D000000000000006FB8
:104C60000000000000000044000000000000007F81
:104C7000000000000000004C0000000000000019CF
:104C8000D200000000000000DE0000000000000074
:104C9000E400000000000000A80000000000000088
:104CA000BC00000000000000DB000000000000006D
:104CB00081000000000000009E00000000000000D5
:104CC000E10000000000000000D70000000000002C
:104CD00000DB00000000000000D000000000000029
:104CE0000009000000000000005300000000000068
:104CF000002400000000000000130000000000007D
:104D0000007F0000000000000030000000000000F4
:104D10000000060000000000000016000000000077
:104D200000000600000000000000FD000000000080
:104D300000008100000000000000290000000000C9
:104D40000000FA00000000000000CD00000000009C
:104D50000000170000000000000000A50000000097
:104D60000000008100000000000000CA00000000F8
:104D7000000000EF00000000000000B7000000008D
:104D8000000000F300000000000000B90000000077
:104D9000000000A9000000000000009D00000000CD
:104DA00000000000020000000000000008000000F9
:104DB00000000000000000000000000011000000E2
:104DC0000000000007000000000000001B000000C1
:104DD000000000000C000000000000008100000046
:104DE00000000000EB0000000000000000B3000025
:104DF0000000000000C500000000000000B6000038
:104E000000000000000900000000000000EB0000AE
:104E1000000000000007000000000000004F00003C
:104E200000000000004C000000000000007F0000B7
:104E3000000000000000010000000000000056001B
:104E400000000000000055000000000000006500A8
:104E500000000000000078000000000000002900B1
:104E60000000000000007F000000000000004C0077
:104E70000000000000001D000000000000000047CE
:104E8000000000000000006F000000000000002B88
:104E90000000000000000032000000000000007F61
:104EA00000000000000000270000000000000029B2
:104EB0000000000000000032000000000000002F91
:104EC000B000000000000000D7000000000000005B
:104ED0006F00000000000000C8000000000000009B
:104EE000DF0000000000000046000000000000009D
:104EF000CB0000000000000069000000000000007E
:104F00007F00000000000000000100000000000021
:104F100000B500000000000000C10000000000001B
:104F2000009E00000000000000C40000000000001F
:104F300000040000000000000081000000000000EC
:104F400000E300000000000000C0000000000000BE
:104F500000007F00000000000000040000000000CE
:104F600000008B0000000000000035000000000081
:104F700000002300000000000000CE000000000040
:104F80000000400000000000000058000000000089
:104F90000000B500000000000000003B0000000021
:104FA000000000CF00000000000000120000000020
:104FB0000000003C00000000000000250000000090
:104FC00000000032000000000000007F0000000030
:104FD0000000005700000000000000420000000038
:104FE00000000000EB0000000000000030000000A6
:104FF000000000000000000000000000D4000000DD
:1050000000000000D000000000000000F7000000D9
:1050100000000000B9000000000000008100000056
:1050200000000000B100000000000000000F0000C0
:105030000000000000F3000000000000001C000061
:105040000000000000E100000000000000F100008E
:1050500000000000007F00000000000000DF0000F2
:1050600000000000000A00000000000000630000D3
:10507000000000000000B6000000000000008100F9
:1050800000000000000091000000000000009600F9
:105090000000000000009800000000000000E40094
:1050A0000000000000008E00000000000000BF00B3
:1050B000000000000000D7000000000000000022F7
:1050C0000000000000000011000000000000005877
:1050D0000000000000000047000000000000003B4E
:1050E000000000000000001C000000000000007F25
:1050F0000000000000000030000000000000000A76
:10510000D90000000000000088000000000000003E
:105110008C00000000000000E30000000000000020
:10512000810000000000000093000000000000006B
:10513000E000000000000000F90000000000000096
:10514000D900000000000000003600000000000050
:1051500000560000000000000035000000000000C4
:1051600000DB00000000000000E400000000000080
:1051700000F60000000000000086000000000000B3
:1051800000AD0000000000000081000000000000F1
:1051900000005F000000000000004A000000000066
:1051A0000000F800000000000000200000000000E7
:1051B0000000CC00000000000000810000000000A2
:1051C00000000D00000000000000F20000000000E0
:1051D0000000CD00000000000000004200000000C0
:1051E000000000E100000000000000B80000000026
:1051F0000000007F000000000000003300000000FD
:10520000000000EE0000000000000044000000006C
:1052100000000079000000000000005200000000C3
:1052200000000000CE00000000000000810000002F
:1052300000000000E400000000000000AB000000DF
:1052400000000000C0000000000000003B00000063
:1052500000000000AF00000000000000EF000000B0
:1052600000000000440000000000000000050000F5
:105270000000000000EB00000000000000D2000071
:1052800000000000000B00000000000000BF000054
:105290000000000000A500000000000000D3000096
:1052A00000000000008100000000000000C10000BC
:1052B0000000000000001C0000000000000053007F
:1052C0000000000000002500000000000000F400C5
:1052D00000000000000081000000000000001D0030
:1052E00000000000000004000000000000000200B8
:1052F0000000000000001F0000000000000000BCD3
:10530000000000000000008100000000000000A577
:1053100000000000000000EA00000000000000AAF9
:1053200000000000000000C500000000000000A711
:1053300000000000000000000000000000000096D7
:10534000BF00000000000000DA00000000000000C4
:105350008100000000000000B1000000000000001B
:10536000F600000000000000DC000000000000006B
:10537000D800000000000000B8000000000000009D
:10538000AB0000000000000000DB00000000000097
:1053900000A900000000000000AC000000000000B8
:1053A00000EB000000000000008100000000000091
:1053B00000A900000000000000FE00000000000046
:1053C00000E9000000000000000F000000000000E5
:1053D00000000000000000000000D30000000000FA
:1053E0000000FF000000000000002E000000000090
:1053F00000008100000000000000E7000000000045
:105400000000110000000000000036000000000055
:10541000000037000000000000000027000000002E
:1054200000000021000000000000002B0000000030
:1054300000000051000000000000003D00000000DE
:105440000000005300000000000000780000000091
:1054500000000050000000000000007F000000007D
:105460000000000023000000000000003C000000DD
:105470000000000038000000000000001C000000D8
:1054800000000000470000000000000024000000B1
:105490000000000050000000000000007F0000003D
:1054A00000000000290000000000000000260000AD
:1054B00000000000002C000000000000004500007B
:1054C000000000000052000000000000005E00002C
:1054D0000000000000FE000000000000007F00004F
:1054E00000000000000C00000000000000FE0000B2
:1054F0000000000000003200000000000000420038
:10550000000000000000F3000000000000001F0089
:105510000000000000007F000000000000001700F5
:10552000000000000000E600000000000000D800BD
:10553000000000000000FA00000000000000000B66
:10554000000000000000001A00000000000000152C
:1055500000000000000000510000000000000019E1
:10556000000000000000002A000000000000007F92
:10557000000000000000006F000000000000003389
:1055800065000000000000007F0000000000000037
:105590003B00000000000000EF00000000000000E1
:1055A000F4000000000000005800000000000000AF
:1055B000E000000000000000B80000000000000053
:1055C0000B0000000000000000EE000000000000E2
:1055D00000D500000000000000C200000000000034
:1055E00000F2000000000000008100000000000048
:1055F00000EE00000000000000FA000000000000C3
:1056000000C50000000000000032000000000000A3
:1056100000009B000000000000009200000000005D
:105620000000EC000000000000001200000000007C
:105630000000D00000000000000081000000000019
:105640000000D00000000000000017000000000073
:105650000000A20000000000000000DB00000000CD
:105660000000000B00000000000000060000000029
:1056700000000081000000000000000400000000A5
:10568000000000FA00000000000000E3000000003D
:105690000000000200000000000000FE000000000A
:1056A000000000001E0000000000000029000000B3
:1056B000000000005600000000000000470000004D
:1056C0000000000059000000000000007F00000002
:1056D000000000004800000000000000580000002A
:1056E000000000006C00000000000000000100004D
:1056F0000000000000CD000000000000008100005C
:10570000000000000019000000000000000E000072
:105710000000000000C100000000000000140000B4
:1057200000000000002400000000000000B600009F
:1057300000000000000085000000000000002100C3
:105740000000000000003F00000000000000B60064
:10575000000000000000C100000000000000160072
:10576000000000000000D2000000000000008100E6
:10577000000000000000A10000000000000000BBCD
:105780000000000000000084000000000000001085
:105790000000000000000081000000000000000088
:1057A000000000000000002F00000000000000E3E7
:1057B0000000000000000032000000000000002790
:1057C000FF00000000000000D30000000000000007
:1057D000E5000000000000002000000000000000C4
:1057E0009A00000000000000DE0000000000000041
:1057F000D600000000000000810000000000000052
:10580000100000000000000000790000000000000F
:1058100000C800000000000000810000000000003F
:105820000070000000000000003A000000000000CE
:105830000096000000000000002B000000000000A7
:1058400000770000000000000024000000000000BD
:1058500000006300000000000000160000000000CF
:1058600000002700000000000000340000000000DD
:1058700000007F0000000000000036000000000073
:10588000000036000000000000003C0000000000A6
:1058900000006100000000000000007F0000000028
:1058A0000000003C000000000000000F00000000AD
:1058B00000000025000000000000002D0000000096
:1058C0000000000700000000000000FD00000000D4
:1058D00000000005000000000000000D00000000B6
:1058E00000000000EB00000000000000410000008C
:1058F000000000001200000000000000DA000000BC
:10590000000000007F0000000000000025000000F3
:1059100000000000FA00000000000000D6000000B7
:1059200000000000D90000000000000000A00000FE
:105930000000000000C900000000000000AB0000F3
:105940000000000000B5000000000000008F000013
:105950000000000000BE00000000000000E90000A0
:105960000000000000A50000000000000081000011
:105970000000000000008400000000000000BA00E9
:105980000000000000000D00000000000000810089
:105990000000000000004B000000000000002E008E
:1059A000000000000000E6000000000000004500CC
:1059B000000000000000010000000000000000FDE9
:1059C000000000000000008100000000000000C393
:1059D0000000000000000007000000000000007D43
:1059E000000000000000002D00000000000000EC9E
:1059F000000000000000005A000000000000000647
:105A00008800000000000000BA0000000000000054
:105A10008100000000000000FF0000000000000006
:105A20003C00000000000000F50000000000000045
:105A300063000000000000005D00000000000000A6
:105A4000320000000000000000C400000000000060
:105A500000AD00000000000000B6000000000000E3
:105A6000005C000000000000008100000000000059
:105A7000000C0000000000000032000000000000E8
:105A800000D3000000000000001200000000000031
:105A900000000200000000000000130000000000F1
:105AA0000000F700000000000000FE000000000001
:105AB00000008100000000000000FB00000000006A
:105AC0000000F600000000000000180000000000C8
:105AD0000000020000000000000000BB0000000009
:105AE00000000043000000000000003D0000000036
:105AF000000000D20000000000000058000000007C
:105B0000000000060000000000000081000000000E
:105B10000000003D00000000000000360000000012
:105B200000000000FE00000000000000090000006E
:105B3000000000000700000000000000210000003D
:105B400000000000C700000000000000100000007E
:105B50000000000021000000000000007F000000A5
:105B6000000000000C00000000000000000F00001A
:105B700000000000000300000000000000F800002A
:105B800000000000007F00000000000000A50000F1
:105B90000000000000EE000000000000002F0000E8
:105BA00000000000002C00000000000000020000C7
:105BB000000000000000D100000000000000130001
:105BC0000000000000001C00000000000000280091
:105BD0000000000000003E000000000000007F0008
:105BE0000000000000002500000000000000470049
:105BF000000000000000570000000000000000CD81
:105C000000000000000000C200000000000000CE04
:105C100000000000000000FF000000000000008104
:105C2000000000000000000000000000000000D99B
:105C300000000000000000C700000000000000E2BB
:105C4000B20000000000000055000000000000004D
:105C500038000000000000009D000000000000006F
:105C600023000000000000005600000000000000BB
:105C7000970000000000000081000000000000000C
:105C8000E500000000000000000800000000000027
:105C900000B400000000000000C50000000000008B
:105CA000003100000000000000B300000000000010
:105CB00000DF000000000000000100000000000004
:105CC000007F00000000000000060000000000004F
:105CD0000000170000000000000056000000000057
:105CE0000000E900000000000000E90000000000E2
:105CF00000007F000000000000000800000000001D
:105D000000003300000000000000EC000000000074
:105D100000001B0000000000000000F60000000072
:105D2000000000550000000000000010000000000E
:105D300000000030000000000000002A0000000009
:105D40000000002500000000000000080000000026
:105D500000000073000000000000007F0000000051
:105D6000000000007F000000000000000A000000AA
:105D700000000000740000000000000007000000A8
:105D8000000000009B000000000000000D0000006B
:105D900000000000EB00000000000000C300000055
:105DA00000000000E500000000000000003D0000D1
:105DB00000000000002900000000000000EE0000CC
:105DC00000000000002B00000000000000C80000E0
:105DD000000000000086000000000000002200001B
:105DE0000000000000BF0000000000000081000073
:105DF000000000000000810000000000000004001E
:105E00000000000000002300000000000000D3009C
:105E10000000000000002C00000000000000F7005F
:105E200000000000000016000000000000001B0041
:105E3000000000000000010000000000000000FA67
:105E400000000000000000FC00000000000000F75F
:105E500000000000000000F6000000000000007FCD
:105E600000000000000000F800000000000000F644
:105E700000000000000000F300000000000000FD32
:105E8000DA000000000000008100000000000000B7
:105E9000C300000000000000F0000000000000004F
:105EA0003B000000000000001D000000000000009A
:105EB00004000000000000003400000000000000AA
:105EC000F800000000000000008100000000000059
:105ED00000B500000000000000D00000000000003D
:105EE00000DE00000000000000D8000000000000FC
:105EF000002B00000000000000580000000000001F
:105F000000550000000000000055000000000000E7
:105F10000000F2000000000000000D000000000082
:105F2000000013000000000000000200000000005C
:105F300000002D000000000000000800000000002C
:105F40000000FE00000000000000810000000000D2
:105F50000000C10000000000000000090000000077
:105F60000000007A00000000000000F600000000C1
:105F70000000001100000000000000FF0000000011
:105F8000000000F7000000000000007F000000009B
:105F9000000000EF00000000000000F20000000020
:105FA000000000004B00000000000000390000006D
:105FB000000000003F00000000000000F4000000AE
:105FC000000000002B000000000000002600000080
:105FD000000000000D000000000000007F00000035
:105FE00000000000F50000000000000000B8000004
:105FF000000000000092000000000000008100008E
:106000000000000000DB00000000000000F30000C2
:106010000000000000E50000000000000039000062
:106020000000000000740000000000000064000098
:106030000000000000003A000000000000001F0007
:106040000000000000001200000000000000F0004E
:1060500000000000000026000000000000002A00F0
:106060000000000000008100000000000000AC0003
:10607000000000000000C20000000000000000A9B5
:10608000000000000000004B000000000000002C99
:1060900000000000000000F000000000000000E828
:1060A000000000000000007F00000000000000BFB2
:1060B000000000000000009900000000000000AD9A
:1060C000010000000000000081000000000000004E
:1060D000F8000000000000000A00000000000000BE
:1060E000DA00000000000000F600000000000000E0
:1060F0000900000000000000100000000000000087
:10610000050000000000000000E7000000000000A3
:106110000022000000000000002800000000000035
:1061200000FA000000000000002C00000000000049
:1061300000E9000000000000000100000000000075
:1061400000EE0000000000000081000000000000E0
:10615000000030000000000000003D0000000000D2
:1061600000005100000000000000D100000000000D
:1061700000000B000000000000000700000000000D
:106180000000B000000000000000810000000000DE
:106190000000AF0000000000000000DC0000000074
:1061A0000000008100000000000000FE0000000070
:1061B000000000E3000000000000005700000000A5
:1061C000000000F200000000000000F900000000E4
:1061D0000000000B000000000000000C00000000A8
:1061E00000000000F000000000000000FA000000C5
:1061F00000000000ED00000000000000230000008F
:10620000000000007F00000000000000E800000027
:106210000000000029000000000000005000000005
:1062200000000000F4000000000000000005000075
:10623000000000000008000000000000007F0000D7
:1062400000000000001200000000000000E6000056
:1062500000000000007400000000000000F30000D7
:106260000000000000030000000000000024000007
:106270000000000000001B000000000000003F00C4
:106280000000000000000D000000000000004100C0
:10629000000000000000EE000000000000001E00F2
:1062A000000000000000ED00000000000000810080
:1062B0000000000000000E0000000000000000FDD3
:1062C00000000000000000F500000000000000FFDA
:1062D00000000000000000F6000000000000007F49
:1062E000000000000000000B00000000000000FAA9
:1062F00000000000000000ED00000000000000FAB7
:10630000D20000000000000081000000000000003A
:106310003200000000000000F1000000000000005A
:10632000A2000000000000005A0000000000000071
:10633000DA0000000000000044000000000000003F
:10634000560000000000000000DF00000000000018
:1063500000AB000000000000008100000000000011
:1063600000E400000000000000F200000000000057
:1063700000BB00000000000000EB00000000000077
:10638000001300000000000000DA00000000000020
:1063900000000600000000000000EE000000000009
:1063A00000000E00000000000000EF0000000000F0
:1063B00000007F0000000000000045000000000019
:1063C00000001700000000000000D70000000000DF
:1063D0000000370000000000000000000000000086
:1063E000000000C4000000000000003300000000B6
:1063F0000000008100000000000000A30000000079
:106400000000001900000000000000D000000000A3
:106410000000002300000000000000F70000000062
:10642000000000007F000000000000007600000077
:1064300000000000BA00000000000000470000005B
:106440000000000091000000000000009E0000001D
:1064500000000000E6000000000000009A000000BC
:1064600000000000EA00000000000000000B000037
:1064700000000000002A00000000000000030000EF
:106480000000000000E9000000000000007F0000A4
:106490000000000000F900000000000000FE000005
:1064A0000000000000EB00000000000000FD000004
:1064B000000000000000F6000000000000000900DD
:1064C0000000000000001F00000000000000EB00C2
:1064D0000000000000002D00000000000000F80097
:1064E0000000000000004B00000000000000CE0093
:1064F00000000000000081000000000000000039E2
:1065000000000000000000EC00000000000000811E
:10651000000000000000002A00000000000000262B
:10652000000000000000009D000000000000003995
:1065300000000000000000630000000000000002F6
:10654000F9000000000000000E0000000000000044
:106550000700000000000000F20000000000000042
:106560007F00000000000000140000000000000098
:106570000E000000000000001100000000000000FC
:106580000900000000000000002F000000000000D3
:10659000007F00000000000000300000000000004C
:1065A00000EF000000000000000D000000000000EF
:1065B000004900000000000000FB00000000000097
:1065C00000C80000000000000014000000000000EF
:1065D000000027000000000000001600000000007E
:1065E000000035000000000000000B00000000006B
:1065F00000003F000000000000002100000000003B
:1066000000007F000000000000003F0000000000CC
:1066100000005700000000000000005500000000CE
:106620000000000F000000000000008F00000000CC
:106630000000007F00000000000000BA0000000021
:10664000000000AD0000000000000040000000005D
:10665000000000F900000000000000BF0000000082
:10666000000000002500000000000000C500000040
:1066700000000000AA00000000000000F900000077
:10668000000000008100000000000000C8000000C1
:1066900000000000E300000000000000E700000030
:1066A00000000000B200000000000000003F0000F9
:1066B00000000000004900000000000000DB0000B6
:1066C0000000000000FB000000000000007F000050
:1066D0000000000000D8000000000000000A0000D8
:1066E00000000000005200000000000000D5000083
:1066F000000000000000AF00000000000000DE000D
:10670000000000000000DE00000000000000CB00E0
:10671000000000000000BF00000000000000C300F7
:106720000000000000008100000000000000C20026
:10673000000000000000E100000000000000002157
:1067400000000000000000700000000000000010C9
:10675000000000000000002F000000000000007F8B
:1067600000000000000000300000000000000013E6
:1067700000000000000000550000000000000011B3
:10678000D200000000000000E40000000000000053
:106790004000000000000000B90000000000000000
:1067A000070000000000000043000000000000009F
:1067B0001C000000000000002E000000000000008F
:1067C0007F000000000000000070000000000000DA
:1067D000007A00000000000000F900000000000046
:1067E0000055000000000000002E00000000000026
:1067F0000081000000000000002B000000000000ED
:1068000000EA000000000000008500000000000019
:10681000000017000000000000005C000000000005
:1068200000003500000000000000E0000000000053
:1068300000000C0000000000000009000000000043
:1068400000008100000000000000E70000000000E0
:106850000000C80000000000000000F5000000007B
:106860000000002100000000000000E8000000001F
:1068700000000017000000000000001F00000000E2
:10688000000000F80000000000000081000000008F
:106890000000009900000000000000E90000000076
:1068A000000000000C00000000000000FA000000E2
:1068B000000000002A000000000000004800000066
:1068C000000000007F000000000000002400000025
:1068D00000000000F7000000000000003800000089
:1068E000000000000600000000000000001500008D
:1068F0000000000000620000000000000033000003
:10690000000000000032000000000000007F0000D6
:1069100000000000002800000000000000F8000057
:1069200000000000009500000000000000C9000009
:106930000000000000004C00000000000000CC003F
:1069400000000000000081000000000000004C007A
:106950000000000000004B00000000000000B80034
:106960000000000000002F00000000000000D80020
:10697000000000000000CB00000000000000000D3F
:1069800000000000000000ED00000000000000FA20
:10699000000000000000000F000000000000001FC9
:1069A00000000000000000DE000000000000000FFA
:1069B000000000000000007F000000000000000058
:1069C000FA0000000000000063000000000000006A
:1069D0003200000000000000B800000000000000CD
:1069E00081000000000000005D00000000000000C9
:1069F000C900000000000000DD00000000000000F1
:106A00000D0000000000000000F900000000000080
:106A100000DD00000000000000E9000000000000B0
:106A2000006E000000000000008100000000000077
:106A300000F100000000000000F500000000000070
:106A400000B600000000000000D0000000000000C0
:106A500000006200000000000000F90000000000DB
:106A60000000C30000000000000040000000000023
:106A700000008100000000000000DC0000000000B9
:106A8000000041000000000000001E0000000000A7
:106A90000000EE00000000000000000A00000000FE
:106AA000000000C0000000000000008100000000A5
:106AB0000000000400000000000000E100000000F1
:106AC000000000C700000000000000F5000000000A
:106AD000000000F100000000000000E400000000E1
:106AE00000000000AA000000000000009700000065
:106AF00000000000D100000000000000CB000000FA
:106B000000000000AF000000000000007200000064
:106B10000000000024000000000000004D00000004
:106B2000000000007F0000000000000000EC0000FA
:106B30000000000000B000000000000000D50000D0
:106B40000000000000CB00000000000000BA0000C0
:106B500000000000007F00000000000000DE0000D8
:106B60000000000000000000000000000014000011
:106B7000000000000000F10000000000000015000F
:106B8000000000000000FE00000000000000F50012
:106B9000000000000000810000000000000025004F
:106BA000000000000000330000000000000034007E
:106BB0000000000000003100000000000000005252
:106BC00000000000000000ED0000000000000011C7
:106BD000000000000000003600000000000000344B
:106BE000000000000000000F00000000000000F4A2
:106BF000000000000000007F0000000000000029ED
:106C0000FB00000000000000F70000000000000092
:106C1000FD000000000000009E00000000000000D9
:106C200003000000000000000A0000000000000057
:106C3000BA00000000000000810000000000000019
:106C4000CE0000000000000000EF00000000000087
:106C500000DE00000000000000F70000000000005F
:106C600000D70000000000000081000000000000CC
:106C700000D100000000000000E300000000000060
:106C800000E100000000000000FA00000000000029
:106C900000009D00000000000000880000000000CF
:106CA00000009900000000000000980000000000B3
:106CB0000000A400000000000000BA000000000076
:106CC00000008500000000000000B7000000000088
:106CD00000008100000000000000005800000000DB
:106CE00000000012000000000000007F0000000013
:106CF0000000003100000000000000F30000000070
:106D0000000000140000000000000043000000002C
:106D1000000000E100000000000000510000000041
:106D2000000000000E00000000000000E200000073
:106D30000000000081000000000000004100000091
:106D4000000000009800000000000000A700000004
:106D5000000000000D00000000000000D600000050
:106D600000000000E8000000000000000037000004
:106D70000000000000F6000000000000000000001D
:106D8000000000000028000000000000008100005A
:106D90000000000000EF0000000000000001000003
:106DA0000000000000E700000000000000130000E9
:106DB0000000000000000A000000000000000F00BA
:106DC0000000000000000700000000000000E000DC
:106DD00000000000000081000000000000000C0026
:106DE0000000000000000800000000000000F100AA
:106DF0000000000000001F0000000000000000E98B
:106E000000000000000000280000000000000065F5
:106E10000000000000000041000000000000003EF3
:106E2000000000000000004B000000000000007F98
:106E300000000000000000FA000000000000002C2C
:106E40009200000000000000A5000000000000000B
:106E50000B00000000000000AB000000000000007C
:106E60008C000000000000009F00000000000000F7
:106E7000CD000000000000008100000000000000C4
:106E8000A400000000000000007F000000000000DF
:106E90000053000000000000003800000000000067
:106EA0000057000000000000000D0000000000007E
:106EB00000FE000000000000000B000000000000C9
:106EC00000FF0000000000000000000000000000C3
:106ED000000053000000000000003D000000000022
:106EE00000004C000000000000002F000000000027
:106EF00000007F000000000000006F0000000000A4
:106F0000000028000000000000001D00000000003C
:106F100000005900000000000000002600000000F2
:106F20000000007F00000000000000E800000000FA
:106F3000000000D500000000000000F30000000089
:106F4000000000AF00000000000000DA00000000B8
:106F5000000000C600000000000000D30000000098
:106F6000000000001D000000000000001C000000E8
:106F7000000000005D0000000000000001000000B3
:106F800000000000C000000000000000320000000F
:106F9000000000004200000000000000FA000000B5
:106FA000000000007F00000000000000005400000E
:106FB000000000000034000000000000006300003A
:106FC000000000000037000000000000000F00007B
:106FD0000000000000F8000000000000007F00003A
:106FE000000000000076000000000000002100000A
:106FF000000000000000EF00000000000000C200E0
:107000000000000000008100000000000000FE0001
:10701000000000000000BE00000000000000A4000E
:107020000000000000000B000000000000000F0046
:10703000000000000000EA00000000000000007FE7
:1070400000000000000000F700000000000000E960
:107050000000000000000031000000000000002ED1
:1070600000000000000000FA000000000000001214
:10707000000000000000002D0000000000000013D0
:10708000FF00000000000000010000000000000000
:107090000000000000000000FC00000000000000F4
:1070A0002B000000000000000100000000000000B4
:1070B000FB00000000000000810000000000000054
:1070C00007000000000000000017000000000000A2
:1070D000008100000000000000B20000000000007D
:1070E0000022000000000000000A00000000000074
:1070F0000013000000000000000600000000000077
:1071000000FD00000000000000F000000000000092
:1071100000003A0000000000000023000000000012
:1071200000002400000000000000400000000000FB
:1071300000003400000000000000760000000000A5
:107140000000660000000000000079000000000060
:1071500000007F0000000000000000DA00000000D6
:10716000000000EF00000000000000E6000000004A
:1071700000000003000000000000002300000000E9
:1071800000000004000000000000007F000000007C
:107190000000007F00000000000000F3000000007D
:1071A000000000009600000000000000E500000064
:1071B00000000000A000000000000000F30000003C
:1071C00000000000B200000000000000A20000006B
:1071D00000000000B400000000000000810000007A
:1071E00000000000CC0000000000000000D40000FF
:1071F0000000000000A600000000000000BF00002A
:107200000000000000D2000000000000008100002B
:107210000000000000B900000000000000C80000ED
:1072200000000000002300000000000000B2000089
:10723000000000000000BD00000000000000AF00E2
:107240000000000000008E00000000000000FA00B6
:10725000000000000000EF000000000000008100BE
:1072600000000000000013000000000000001F00EC
:10727000000000000000D000000000000000003608
:1072800000000000000000190000000000000004E1
:1072900000000000000000D4000000000000003DDD
:1072A00000000000000000F7000000000000007176
:1072B000000000000000004D000000000000007F02
:1072C0004A00000000000000340000000000000040
:1072D0004200000000000000550000000000000017
:1072E0004600000000000000540000000000000004
:1072F0007F000000000000006200000000000000AD
:107300003500000000000000000C0000000000003C
:107310000009000000000000003B00000000000029
:1073200000F000000000000000E700000000000086
:10733000006A000000000000002F000000000000B4
:10734000007F000000000000004E00000000000070
:107350000000F50000000000000010000000000028
:1073600000001F00000000000000B6000000000048
:10737000000033000000000000007F00000000005B
:107380000000C700000000000000600000000000D6
:107390000000290000000000000000B00000000014
:1073A0000000008100000000000000D50000000087
:1073B000000000B300000000000000CB000000004F
:1073C000000000F400000000000000CB00000000FE
:1073D000000000BA00000000000000D7000000001C
:1073E000000000000D000000000000000700000089
:1073F00000000000F900000000000000150000007F
:1074000000000000810000000000000006000000F5
:10741000000000003A0000000000000043000000EF
:107420000000000033000000000000000091000098
:1074300000000000009F000000000000009200001B
:10744000000000000006000000000000007F0000B7
:10745000000000000009000000000000000800001B
:1074600000000000000D00000000000000D6000039
:10747000000000000000F4000000000000006500B3
:107480000000000000007F00000000000000E80095
:10749000000000000000A900000000000000310012
:1074A000000000000000E600000000000000E30013
:1074B000000000000000F10000000000000000E0FB
:1074C00000000000000000FA00000000000000F5CD
:1074D00000000000000000BE0000000000000011DD
:1074E000000000000000006100000000000000F843
:1074F000000000000000008100000000000000BF4C
:10750000D200000000000000920000000000000017
:10751000C200000000000000FE00000000000000AB
:10752000ED000000000000008100000000000000ED
:10753000FA0000000000000027000000000000002A
:10754000C400000000000000007F000000000000F8
:107550000064000000000000004200000000000085
:10756000000900000000000000BC00000000000056
:10757000002900000000000000950000000000004D
:1075800000A100000000000000C400000000000096
:107590000000C800000000000000BD000000000066
:1075A0000000DC000000000000008100000000007E
:1075B00000006700000000000000FF000000000065
:1075C0000000C600000000000000190000000000DC
:1075D0000000020000000000000000A50000000004
:1075E0000000004000000000000000090000000052
:1075F000000000D1000000000000003C000000007E
:107600000000004A000000000000008100000000AF
:10761000000000B700000000000000E500000000CE
:1076200000000000C9000000000000008100000010
:1076300000000000A400000000000000E6000000C0
:10764000000000009A00000000000000940000000C
:10765000000000008300000000000000AC000000FB
:107660000000000088000000000000000000000092
:107670000000000000CB00000000000000FA000045
:107680000000000000F70000000000000081000082
:107690000000000000ED00000000000000F100000C
:1076A0000000000000ED00000000000000EC000001
:1076B000000000000000CA00000000000000E90017
:1076C000000000000000E100000000000000E000F9
:1076D000000000000000BF00000000000000DF000C
:1076E000000000000000BA0000000000000081005F
:1076F000000000000000F700000000000000006C27
:1077000000000000000000470000000000000071C1
:107710000000000000000026000000000000005CE7
:10772000000000000000007F000000000000003B9F
:107730000000000000000048000000000000007A87
:107740005E000000000000002C00000000000000AF
:107750006E0000000000000030000000000000008B
:1077600026000000000000003800000000000000BB
:107770004D00000000000000580000000000000064
:107780007F0000000000000000EE0000000000008C
:10779000000A00000000000000FC000000000000E3
:1077A00000EF00000000000000E500000000000005
:1077B00000DE00000000000000EB00000000000000
:1077C00000980000000000000081000000000000A0
:1077D000000029000000000000000300000000007D
:1077E00000001C000000000000000100000000007C
:1077F00000007F000000000000000D0000000000FD
:1078000000002F000000000000004A0000000000FF
:10781000000023000000000000000038000000000D
:107820000000007F000000000000001C00000000BD
:1078300000000009000000000000000F0000000030
:10784000000000F90000000000000002000000003D
:10785000000000E30000000000000016000000002F
:1078600000000000FB000000000000000400000019
:1078700000000000FB000000000000000B00000002
:10788000000000008100000000000000F200000085
:10789000000000000100000000000000FC000000EB
:1078A00000000000E10000000000000000FD0000FA
:1078B00000000000000300000000000000FB0000CA
:1078C0000000000000CC000000000000008100006B
:1078D00000000000006200000000000000ED000059
:1078E0000000000000F300000000000000FC0000A9
:1078F000000000000000FE00000000000000DF00AB
:107900000000000000001300000000000000E9007B
:1079100000000000000081000000000000002000C6
:1079200000000000000017000000000000001C0024
:10793000000000000000F90000000000000000EE60
:10794000000000000000007F0000000000000015A3
:1079500000000000000000070000000000000055CB
:107960000000000000000079000000000000002F6F
:1079700000000000000000060000000000000004FD
:107980000A00000000000000DE000000000000000F
:10799000B900000000000000150000000000000019
:1079A0008100000000000000D9000000000000007D
:1079B000AD000000000000009B000000000000007F
:1079C000FB0000000000000000D7000000000000E5
:1079D00000DD00000000000000F5000000000000D5
:1079E00000810000000000000017000000000000FF
:1079F00000EE00000000000000CF000000000000CA
:107A000000CB00000000000000F7000000000000B4
:107A1000000007000000000000000F000000000050
:107A20000000FA0000000000000034000000000028
:107A30000000DE0000000000000005000000000063
:107A400000007F00000000000000FD0000000000BA
:107A500000000F00000000000000000B000000000C
:107A60000000001200000000000000F6000000000E
:107A7000000000FC000000000000007F000000008B
:107A800000000017000000000000001C00000000C3
:107A900000000024000000000000000700000000BB
:107AA00000000000DE00000000000000EA0000000E
:107AB00000000000FD00000000000000D3000000F6
:107AC00000000000E700000000000000E4000000EB
:107AD00000000000A000000000000000A200000064
:107AE0000000000081000000000000000081000094
:107AF0000000000000C200000000000000DE0000E6
:107B000000000000008F00000000000000DF000007
:107B100000000000002D00000000000000CC00006C
:107B200000000000000000000000000000F700005E
:107B300000000000000045000000000000007F0081
:107B4000000000000000D5000000000000001E0042
:107B50000000000000004400000000000000AC0035
:107B600000000000000023000000000000001200E0
:107B7000000000000000AB0000000000000000FE5C
:107B8000000000000000000D00000000000000EBFD
:107B9000000000000000001A00000000000000E7E4
:107BA0000000000000000081000000000000000D47
:107BB00000000000000000BC00000000000000C148
:107BC000FE000000000000000400000000000000B3
:107BD000090000000000000000000000000000009C
:107BE0008100000000000000100000000000000004
:107BF000FC00000000000000110000000000000078
:107C00000C000000000000000077000000000000F1
:107C1000007F000000000000004C00000000000099
:107C2000001D00000000000000E300000000000054
:107C3000000D00000000000000E300000000000054
:107C400000E300000000000000140000000000003D
:107C500000008100000000000000B80000000000EB
:107C60000000D600000000000000AD000000000091
:107C70000000F300000000000000260000000000EB
:107C80000000AF000000000000009A0000000000AB
:107C900000001E0000000000000000440000000082
:107CA0000000000100000000000000CE0000000005
:107CB0000000007400000000000000DF0000000071
:107CC0000000008F000000000000004000000000E5
:107CD000000000C70000000000000081000000005C
:107CE000000000007F00000000000000F90000001C
:107CF000000000000300000000000000520000002F
:107D00000000000017000000000000001B00000041
:107D10000000000038000000000000005E000000CD
:107D2000000000004F0000000000000000240000E0
:107D3000000000000002000000000000004E0000F3
:107D400000000000004400000000000000260000C9
:107D500000000000007F000000000000001E000086
:107D6000000000000056000000000000005B000062
:107D70000000000000000D000000000000001300E3
:107D8000000000000000250000000000000044008A
:107D9000000000000000F2000000000000000700EA
:107DA0000000000000007F000000000000001E0036
:107DB0000000000000006A000000000000000081D8
:107DC00000000000000000D300000000000000CD13
:107DD00000000000000000DC0000000000000006C1
:107DE00000000000000000E700000000000000C7E5
:107DF00000000000000000D800000000000000C8E3
:107E000081000000000000001100000000000000E0
:107E10002B00000000000000130000000000000024
:107E20001C00000000000000050000000000000031
:107E30008C000000000000000F00000000000000A7
:107E40002A00000000000000008F00000000000079
:107E500000BF000000000000007F000000000000E4
:107E600000B7000000000000000900000000000052
:107E7000003700000000000000CB00000000000000
:107E8000000D0000000000000026000000000000BF
:107E9000000000000000000000001E0000000000C4
:107EA00000007F00000000000000CC000000000087
:107EB0000000F8000000000000002F00000000009B
:107EC0000000FA00000000000000EA0000000000CE
:107ED00000003D0000000000000000C000000000A5
:107EE0000000001100000000000000CB00000000B6
:107EF00000000011000000000000002E0000000043
:107F0000000000FC000000000000002D0000000048
:107F10000000007F000000000000001F00000000C3
:107F200000000000CC00000000000000F300000092
:107F3000000000000F00000000000000E70000004B
:107F400000000000CE000000000000000300000060
:107F5000000000007F000000000000001D00000085
:107F600000000000360000000000000000050000D6
:107F700000000000001000000000000000020000EF
:107F8000000000000001000000000000007F000071
:107F900000000000001B00000000000000FE0000C8
:107FA0000000000000F600000000000000FD0000DE
:107FB000000000000000F4000000000000000600C7
:107FC000000000000000E20000000000000032009D
:107FD0000000000000007F00000000000000E6003C
:107FE0000000000000002F000000000000007C00E6
:107FF0000000000000000B0000000000000000F383
:10800000000000000000003C000000000000007FB5
:1080100000000000000000D200000000000000E7A7
:10802000000000000000005C00000000000000D024
:1080300000000000000000DD00000000000000ED76
:10804000C400000000000000B100000000000000BB
:108050003E00000000000000C20000000000000020
:10806000A2000000000000000E0000000000000060
:10807000DB000000000000008100000000000000A4
:10808000D80000000000000000D500000000000043
:1080900000C700000000000000EB0000000000002E
:1080A00000BF000000000000008E00000000000083
:1080B000005E0000000000000081000000000000E1
:1080C0000004000000000000005F0000000000004D
:1080D0000000F800000000000000070000000000A1
:1080E0000000E900000000000000E20000000000C5
:1080F0000000EF00000000000000C20000000000CF
:108100000000D100000000000000C90000000000D5
:108110000000810000000000000000EF00000000EF
:1081200000000032000000000000007F000000009E
:10813000000000F4000000000000006700000000E4
:108140000000005A00000000000000CE0000000007
:1081500000000003000000000000006100000000BB
:10816000000000008100000000000000D6000000B8
:10817000000000003A00000000000000F6000000CF
:1081800000000000F30000000000000002000000FA
:1081900000000000F300000000000000F3000000F9
:1081A00000000000E40000000000000000AC00003F
:1081B00000000000007F000000000000005B0000E5
:1081C0000000000000E2000000000000001E0000AF
:1081D00000000000000900000000000000AB0000EB
:1081E0000000000000030000000000000039000053
:1081F0000000000000006800000000000000C50052
:10820000000000000000B8000000000000000400B2
:10821000000000000000BF00000000000000090096
:108220000000000000007F000000000000002F00A0
:108230000000000000003C00000000000000002BD7
:1082400000000000000000DD0000000000000081D0
:1082500000000000000000A9000000000000002C49
:1082600000000000000000BB000000000000002F24
:1082700000000000000000DC000000000000009F83
:108280002500000000000000CB00000000000000FE
:108290005B00000000000000120000000000000071
:1082A0000A000000000000000A00000000000000BA
:1082B0007F000000000000004800000000000000F7
:1082C0004800000000000000005C0000000000000A
:1082D00000D800000000000000C300000000000003
:1082E000003F00000000000000DE00000000000071
:1082F00000D100000000000000630000000000004A
:1083000000E7000000000000008100000000000005
:1083100000008100000000000000D4000000000008
:108320000000E500000000000000C30000000000A5
:108330000000020000000000000006000000000035
:108340000000E70000000000000010000000000036
:108350000000070000000000000000FD0000000019
:10836000000000FE0000000000000081000000008E
:108370000000000D00000000000000BF0000000031
:10838000000000C800000000000000A6000000007F
:108390000000000500000000000000BF0000000019
:1083A000000000002D00000000000000260000007A
:1083B0000000000025000000000000004300000055
:1083C0000000000075000000000000004E000000EA
:1083D000000000007F0000000000000075000000A9
:1083E000000000002E0000000000000000810000DE
:1083F00000000000000E0000000000000037000038
:10840000000000000027000000000000002800001D
:10841000000000000011000000000000004A000001
:108420000000000000F6000000000000000C00004A
:108430000000000000007F000000000000002C0091
:1084400000000000000078000000000000001000A4
:108450000000000000000300000000000000140005
:10846000000000000000C400000000000000FF0049
:10847000000000000000D400000000000000003AEE
:108480000000000000000014000000000000007F59
:108490000000000000000012000000000000002E9C
:1084A000000000000000001C000000000000005F51
:1084B0000000000000000032000000000000004D3D
:1084C000FF0000000000000010000000000000009D
:1084D00081000000000000002200000000000000F9
:1084E000F000000000000000860000000000000016
:1084F000F2000000000000000E000000000000007C
:10850000050000000000000000D200000000000094
:108510000021000000000000007F000000000000BB
:108520000012000000000000000400000000000035
:1085300000FC00000000000000FD00000000000042
:1085400000280000000000000016000000000000ED
:108550000000A500000000000000C90000000000AD
:1085600000009500000000000000D60000000000A0
:108570000000F900000000000000B300000000004F
:108580000000BB00000000000000810000000000AF
:1085900000001C0000000000000000EE00000000D1
:1085A000000000E9000000000000007F0000000063
:1085B000000000DB00000000000000B4000000002C
:1085C00000000050000000000000006500000000F6
:1085D00000000040000000000000006E00000000ED
:1085E000000000007F000000000000000700000005
:1085F0000000000077000000000000002E000000D6
:1086000000000000C700000000000000EF000000B4
:10861000000000001D00000000000000D20000006B
:10862000000000000A0000000000000000B500008B
:108630000000000000CA000000000000000B000065
:108640000000000000AA00000000000000F300008D
:1086500000000000005900000000000000D70000EA
:1086600000000000005A000000000000007F000031
:10867000000000000000D500000000000000CD0058
:108680000000000000002000000000000000DD00ED
:10869000000000000000CC000000000000002700E7
:1086A000000000000000D800000000000000F300FF
:1086B0000000000000007F00000000000000005FDC
:1086C000000000000000007F00000000000000B07B
:1086D00000000000000000DD00000000000000318C
:1086E000000000000000001300000000000000096E
:1086F000000000000000000B000000000000001956
:108700003200000000000000050000000000000032
:108710007300000000000000F800000000000000EE
:10872000F400000000000000CD0000000000000088
:1087300036000000000000000500000000000000FE
:108740007F0000000000000000E5000000000000C5
:1087500000D50000000000000081000000000000C3
:10876000000C00000000000000F20000000000000B
:1087700000DA00000000000000EE00000000000031
:1087800000C600000000000000FE00000000000025
:108790000000EB00000000000000F10000000000FD
:1087A00000000D000000000000008100000000003B
:1087B0000000CE00000000000000200000000000CB
:1087C000000010000000000000000F00000000008A
:1087D0000000090000000000000000B600000000DA
:1087E0000000001E00000000000000DE000000008D
:1087F000000000C200000000000000CB00000000EC
:108800000000000C000000000000005E00000000FE
:10881000000000B000000000000000810000000027
:10882000000000007F00000000000000D3000000F6
:1088300000000000DE0000000000000069000000F1
:10884000000000000300000000000000E400000041
:10885000000000000800000000000000CF00000041
:1088600000000000FC00000000000000007F00008D
:1088700000000000001A000000000000006300007B
:1088800000000000004D00000000000000FB0000A0
:1088900000000000001E000000000000005000006A
:1088A00000000000003D000000000000005100003A
:1088B0000000000000008100000000000000AB008C
:1088C0000000000000008F000000000000002B00EE
:1088D00000000000000048000000000000005D00F3
:1088E0000000000000004200000000000000060040
:1088F0000000000000002C000000000000000060EC
:108900000000000000000022000000000000005BEA
:1089100000000000000000280000000000000048E7
:1089200000000000000000F00000000000000099BE
:1089300000000000000000AA00000000000000810C
:10894000B3000000000000008C00000000000000E8
:10895000D3000000000000009F00000000000000A5
:108960008700000000000000CC00000000000000B4
:108970009E000000000000008100000000000000D8
:10898000D40000000000000000F70000000000001C
:1089900000F900000000000000810000000000005D
:1089A000002600000000000000130000000000008E
:1089B00000A3000000000000000200000000000012
:1089C000000200000000000000C1000000000000E4
:1089D0000000FA00000000000000DE0000000000BF
:1089E0000000ED00000000000000F40000000000A6
:1089F00000007F00000000000000EE00000000000A
:108A00000000FD0000000000000004000000000065
:108A100000000400000000000000008100000000D1
:108A2000000000AC00000000000000BD00000000DD
:108A3000000000070000000000000024000000000B
:108A4000000000350000000000000057000000009A
:108A50000000007000000000000000540000000052
:108A600000000000050000000000000023000000DE
:108A700000000000010000000000000002000000F3
:108A80000000000031000000000000000D000000A8
:108A900000000000CD000000000000008100000088
:108AA00000000000CF00000000000000001E0000D9
:108AB000000000000048000000000000000200006C
:108AC0000000000000D900000000000000060000C7
:108AD0000000000000D9000000000000008A000033
:108AE0000000000000BC0000000000000081000049
:108AF0000000000000001200000000000000640000
:108B00000000000000001900000000000000D1007B
:108B10000000000000002100000000000000E8004C
:108B2000000000000000BA00000000000000C100CA
:108B30000000000000008100000000000000008133
:108B4000000000000000002D0000000000000014E4
:108B500000000000000000A6000000000000005B14
:108B6000000000000000001C00000000000000E306
:108B700000000000000000E0000000000000004FC6
:108B8000F90000000000000081000000000000006B
:108B9000A6000000000000000E0000000000000021
:108BA000390000000000000011000000000000007B
:108BB000F30000000000000035000000000000008D
:108BC000DC0000000000000000FA000000000000CF
:108BD00000F800000000000000020000000000009B
:108BE0000018000000000000002D00000000000040
:108BF00000F60000000000000085000000000000FA
:108C000000ED0000000000000081000000000000F6
:108C100000005A00000000000000E7000000000013
:108C20000000E500000000000000FE000000000061
:108C30000000E900000000000000D9000000000072
:108C400000007F0000000000000023000000000082
:108C50000000CC00000000000000003F0000000009
:108C600000000037000000000000002700000000A6
:108C70000000001200000000000000F700000000EB
:108C80000000000F000000000000007F0000000056
:108C900000000014000000000000005E0000000062
:108CA0000000000066000000000000001B00000043
:108CB000000000007F00000000000000F90000003C
:108CC000000000000400000000000000010000009F
:108CD00000000000FF000000000000000500000090
:108CE00000000000180000000000000000E5000087
:108CF0000000000000C0000000000000001B000099
:108D000000000000008C0000000000000081000056
:108D100000000000004100000000000000530000BF
:108D200000000000003E00000000000000240000E1
:108D3000000000000000B4000000000000000A0075
:108D4000000000000000FE0000000000000007001E
:108D5000000000000000DD00000000000000E60050
:108D600000000000000095000000000000008100ED
:108D7000000000000000F400000000000000007F80
:108D8000000000000000003B0000000000000005A3
:108D9000000000000000001F00000000000000FCB8
:108DA0000000000000000016000000000000006F3E
:108DB0000000000000000014000000000000001788
:108DC0008100000000000000BD0000000000000065
:108DD0009D000000000000004000000000000000B6
:108DE0004C000000000000004400000000000000F3
:108DF00065000000000000002400000000000000EA
:108E000030000000000000000081000000000000B1
:108E10000099000000000000002100000000000098
:108E200000EF000000000000002100000000000032
:108E3000000C00000000000000180000000000000E
:108E4000000A000000000000000F00000000000009
:108E5000000020000000000000002A0000000000C8
:108E6000000090000000000000006E000000000004
:108E700000002D00000000000000AA00000000001B
:108E800000005A00000000000000B50000000000D3
:108E9000000081000000000000000024000000002D
:108EA000000000EC000000000000003500000000A1
:108EB0000000000000000000000000200000000092
:108EC0000000001A00000000000000810000000007
:108ED000000000F700000000000000A300000000F8
:108EE000000000001200000000000000C7000000A9
:108EF000000000009E000000000000004100000093
:108F0000000000000400000000000000DB00000082
:108F1000000000007F000000000000001C000000B6
:108F200000000000300000000000000000310000E0
:108F300000000000003A00000000000000180000DF
:108F4000000000000045000000000000008100005B
:108F50000000000000EA00000000000000590000CE
:108F60000000000000E700000000000000F5000025
:108F70000000000000001F000000000000001400BE
:108F8000000000000000E0000000000000001300EE
:108F9000000000000000F60000000000000081005A
:108FA00000000000000003000000000000001700A7
:108FB0000000000000001100000000000000002F71
:108FC000000000000000008C00000000000000D243
:108FD000000000000000007F00000000000000B55D
:108FE00000000000000000B3000000000000003A94
:108FF000000000000000003E00000000000000A98A
:10900000F000000000000000D5000000000000009B
:1090100081000000000000001600000000000000B9
:109020000500000000000000EC000000000000004F
:109030003800000000000000FE00000000000000FA
:109040009600000000000000008100000000000009
:1090500000DA00000000000000AB0000000000008B
:1090600000050000000000000009000000000000F2
:1090700000E20000000000000049000000000000C5
:1090800000EE00000000000000DB00000000000017
:1090900000007F000000000000001B000000000036
:1090A0000000240000000000000027000000000075
:1090B0000000FE00000000000000F50000000000BD
:1090C00000001E000000000000000800000000007A
:1090D00000000C000000000000000028000000005C
:1090E0000000007F000000000000007C0000000085
:1090F0000000002200000000000000DA0000000074
:10910000000000CE0000000000000014000000007D
:10911000000000D400000000000000E70000000094
:1091200000000000E300000000000000320000002A
:10913000000000007F000000000000003C00000074
:10914000000000003D000000000000001E000000C4
:10915000000000007A00000000000000EB000000AA
:1091600000000000920000000000000000AF0000BE
:109170000000000000AC00000000000000C500007E
:109180000000000000F900000000000000B5000031
:109190000000000000C000000000000000BC000053
:1091A0000000000000EE0000000000000081000050
:1091B0000000000000001300000000000000350067
:1091C0000000000000003400000000000000340037
:1091D0000000000000000800000000000000230064
:1091E00000000000000067000000000000004800D0
:1091F0000000000000007F00000000000000007977
:10920000000000000000000700000000000000BB9C
:10921000000000000000003800000000000000E135
:1092200000000000000000EB000000000000007FD4
:1092300000000000000000FB000000000000001A19
:109240005F000000000000000000000000000000BF
:109250004F000000000000000600000000000000B9
:10926000EE00000000000000FA0000000000000016
:109270007F00000000000000090000000000000066
:109280006D0000000000000000CC000000000000A5
:1092900000B800000000000000870000000000008F
:1092A00000E2000000000000008400000000000058
:1092B0000099000000000000008100000000000094
:1092C000001F00000000000000E50000000000009A
:1092D0000000C200000000000000B7000000000015
:1092E0000000A800000000000000E80000000000EE
:1092F0000000A500000000000000AB00000000001E
:109300000000D300000000000000B50000000000D5
:10931000000081000000000000000081000000004B
:10932000000000DC00000000000000C80000000099
:10933000000000ED0000000000000026000000001A
:109340000000002200000000000000AD000000004E
:10935000000000F6000000000000009D000000007A
:1093600000000000C60000000000000048000000EF
:1093700000000000F9000000000000007F00000075
:1093800000000000F70000000000000022000000C4
:1093900000000000D30000000000000026000000D4
:1093A0000000000029000000000000000033000061
:1093B000000000000026000000000000007F000008
:1093C0000000000000F100000000000000030000A9
:1093D0000000000000FF000000000000002F00005F
:1093E00000000000000F0000000000000028000046
:1093F00000000000000081000000000000000000EC
:109400000000000000001300000000000000CA007F
:1094100000000000000013000000000000001A001F
:10942000000000000000CA00000000000000D3009F
:10943000000000000000E1000000000000000081CA
:1094400000000000000000EA00000000000000DC56
:1094500000000000000000FE000000000000000806
:1094600000000000000000F8000000000000009B69
:1094700000000000000000E500000000000000DE29
:109480002F0000000000000023000000000000008A
:109490001200000000000000FD00000000000000BD
:1094A000DE000000000000000200000000000000DC
:1094B0007F00000000000000160000000000000017
:1094C0002800000000000000002200000000000052
:1094D00000FC000000000000001000000000000080
:1094E000000C00000000000000E50000000000008B
:1094F000002D000000000000007F000000000000C0
:10950000001A000000000000004000000000000001
:109510000000A400000000000000E30000000000C4
:109520000000D10000000000000026000000000044
:109530000000DB00000000000000B9000000000097
:109540000000520000000000000033000000000096
:1095500000007F0000000000000000E800000000A4
:109560000000000500000000000000810000000075
:10957000000000F400000000000000FA00000000FD
:10958000000000D900000000000000EE0000000014
:10959000000000E000000000000000960000000055
:1095A0000000000096000000000000000400000021
:1095B0000000000081000000000000000D0000001D
:1095C000000000002A000000000000002000000051
:1095D000000000000D00000000000000110000006D
:1095E00000000000FD00000000000000007F0000FF
:1095F000000000000024000000000000007D0000CA
:10960000000000000029000000000000002A000007
:1096100000000000002A000000000000004F0000D1
:1096200000000000007200000000000000140000B4
:10963000000000000000C0000000000000008D00DD
:10964000000000000000D5000000000000001A002B
:10965000000000000000A3000000000000008100E6
:109660000000000000008900000000000000A600CB
:10967000000000000000C500000000000000001015
:10968000000000000000000600000000000000FBD9
:1096900000000000000000070000000000000015AE
:1096A00000000000000000CB00000000000000D718
:1096B0000000000000000081000000000000009A8F
:1096C000E800000000000000CD00000000000000E5
:1096D000EF00000000000000EA00000000000000B1
:1096E000F900000000000000EB0000000000000096
:1096F000EC00000000000000CB00000000000000B3
:10970000810000000000000000D200000000000006
:1097100000FE00000000000000BA00000000000091
:109720000007000000000000002B00000000000007
:10973000001400000000000000BE00000000000057
:1097400000F10000000000000081000000000000A7
:109750000000D2000000000000000D00000000002A
:1097600000001600000000000000A3000000000040
:109770000000DA000000000000000200000000000D
:1097800000008100000000000000D0000000000088
:109790000000B400000000000000005200000000C3
:1097A0000000000F000000000000004A0000000060
:1097B0000000003400000000000000210000000054
:1097C000000000EC00000000000000540000000059
:1097D0000000001E000000000000007F00000000EC
:1097E0000000000006000000000000007E000000F5
:1097F000000000007F000000000000005B0000008F
:109800000000000041000000000000000D0000000A
:10981000000000004E000000000000006C0000008E
:1098200000000000D90000000000000000BD0000A2
:109830000000000000ED00000000000000B5000086
:109840000000000000F200000000000000E6000040
:109850000000000000F000000000000000330000E5
:1098600000000000008100000000000000A00000D7
:10987000000000000000FF00000000000000650084
:1098800000000000000081000000000000000A004D
:109890000000000000007000000000000000A700B1
:1098A000000000000000E500000000000000DC00F7
:1098B000000000000000970000000000000000B75A
:1098C000000000000000007F000000000000005EBB
:1098D00000000000000000F800000000000000345C
:1098E000000000000000002B00000000000000FE4F
:1098F00000000000000000E2000000000000000086
:10990000000000000000000018000000000000003F
:109910004700000000000000E2000000000000001E
:109920003B000000000000003400000000000000C8
:109930002C000000000000007F000000000000007C
:1099400005000000000000000026000000000000EC
:10995000004B000000000000004300000000000079
:10996000000E0000000000000031000000000000B8
:10997000002000000000000000CF000000000000F8
:1099800000C2000000000000008100000000000094
:1099900000000B000000000000007F00000000003D
:1099A0000000EE00000000000000EC0000000000DD
:1099B00000007B00000000000000350000000000F7
:1099C0000000F5000000000000004B000000000057
:1099D00000003300000000000000006200000000F2
:1099E0000000002200000000000000C50000000090
:1099F0000000002C00000000000000D90000000062
:109A0000000000B500000000000000F500000000AC
:109A1000000000F3000000000000008100000000D2
:109A200000000000C700000000000000F900000076
:109A300000000000D200000000000000D70000007D
:109A400000000000EC00000000000000D100000059
:109A5000000000009900000000000000C2000000AB
:109A600000000000810000000000000000C90000AC
:109A700000000000000C00000000000000E90000F1
:109A80000000000000E000000000000000CD000029
:109A90000000000000FC00000000000000D50000F5
:109AA00000000000008200000000000000810000B3
:109AB00000000000000061000000000000000E0037
:109AC0000000000000002100000000000000420033
:109AD000000000000000D300000000000000FD00B6
:109AE0000000000000007F000000000000002200D5
:109AF000000000000000330000000000000000D261
:109B000000000000000000B2000000000000000E95
:109B1000000000000000000C0000000000000082B7
:109B20000000000000000081000000000000000EA6
:109B300000000000000000FC00000000000000D455
:109B40004F000000000000003E0000000000000088
:109B50007F000000000000000C000000000000007A
:109B6000F2000000000000001000000000000000F3
:109B7000FC000000000000001300000000000000D6
:109B80001A0000000000000000FE000000000000BD
:109B90000067000000000000004600000000000018
:109BA0000045000000000000007F000000000000F1
:109BB00000E600000000000000450000000000007A
:109BC00000D5000000000000001F000000000000A1
:109BD00000001D00000000000000DA00000000008E
:109BE00000000B00000000000000700000000000FA
:109BF00000002600000000000000E8000000000057
:109C000000002D00000000000000580000000000CF
:109C100000007F00000000000000008A000000003B
:109C2000000000EE00000000000000310000000015
:109C300000000002000000000000008100000000A1
:109C4000000000F600000000000000A70000000077
:109C5000000000A50000000000000020000000003F
:109C6000000000007F000000000000006300000012
:109C7000000000006D00000000000000EE00000089
:109C800000000000B400000000000000150000000B
:109C900000000000FA00000000000000FB000000CF
:109CA000000000000E00000000000000003D000069
:109CB0000000000000B00000000000000081000073
:109CC00000000000005000000000000000750000CF
:109CD00000000000004600000000000000E8000056
:109CE0000000000000D30000000000000018000089
:109CF00000000000000070000000000000007F0075
:109D000000000000000068000000000000003F00AC
:109D10000000000000002E000000000000006800AD
:109D200000000000000048000000000000002C00BF
:109D30000000000000003100000000000000008171
:109D400000000000000000870000000000000098F4
:109D500000000000000000E500000000000000F727
:109D600000000000000000E900000000000000D832
:109D700000000000000000E100000000000000E31F
:109D80009500000000000000E90000000000000055
:109D900044000000000000000C0000000000000073
:109DA0001D000000000000003B000000000000005B
:109DB0005000000000000000FE0000000000000055
:109DC0007F0000000000000000F100000000000023
:109DD00000E4000000000000007F00000000000020
:109DE00000CF00000000000000ED000000000000B7
:109DF000003900000000000000CF0000000000005B
:109E000000DC000000000000007D000000000000F9
:109E100000008100000000000000D20000000000EF
:109E20000000CB00000000000000910000000000D6
:109E300000001900000000000000210000000000E8
:109E400000008400000000000000E00000000000AE
:109E50000000F80000000000000000810000000089
:109E6000000000D00000000000000098000000008A
:109E7000000000DC00000000000000020000000004
:109E8000000000B4000000000000008E0000000090
:109E9000000000E600000000000000A1000000003B
:109EA000000000004400000000000000FC00000072
:109EB000000000003D000000000000001000000055
:109EC00000000000FC000000000000000E00000088
:109ED000000000007F000000000000000200000001
:109EE000000000007600000000000000008100007B
:109EF0000000000000AC000000000000008C00002A
:109F0000000000000020000000000000002A000007
:109F1000000000000032000000000000000000000F
:109F20000000000000F800000000000000C2000077
:109F30000000000000002100000000000000EA0016
:109F4000000000000000BB00000000000000060050
:109F5000000000000000E800000000000000E30036
:109F60000000000000003600000000000000F800C3
:109F70000000000000008100000000000000001F41
:109F80000000000000000072000000000000001D42
:109F9000000000000000000300000000000000E7D7
:109FA000000000000000007F00000000000000F240
:109FB0000000000000000020000000000000004938
:109FC0001F00000000000000090000000000000069
:109FD000F6000000000000000B0000000000000080
:109FE0007F000000000000000600000000000000EC
:109FF000AC00000000000000C000000000000000F5
:10A00000A70000000000000000C2000000000000E7
:10A0100000280000000000000075000000000000A3
:10A02000000100000000000000E30000000000004C
:10A0300000FE00000000000000F70000000000002B
:10A04000000C000000000000007F00000000000085
:10A0500000008100000000000000B90000000000C6
:10A060000000B900000000000000380000000000FF
:10A070000000E900000000000000A800000000004F
:10A0800000003E000000000000003F000000000053
:10A0900000003700000000000000000E000000007B
:10A0A000000000220000000000000001000000008D
:10A0B000000000CA00000000000000F400000000E2
:10A0C00000000012000000000000008100000000FD
:10A0D000000000A1000000000000001600000000C9
:10A0E00000000000DF00000000000000F20000009F
:10A0F000000000000600000000000000EF0000006B
:10A10000000000007F0000000000000026000000AA
:10A110000000000018000000000000001C0000000B
:10A1200000000000FC0000000000000000DD000056
:10A130000000000000FF00000000000000E9000037
:10A140000000000000EE00000000000000810000A0
:10A150000000000000F700000000000000DE00002A
:10A1600000000000000400000000000000EB000000
:10A17000000000000000C000000000000000F60029
:10A1800000000000000094000000000000009500A6
:10A190000000000000001700000000000000810027
:10A1A0000000000000001B00000000000000110083
:10A1B000000000000000ED00000000000000007F33
:10A1C0000000000000000028000000000000000760
:10A1D0000000000000000033000000000000000C40
:10A1E00000000000000000FA00000000000000591C
:10A1F0000000000000000008000000000000003B1C
:10A200007F000000000000003F0000000000000090
:10A2100034000000000000002400000000000000E6
:10A22000AC0000000000000013000000000000006F
:10A230007100000000000000460000000000000067
:10A24000660000000000000000790000000000002F
:10A2500000E8000000000000001B000000000000FB
:10A260000029000000000000003200000000000093
:10A270000014000000000000007F0000000000004B
:10A28000000000000000000000FD000000000000D1
:10A290000000DF00000000000000170000000000C8
:10A2A00000006800000000000000E900000000005D
:10A2B000000057000000000000006C0000000000DB
:10A2C000000035000000000000007F0000000000DA
:10A2D0000000050000000000000000040000000075
:10A2E000000000F000000000000000EA0000000094
:10A2F000000000F8000000000000008100000000E5
:10A300000000001F00000000000000FD0000000031
:10A310000000000800000000000000DC0000000059
:10A3200000000000A600000000000000FC0000008B
:10A3300000000000FF00000000000000810000009D
:10A3400000000000F6000000000000004F000000C8
:10A3500000000000A6000000000000003A0000001D
:10A3600000000000150000000000000000FD0000DB
:10A37000000000000029000000000000007F000035
:10A38000000000000010000000000000005300006A
:10A390000000000000F400000000000000FB0000CE
:10A3A000000000000046000000000000004900001E
:10A3B0000000000000007F00000000000000150009
:10A3C0000000000000000B000000000000003F0043
:10A3D0000000000000001800000000000000CF0096
:10A3E0000000000000005A00000000000000CF0044
:10A3F000000000000000F300000000000000004228
:10A40000000000000000003D0000000000000028E7
:10A410000000000000000031000000000000007F8C
:10A42000000000000000001E0000000000000038D6
:10A430000000000000000032000000000000004E9C
:10A440001100000000000000ED000000000000000E
:10A45000190000000000000046000000000000009D
:10A46000D800000000000000E8000000000000002C
:10A470007F0000000000000032000000000000002B
:10A48000EE0000000000000000AA00000000000034
:10A4900000E1000000000000008D0000000000004E
:10A4A0000019000000000000002A00000000000069
:10A4B000000000000000000000810000000000001B
:10A4C00000DC000000000000008E00000000000022
:10A4D000000069000000000000007F000000000094
:10A4E00000004E00000000000000410000000000DD
:10A4F00000000A00000000000000D600000000007C
:10A5000000001E00000000000000D000000000005D
:10A5100000000C0000000000000000EA0000000045
:10A520000000001D00000000000000C80000000046
:10A5300000000002000000000000001C00000000FD
:10A5400000000092000000000000008B00000000EE
:10A550000000008100000000000000070000000073
:10A56000000000008100000000000000D600000094
:10A570000000000010000000000000008E0000003D
:10A5800000000000F8000000000000002E000000A5
:10A5900000000000A500000000000000AD00000069
:10A5A000000000001A00000000000000002300006E
:10A5B00000000000007F00000000000000500000CC
:10A5C00000000000005600000000000000760000BF
:10A5D000000000000041000000000000003C0000FE
:10A5E0000000000000E20000000000000062000027
:10A5F0000000000000002B000000000000005C00D4
:10A60000000000000000E4000000000000007F00E7
:10A610000000000000000800000000000000F3003F
:10A620000000000000005700000000000000AD0026
:10A63000000000000000F700000000000000000320
:10A6400000000000000000AE00000000000000D08C
:10A65000000000000000003300000000000000AB1C
:10A66000000000000000008100000000000000FF6A
:10A6700000000000000000E700000000000000D320
:10A680001C000000000000007F000000000000002F
:10A6900054000000000000001A000000000000004C
:10A6A0003200000000000000F50000000000000083
:10A6B000CD00000000000000AB0000000000000022
:10A6C000C1000000000000000023000000000000A6
:10A6D00000F4000000000000007F00000000000007
:10A6E000000700000000000000190000000000004A
:10A6F00000E4000000000000003200000000000044
:10A70000000E000000000000006C000000000000CF
:10A7100000008100000000000000C80000000000F0
:10A720000000DF00000000000000E9000000000061
:10A730000000BE000000000000000C00000000004F
:10A740000000D700000000000000B800000000007A
:10A750000000F60000000000000000E20000000021
:10A76000000000F4000000000000008D0000000068
:10A77000000000550000000000000026000000005E
:10A780000000008100000000000000DD000000006B
:10A790000000001300000000000000BF00000000E7
:10A7A000000000006B000000000000000600000038
:10A7B00000000000E200000000000000380000007F
:10A7C0000000000010000000000000002600000053
:10A7D000000000007F00000000000000EE0000000C
:10A7E00000000000090000000000000000E300007D
:10A7F0000000000000FE00000000000000EA000071
:10A800000000000000AF0000000000000081000018
:10A810000000000000AD0000000000000014000077
:10A820000000000000FC0000000000000014000018
:10A830000000000000008100000000000000ED00AA
:10A84000000000000000ED00000000000000F0002B
:10A850000000000000000D000000000000000400E7
:10A86000000000000000AE00000000000000E90051
:10A87000000000000000E000000000000000008177
:10A8800000000000000000DD00000000000000E704
:10A8900000000000000000B500000000000000BF44
:10A8A000000000000000002A00000000000000E995
:10A8B00000000000000000DE000000000000009D1D
:10A8C0002E000000000000007F00000000000000DB
:10A8D000CF00000000000000280000000000000081
:10A8E0005B00000000000000AE000000000000005F
:10A8F000E8000000000000007A00000000000000F6
:10A90000EA0000000000000000A6000000000000B7
:10A9100000E000000000000000EB0000000000006C
:10A9200000C9000000000000001600000000000048
:10A9300000EE0000000000000081000000000000A8
:10A9400000E800000000000000E50000000000003A
:10A9500000000F00000000000000100000000000D8
:10A9600000003F0000000000000018000000000090
:10A970000000F0000000000000000B0000000000DC
:10A9800000001000000000000000140000000000A3
:10A9900000007F0000000000000000E9000000004F
:10A9A000000000FB00000000000000150000000097
:10A9B000000000E100000000000000220000000094
:10A9C0000000000000000000000000810000000006
:10A9D000000000EA00000000000000F60000000097
:10A9E000000000003E000000000000007F000000AA
:10A9F000000000002E00000000000000F800000031
:10AA000000000000ED00000000000000D000000089
:10AA100000000000EA00000000000000E700000065
:10AA200000000000010000000000000000310000F4
:10AA300000000000007F0000000000000032000065
:10AA400000000000004E00000000000000ED0000CB
:10AA500000000000001800000000000000250000B9
:10AA60000000000000490000000000000057000046
:10AA70000000000000008100000000000000E9006C
:10AA80000000000000000C00000000000000D400E6
:10AA9000000000000000C3000000000000000200F1
:10AAA000000000000000A3000000000000008A0079
:10AAB000000000000000E5000000000000000002AF
:10AAC000000000000000000000000000000000FF87
:10AAD00000000000000000E700000000000000E3AC
:10AAE00000000000000000C800000000000000AAF4
:10AAF000000000000000008100000000000000A92C
:10AB0000EA00000000000000FD000000000000005E
:10AB1000FB00000000000000E50000000000000055
:10AB2000E100000000000000FA000000000000004A
:10AB30008A00000000000000D100000000000000BA
:10AB40008100000000000000009E000000000000E6
:10AB500000DD000000000000008100000000000097
:10AB600000E600000000000000FD00000000000002
:10AB700000E400000000000000B70000000000003A
:10AB800000E500000000000000B000000000000030
:10AB900000001400000000000000CF0000000000D2
:10ABA00000000A00000000000000D10000000000CA
:10ABB00000003D0000000000000024000000000034
:10ABC000000004000000000000007F000000000002
:10ABD0000000FF00000000000000007F00000000F7
:10ABE000000000F8000000000000007900000000F4
:10ABF0000000002700000000000000E0000000004E
:10AC00000000001B000000000000006E00000000BB
:10AC1000000000F9000000000000006100000000DA
:10AC200000000000260000000000000020000000DE
:10AC3000000000002A0000000000000013000000D7
:10AC40000000000036000000000000002F0000009F
:10AC5000000000007F00000000000000F80000007D
:10AC6000000000007C0000000000000000E5000083
:10AC70000000000000DE00000000000000140000E2
:10AC800000000000008100000000000000B0000093
:10AC900000000000001F000000000000009B0000FA
:10ACA0000000000000B0000000000000001D0000D7
:10ACB00000000000000049000000000000001B0030
:10ACC0000000000000007F00000000000000D6002F
:10ACD000000000000000EF0000000000000047003E
:10ACE0000000000000002700000000000000FE003F
:10ACF000000000000000740000000000000000D20E
:10AD000000000000000000E300000000000000065A
:10AD1000000000000000000D000000000000006ABC
:10AD20000000000000000038000000000000007F6C
:10AD3000000000000000003E00000000000000488D
:10AD40008100000000000000CA00000000000000B8
:10AD5000B900000000000000BE000000000000007C
:10AD6000ED00000000000000E60000000000000010
:10AD700007000000000000000200000000000000CA
:10AD8000F80000000000000000DD000000000000EE
:10AD900000E600000000000000F0000000000000DD
:10ADA00000CC00000000000000D500000000000002
:10ADB00000A500000000000000830000000000006B
:10ADC000008100000000000000B80000000000004A
:10ADD0000000C600000000000000F60000000000B7
:10ADE0000000C600000000000000E00000000000BD
:10ADF0000000ED000000000000000B00000000005B
:10AE00000000CC00000000000000D60000000000A0
:10AE10000000810000000000000000F900000000B8
:10AE2000000000E700000000000000FC000000003F
:10AE30000000004100000000000000600000000071
:10AE400000000014000000000000004F000000009F
:10AE500000000056000000000000007F000000001D
:10AE6000000000009900000000000000AB0000009E
:10AE7000000000008100000000000000DE00000073
:10AE800000000000C900000000000000E100000018
:10AE900000000000FC00000000000000EC000000CA
:10AEA00000000000D50000000000000000AC000021
:10AEB0000000000000B10000000000000081000060
:10AEC0000000000000CC00000000000000D10000E5
:10AED0000000000000D900000000000000E60000B3
:10AEE00000000000001A00000000000000DE00006A
:10AEF0000000000000003700000000000000F40027
:10AF0000000000000000F500000000000000290023
:10AF10000000000000001600000000000000E20039
:10AF20000000000000007F00000000000000610041
:10AF3000000000000000F8000000000000000049D0
:10AF4000000000000000001A0000000000000017D0
:10AF5000000000000000006F00000000000000B7CB
:10AF60000000000000000013000000000000007F4F
:10AF700000000000000000FE00000000000000646F
:10AF80001C00000000000000F900000000000000AC
:10AF90007100000000000000FA0000000000000046
:10AFA000050000000000000032000000000000006A
:10AFB0001F0000000000000014000000000000005E
:10AFC0007F0000000000000000E50000000000001D
:10AFD000002E00000000000000EB00000000000058
:10AFE0000031000000000000007F000000000000B1
:10AFF0000044000000000000007F0000000000008E
:10B00000001C0000000000000050000000000000D4
:10B0100000005D000000000000004E000000000085
:10B0200000007F00000000000000F60000000000AB
:10B0300000002B000000000000000A0000000000DB
:10B04000000029000000000000001F0000000000B8
:10B0500000005300000000000000008C0000000011
:10B06000000000CB00000000000000810000000094
:10B07000000000BE000000000000008E0000000084
:10B08000000000C300000000000000D40000000029
:10B090000000008F000000000000008A0000000097
:10B0A00000000000FD00000000000000090000009A
:10B0B000000000008100000000000000FB00000014
:10B0C000000000001300000000000000E400000089
:10B0D000000000000900000000000000FA0000006D
:10B0E00000000000030000000000000000880000D5
:10B0F0000000000000AF0000000000000081000020
:10B100000000000000B500000000000000EC00009E
:10B110000000000000D000000000000000E6000079
:10B1200000000000009D00000000000000A00000E2
:10B130000000000000006600000000000000EE00BB
:10B1400000000000000067000000000000002A006E
:10B15000000000000000F2000000000000001300EA
:10B160000000000000007900000000000000FA006C
:10B170000000000000007F000000000000000095BB
:10B1800000000000000000D90000000000000035B1
:10B19000000000000000008100000000000000121C
:10B1A00000000000000000F6000000000000009514
:10B1B000000000000000001F000000000000000070
:10B1C0008100000000000000C70000000000000037
:10B1D0008C00000000000000D20000000000000011
:10B1E000A100000000000000B1000000000000000D
:10B1F0000000000000000000F3000000000000005C
:10B200000700000000000000004D000000000000EA
:10B21000002C000000000000007F00000000000083
:10B22000001500000000000000EE0000000000001B
:10B23000001E0000000000000011000000000000DF
:10B2400000EE000000000000002D000000000000E3
:10B2500000002F000000000000001F0000000000A0
:10B2600000000700000000000000130000000000C4
:10B2700000007F000000000000003A000000000015
:10B280000000F7000000000000002E000000000099
:10B290000000300000000000000000EE0000000090
:10B2A000000000CE000000000000000000000000D0
:10B2B000000000A700000000000000B50000000032
:10B2C0000000007B000000000000002100000000E2
:10B2D00000000045000000000000007F00000000AA
:10B2E000000000004E0000000000000059000000B7
:10B2F000000000003200000000000000CF0000004D
:10B30000000000009500000000000000E1000000C7
:10B3100000000000B60000000000000081000000F6
:10B3200000000000D2000000000000000017000034
:10B3300000000000002E00000000000000120000CD
:10B3400000000000000300000000000000460000B4
:10B350000000000000350000000000000058000060
:10B36000000000000048000000000000007F000016
:10B370000000000000004200000000000000560035
:10B380000000000000003C0000000000000022005F
:10B390000000000000007F00000000000000270007
:10B3A0000000000000002000000000000000F50088
:10B3B000000000000000ED00000000000000002A76
:10B3C000000000000000002D000000000000002E22
:10B3D000000000000000002F000000000000001628
:10B3E00000000000000000160000000000000096B1
:10B3F000000000000000008100000000000000B715
:10B4000020D0F1FFED2014020CFB0B1434F3E8DD27
:10B410001E1AFD06FAD51CEA1B2DF623FCF912F6BE
:10B420000E7FDF161221D502E681FCDB0012FC0E36
:10B43000CC9930D019F8D332D314F6F91C0CF6D4C9
:10B44000D5D9D2FD1A05FFDE0ECDF1BC14E4AAF465
:10B450000EEAE935F5D3C7E2ED349BE5181B45F953
:10B46000FEE4DD0BE0FF311302020BE805F8B8FE45
:10B4700006238130A2D72719DA62F719EC2013A628
:10B48000FF15FE1DF6FFE20D0F06D55FF103EF1B62
:10B490002D47411FDAFAE5191DF5C803CA19041032
:10B4A000DFEF0707142DD8E9040C0DDDDC0FDC0FEE
:10B4B000010E10ED0BF4E82CDAEB4A05DA23A00FAD
:10B4C000F744E1CA0D14BC13F5CDC035330CEAE5E1
:10B4D00047360F243DF664E4FDAA14FEFE2023F156
:10B4E0007F05F429D406E30F170AECECE6031F0CE2
:10B4F000261EE81625DCF7ED241430F72CE647BAB3
:10B500002EE9D27FD8EDE92E41FA2AE62135F6FC64
:10B51000F74A1E1926FFF60611DD06ECBDF422FCE3
:10B5200021D4DA46F409D10F0D3123085305570C05
:10B53000F1FCD2133B021D0E2718CF0CD5E40504F5
:10B54000EF0AF60BFF0A14200439030AE5281AE271
:10B5500026ADF924D304E4050C230F1C7FEF5CFA1D
:10B56000E1F118D60DFC8107FEBCADEDB11AEA1071
:10B5700004CA02044B022C0A8AE9E530130D57D99C
:10B580001FEAD505F20DC581029219F943EDFA01C2
:10B590004252F0EDC22305CEEB0DE4DFD7F64CDDD1
:10B5A00002FF17D82B02E7BBDEBBEE1337012C05D9
:10B5B0000518F6393FED4BE1F219CC2D007FEFFD78
:10B5C00001C8272705F719D0210CD4E2DBDCF60CE3
:10B5D000E7F3C8E033EA2AFBFACB430FEEF4FFE1CE
:10B5E000B7E3EDED4804B5FAA76DF61117E1FE26B5
:10B5F000CC1CCA2514110B231976B0F434EF3AFF92
:10B60000EDEA1CF8D2ED0D28E3003318445C7FEB23
:10B61000D5E6F93CF07F2DE43304122C08ECEFCF93
:10B62000D62CF8E267D7B9C009542ED2BF23FC1636
:10B6300016F223C01110F4040BEC051EECD9E844FB
:10B64000EA4406FDF1CB13AEDFF1E81E0B05E72F50
:10B65000F958E5F8E9FBD5DD02B626F4DDF42EBA9B
:10B660000955AF7F484E01C1FCC5CD4829C8D5FF5B
:10B67000A80B021E03E3CAD6E123F817DEE3F7D5D1
:10B68000F7CAEA08E1F1C7E9DB540E4A290DE66181
:10B69000023712DA092E0717FB0AAA0EC711CC01CE
:10B6A00052AA051CAECE19FA17DC1FF901E30E1AD7
:10B6B000F3ADF5DD2206E7E517B534E2DC0CCC2965
:10B6C000093733FE19FFF9050CFEEDFEEBE42D7F83
:10B6D0003EE20D2CF90CF8D415261DD4CFCD093738
:10B6E000C4F9D9EB0C00A1FBCE341CDAC0E8EDFBA9
:10B6F00018280F0E2A5DDADD08BAEB25CF27DCFA11
:10B7000010FDEDD215F4214C0135560EF134FCAC90
:10B7100035F2EC3DE80F0FF2C2580ADD513A9ECCEB
:10B7200028DDEA4717C501F402CF1A16F63012D108
:10B73000AC40FD28D52617C5DB23E61ACB6227D7F8
:10B7400010140FB334EDF870490A1ACCD1F0F00E92
:10B750002926FF220CF70A7F08F40100E8E9C7EE6A
:10B76000FCFAF7F5EF1503FD912522D2E1F410BBA9
:10B770007F420AF232F838EC28E6FDE0160E10039C
:10B78000FFEED9444D10E5EE21090F20BFCE1EE893
:10B79000F924DFE422F21348EC45EA07DC1FDF0658
:10B7A000FB360B094AD4E40AF9D9EDFC1CE1BE1FB3
:10B7B00014DBF52CEFE621F00A6414DBD5D90B95E8
:10B7C0000D36F7266518A7003B0D1461601BEEF4DB
:10B7D0000AFEF8CE20FD01CAE97F30FDEC23CBDD67
:10B7E000C0DB810F7FFBC721FBED1CF4D503E5FE19
:10B7F000FDB2E0D9EAE914C72B2AE9C3D1DF37E665
:10B800000000EB13F61EFFEF030B9D39CEDFD94E80
:10B810007FF6E427F5EF06B2F1B901FAFD35F696A9
:10B82000CBD0F50AEE1F2717DCC302200D08DCFC85
:10B83000016AC333D1FDC5A7CF2D1702011DBDFF7E
:10B84000FF3317EB97B181591D1C470BC60CDFCE98
:10B85000F40F13BA15FA2E283E26D6118128FCC5FE
:10B860000AF103EE23DDF57D09221A39F061F804AF
:10B870001AE615010C5626DA112ED304EFEE30032A
:10B88000FEC8E6180A1CFDB81B031E0E07CCF1F714
:10B890004A69CAF600BDE61002150730E4E9E30D77
:10B8A0000DD2DC12071D11EAF21DFDD813C63501B9
:10B8B000DFFA033504F3FEF0263313090BF9F10820
:10B8C000E63A5213F2C53638CBF510F2F1BED67F08
:10B8D000ACFED12CE80CCF211EB4E91ACCFAF0FE54
:10B8E000E918F312CA021EF4A7FF0925EEDAE8D21E
:10B8F0000C0DCE61EC2903A406D51C2CE628EBEE3A
:10B9000038C1E0D6490B1E071044F1EF1803F321AC
:10B9100037D7810EFB1E11FBEABBE3DC1CF8163C9B
:10B92000F3EEDDFBDBCF17D9F3372455C65CDCCD56
:10B930004624D2FB0EF3F3DA661FDD6BB2B1CF2DD6
:10B94000F1CE07FAD04515E004EF0D2330F317D1FF
:10B95000E0DA1C5205DAFCFFFA7F0406D611C9E9C9
:10B960000AFDD8220CE32D0FE651FD1419F8015FF2
:10B97000FD2B214607F3F617ED0DE219DAE3D2F8B5
:10B980000D000328DFE5F320DD070A20DCF5D9EB05
:10B99000F41CEDF2FB0CC4F5E7E9DA1B1D00FADB41
:10B9A000F319FC1205E57F38BACC0523D596AA22F7
:10B9B000A41AFA00DB0FFEB43006DF35F6E9061CE8
:10B9C000D9FDF63EF2001F4ACBD1450DEF05EA0343
:10B9D000D778F556E13A40C51A1007813CD757434E
:10B9E000F1F2F342D2C464F9B114C60EE881F14910
:10B9F00048F2E945BF61E69FEFBBF3DE20E507EBC8
:10BA0000128C5F35E4EDCA2610FBA8DA038E84E9B8
:10BA1000D5551FF7E5C469E60C02EBDEDC13C02A3E
:10BA2000DEE8DBE208EEB8E2BF114B08D0E94AF2EB
:10BA30005E0545F30C9771DD2B2BCF14F8E218DB74
:10BA4000FC27200DEDAFD6DBF92354110ADE46ECBE
:10BA5000081504F50D177FE57FAAE3F22AF3990490
:10BA6000F9DF51D8122136E710C2010026263D2207
:10BA7000F41E1212050813F9281DD4FECB20A905C7
:10BA8000D35327F936FD334210FB0813EE07272561
:10BA900022D91351F60A3012EE16C723074475D483
:10BAA000C510370AF801040503DC79229BDB32213B
:10BAB00028EAC6087F0923F7E308FD125CDAEFDD08
:10BAC000F05B730113FCE9EF1F0C051CB816F15E67
:10BAD000CC1911DA44FF1A770CB22017CF1A1FC401
:10BAE000FF26E3D827E805E4BBDF4A12FB1537023F
:10BAF0002D7FF004E1EF2DD8ED0C51E849387BE1C2
:10BB0000F5E6D911140E230F080D21D9D245FEF9FF
:10BB100009081DF3E4E60ADA26ABFBBFF706ECFBE7
:10BB200008EF1F0C06FEF0EC07C9FEE6DD07FE0677
:10BB300008A7EA81165B420103FBE0D4E8F3DB1EB1
:10BB4000FDD3FC0E3C2D0A02EBCD0A1CCCF73D03C5
:10BB5000470735FEF9011CF70D06FCF545DFF154EA
:10BB6000FEE77F3309DD41E707ECF62BE016DEF553
:10BB70000EC1FD3A16CF2E0800C8FE08FC01F802DF
:10BB8000F90A8310FC004EF3CF063120BC1AF7E20D
:10BB9000DCCBBF17D9253416C04FDCCEF0352AB523
:10BBA000EBDDDEE9FEC7BAE0EC3CFB3BD2A80B3D87
:10BBB00017B202EE2609257FFC2F1837B216252171
:10BBC000FED2B919D2D5A0EECDE0021BF1EE5AEBB0
:10BBD00008B417242CFE8BDCF6BEEA2C263FCEF6EA
:10BBE000E40CE1E6C48112E8EC78F908F68345211B
:10BBF000F728E8ED1D2E2828F04AE6D91BC63B158C
:10BC00001B1F0000D581DF1E762F18B4F00518ED3C
:10BC1000F1E8EB08051218D3F087AAE1EEFAD9DAB9
:10BC20002D81DF553226DB535D4609608145FC5D81
:10BC30000CF47FC7D917253C051073E51509D3C748
:10BC400014191915BAF93E1A57290AC8D83D140A09
:10BC5000D5DCBEF6E544F61FAF2F2C1414C5DB145B
:10BC60000BE1CD14F93EE9D1282DDE0302EF23E1EB
:10BC70003EEAF4F4F8F900E53BFCDB10FED9EDD028
:10BC8000E775DCB603FAFCE9C78ECAC00BF5DCEE3B
:10BC90009D20BA0C06F2EDAD7F02E1F2F9F474EEEC
:10BCA000853CF7EB15AA24130FEA0CFBD3EA061325
:10BCB000070743C80C41F4E5FCF3E8CE1FCB1E4751
:10BCC000E021F5F51EE2EA1FE8060237E4FB4CF935
:10BCD000D3EAEE120B0BF80431C814E7E5C6F221E3
:10BCE0004B29F2EB12EF43CD3EEB5F10EFB8E3626E
:10BCF000E1F20CF0E52A374220F97AB2024840C35B
:10BD0000A3F623CFE0F10620F516DD06080B073475
:10BD1000A3F4F9AD27B901EB02CB15D3DE081C7FE4
:10BD2000051836C2E33900F4BDD9FDC91A0ABD3978
:10BD300055F95D8101FB4307142C67230BFC19A700
:10BD4000D9E7D6C6271008BE12470302EEF1E13547
:10BD50009FF7C703F018F301C8E043DFE31F19F8AA
:10BD60004BFF41F7B52DEE03331FF5FBED29200402
:10BD700026DCA122E31BEDFBEEA90205F7120CF570
:10BD8000D32B1BE7FAE4C2F3EB12CEEFF2AA1F3279
:10BD90001AEB0F000523CEE35748C3B624D124B4D1
:10BDA0000D577CE8E106382F2A082AEB0A23DC0726
:10BDB00024281DED01072BF111ECE3EAFAD6016806
:10BDC0005373CE450F05D74500261982F02D81F219
:10BDD0001165C8C8362C3E17EB204C410DFAEF0018
:10BDE000FCDDE6DD311A39DCE900F4FC4512ECB784
:10BDF000CA0DF7D808FAFD1F6AC2E70A2BFBEEFD51
:10BE0000DFFD29162C04CA4624FCFF30C7F82EB7E4
:10BE100011081AEBF8EFEC1723A2262A08E812CE35
:10BE2000FC8135F2111BF0EECD16BBB2EC08ED141F
:10BE300024DE06AA81F8EE330900211BD93CEB1A57
:10BE400004FCF8F10EFEFCE011200FFDF305C61610
:10BE50000B03C981FC2A349F27F6CC98E946F1F3FD
:10BE6000FC1DEA0FF7C6EFC7F565F504EBFC000A09
:10BE700009E1F095042337BE149ECBFD12F9271774
:10BE8000992303F4FB071C1407C512E019250E1DA6
:10BE90001F12D1EB1E100B1210EF88F1D809FC2EE7
:10BEA000EA479FE506161B1E15D80F59BD0515302C
:10BEB000213BD11A03FB1A260023D393C6F8B903FA
:10BEC000F9F9BA16F515D55909294BF40F1218F2DC
:10BED0002E20E0EF17E4A1FA27F4DF27F007C93797
:10BEE000EEF8E3385A2BCA81D11B3C13020BDF3E1C
:10BEF000CE4415481B07011917A1F85CF2D909288F
:10BF00000500E32BE51105E11406D70B1BEE33F713
:10BF1000E30B16FEF622F1DB1C8DFAFC67CB0CDF7F
:10BF200011127F28C609DB1105B2AE001DBCE11954
:10BF3000DA11191008817FD3F50D4323E3F23DB7E1
:10BF4000E71136EC09293AEBE2EE0C08D31C24E6A3
:10BF50000911A335CE09202933FB01E01EF9FE08A3
:10BF6000FD1C00210BDDFEF82D27FA857A0CD31D70
:10BF70002011E4F4E0FD091722F3E103CD03591188
:10BF8000FFF8000200E9F81AF904F896DC3B0932E0
:10BF900022E4A83516EC04F1811E00D7EEB9100991
:10BFA000F20A3B2C0C09CA28E552C5A01F05F51D55
:10BFB00049468FC9F6F11FF6FB07F81744FDBA177B
:10BFC0000836BDFD290E075BB514BAB0E7E1F95A92
:10BFD000EF4BE215EBD3E3E379D63CE71F21F20107
:10BFE000EEEA122029F0FAED112830D40417022FBE
:10BFF000CC6DE1DDD1E8CC21F1D1FFE51CEBC7CC64
:10C00000EA372D010000F725E220CA22910705E654
:10C0100011C0D48E1D180BCB30151E13D129E0D3BF
:10C02000D50AF31E07090A1DD54C0824370DEBEA83
:10C03000F71A00D31806FEF32C07FC15B1EFFF9397
:10C0400012D9816D5FD14F5CF40DF4A2C5D42910D3
:10C0500032D8ADAEFCE79F0BE6160EF881F8E2FA97
:10C06000151FD2553916205CF41B2ACFCB19F314B7
:10C070003DE9F6243425DD1C06285747EA3A1B2CF7
:10C0800011EFEF12F9E0F2E14A041EE3FE29012468
:10C09000282323E20EE77F4AFFFD2D18DAF021085E
:10C0A0002AE5011028CBF3EC3BBADA154142F7251B
:10C0B0003ECF1EDD288116C453CF09DE0524243669
:10C0C0003025FDEA1F07D9C7EF20C80D18E91A135C
:10C0D000D101FF1B08F9F91EFB0B3F06081503747D
:10C0E000F9FFAE2CFE1B05F21A2C40A664FF9A2B1A
:10C0F000DE11FE283B04EC0F0EFD0404FCE7F3F018
:10C1000060EF1EF209F6DDFBD9D44D13F6090EFBE4
:10C11000DDD82D1E66FC1BC91EAF323FFBC206DEFA
:10C12000D41E02E2AE0313E5FB813904E2EAECC25D
:10C1300053342909101927CFF3D31D1ED41F0F2400
:10C140007F1C49CD240E0381431CD3B11F1CF60173
:10C1500051F32C3545D4D7BE2DDDE3EEF603C806EA
:10C16000090527F0B3F310A3F4DAE9E9F2EEBD21F3
:10C17000F73235C0BFE5EBB7E1D3150919E3E6A8FF
:10C180006FD59CDD18F63EE0F5000ACD28D3E82EE9
:10C190002DE605F2E5F0182A36F80BE650065AF9B6
:10C1A0000B4209FBE32DC0F402E8058D38F60A5C6A
:10C1B000125B2F16F326EF462AED19BE9327FE6475
:10C1C000F426317FCF0EC206FCEF29C9B3DD0CEE99
:10C1D00016C1F57D2AD1D2BB122ADFA084110BDB58
:10C1E000ACE5F95F18FF22D7F5052FF5F94BE219F9
:10C1F00025233A21380DD7D158DBE8B4BF02E40C2F
:10C20000BCF4FA02BEFAF714F2CE3712E50EFF16AE
:10C21000DC46CDCFDD81CFF5EF1FFD2ED9F73E26D1
:10C2200003FE0CFE2E22127F1ACAF0BBE81217B5CD
:10C23000CBDE813A23FE1DDBF01EB881E13402F82B
:10C24000D4F7DC0DF2D3CDE9E6F3E1DCEF06F81C20
:10C25000CFD6F607D613E2A461491D13DD19E936DE
:10C2600011E017B4E6EEF9A3E9FD0CDB0BE91B12B4
:10C27000FDE41AC52BFD0AF104CADBECE30DF61B45
:10C28000E41F160BF9E01ACCE9CA0AE316F703B467
:10C2900018081801E9B1F4327F1949E2DD0D2F18B1
:10C2A000F081089B42F929EA04D60CFD22F1E43919
:10C2B000FDFB3D18EFF218F6D6EBF2DC17D622E9BB
:10C2C000DED8DBF60BBFF0A1DBD85116DD02A63BB2
:10C2D00000010706E9F3EC10F0EE08CD30E000F9BC
:10C2E000CFCB0A16DA0D0916371EC95A1CF1C1F850
:10C2F000D5D93A29E715EED0E5EB4236FEE504EF55
:10C30000F91023FE3BE733FF081210E612E4F6FFB4
:10C31000F0F62BAFC2F70E31F8EF1EE50DE829025B
:10C32000DBB285F821F23EDD151A33CDF1FF09DDD0
:10C330008A15DF1E6EEEC53BED37B5D701EDB8E0CF
:10C34000EA7D0DF6EB1CE849F3F0EDF51AFEEF2F50
:10C3500014170403F71E0C931203C31D05CE811797
:10C3600014D3FBF91E0F37EC9FC9F0EF28F814EB3C
:10C37000CEBFEC37F8C813FD0AE929057F0407EAA8
:10C38000C90A12F505F50224E101FF1A19FD29F089
:10C390000CFC2522DA0C0B1F1E27FAF6E9292C17B4
:10C3A000D60CDCFE282ADC34A0DF02E4F4E1990993
:10C3B00003F300BBDD5EEE0B0DE7F3F303EFF80ACA
:10C3C0002CEE720FF4262316A700D5EB061714D215
:10C3D000F9A5E7F11534BC02EFFD2CFBD8E62623C6
:10C3E0004E190D20F024FC95CF1C3809EE19F7C228
:10C3F000D8F6F6D827B5D732D1BF37FA23009D0B30
:10C4000033BDFEE8FD120000000000000000000047
:10C41000FB2F150F03D4F6D6160E3ABBB6D421ABBC
:10C42000E5FB24248916F4F8C407140ABACB07ECF8
:10C43000B3D5E8A4B8080BBE2ED01308010A08CD66
:10C44000411B9BF713EF13CB1650F39C8CF0390371
:10C450001FEDF1E602F3F71A7FFECFD0DCE221FEFA
:10C4600005091800AF58C2D1D7E823E01CF70FBD6B
:10C470003406D6251A21D55B381984DE2416EDD969
:10C4800023F90F0BE9CD024DA0033C070401131B58
:10C49000FE00DCFF02080DC5BA1477B7DB0919E806
:10C4A000C2D92BECAB221415A10500FD1729F2DF30
:10C4B000050D10F80EF500B3F6FAE8F2DEE324E31A
:10C4C000FCCDD7CD3641D2FD2AEDB210FD98DB3E32
:10C4D0004DE0B4ACCC21E703278159AC850410C6EC
:10C4E00007F3AE169DBA08EA400F10D825AB02D06C
:10C4F000BBB516082A41EBCF24ECE848DBEF160D5C
:10C500002ED13CB80C367A02341B01D621D7E35920
:10C510003F5F97EC0A091A31683EB7E40927F0FE3D
:10C52000EA10E213E73C68A3DA02812FA67FE90A4A
:10C530003309C24D8716121ADAF620E2F21BFFEA1F
:10C54000CB14F123CDF8F21D041FCB8103CADDB556
:10C55000CF16BB05122FCBF227F01EB2C41E5AC550
:10C56000EDD0E6DAA8FE23FFF03F86FCD7161A5E70
:10C57000073AE72DA8C71A2D1CF20F0717FB107FEB
:10C58000D185258B19F27F9D5B8DA9C0819C44D0FC
:10C59000F9F9C6EF0F25CBD345FFF3FFFEDCE3B57A
:10C5A00008FEB85D97E309DFEECBC5D9DC19F429A5
:10C5B000C1D7D83AC00323060400B63820FE1D3E7A
:10C5C000532808CC39CFF8D840F489EBCC19E110C6
:10C5D000F8F5E325CCDE01F65030EBC09E0628DCF2
:10C5E00042BB2587A9F215C1E5FCA525BD11F5A221
:10C5F0000434302417D7EDECC7DAA954B8E9EBDDE1
:10C600003216E8F8BFE52357F60EDECCF0EE23C570
:10C6100004DD1840C24C52E7FCE50BD14AC7353364
:10C620000CD31B8123BE3AFBCE5F1CA63EB655162B
:10C63000C401D8C34FF713E746FA4B240BF8E3CEF7
:10C640003AD768790E0BEC120ABDF80CA73BB5106F
:10C650001A04FE3CFAF106F924E60164F7399EBBA0
:10C660004BD445070B2A2EFF13C16D3011DD37A9BE
:10C67000DCE3D30CE5BA61BF1A0C22E0EA1439C33B
:10C6800021082E27B00EF7FC0BDB2006DEB03DE2C2
:10C69000CE2FD7CA46FE0FE42B1C32471827E7D708
:10C6A000242F1321ECF91438F6190ECC3FEEF406C2
:10C6B000F1241C50ED261E208B6DEBEC2A43DDFC93
:10C6C00007EB06E4E0EE1FF7FB47FB310F27281CC2
:10C6D00023D43219DB420B0D1BBE1C2ECF3FC6DD0F
:10C6E00020D61F20FD42C70017EB7149E41494BD0A
:10C6F0000CF7F0BCDBCAEA02100D130BAE0038E2F7
:10C70000442541FE00F192ED09009D0CB5072C1A5D
:10C7100007E1D418F5C6DD5926F32023E0F609F920
:10C7200083C5084CDF16DEFCDE28BCA70CE9E92433
:10C73000C6A4D2C81EB7FD05CA7FDCA7511955CCC7
:10C740000616D2430A32EDE225F1333D152E62D5AD
:10C75000C6E2D24725D3222D45FA3B3AED30C93304
:10C76000ED48D1952FF027F37FF279FCC32C810F90
:10C770000234A6C94B09302F2B2E4E35B1122CE9AD
:10C78000B932651A4F7FACF634037F1A0C4683A783
:10C79000002005FEFC581A13DC0D4B55115108EC16
:10C7A0000210E0001100360F40B9AE3C81FA4E1481
:10C7B0002209F638CAB1D4A3F21EF004F7093CF8F6
:10C7C00016D24235F429B0F464D0B529EB041AC668
:10C7D000054EDB12BEC042194ABFEA05E326212AF4
:10C7E00034D20DF69134BA1B1DAE350316BD233578
:10C7F0001AC9E03BDF192E8100F2CBE8F6043F0AAC
:10C800003E06A616B7101FDA1B0FDBE30FE61B1D53
:10C8100000002BDC50FF14092FAC0D34E3C71AE7DE
:10C82000B506FAE0A924E4F4F721EC09B8CFC12059
:10C830000639EAF2E00B041CFDD02CE40FE61F37AA
:10C84000D1D518BF252C01D402EE39D715C0FF91E0
:10C85000DB81FC7B0B340803B80007EF7F487CCFFB
:10C86000E3DE21F127ED2C7B020A32B302330A3AD0
:10C87000DEE63001FB75F4320FF230F5F0A0EA93FA
:10C88000DBAFF87F1A0EFFC4D8FCFEF09F058108CD
:10C89000FCE90DED141F2435A11AFBD9FAE40216A8
:10C8A000D60A0812108FB90C2B1C6C100CF5ECE991
:10C8B000F712DBBB286A113E73FAC85C1D00110831
:10C8C000B104F0CC1781191AD0FABF3D63CE2ACC3F
:10C8D000071D16E8FEFC0DBDFDC824D820B80C3895
:10C8E000EDD5F5CE12033389D2E202F92B393DF0B2
:10C8F0000FE926DFE32EDD2AF4D6F3E2100311F46C
:10C90000CF00EA1C1609102F070432F010D12ABB01
:10C91000010016F3E133021FE615FFD7373531D298
:10C9200023FD22ABF600343BE39BD3220C3CC7FB38
:10C93000C6031008CFD805DEDEEBDE36DAFF17F9C6
:10C94000EBFF314048D416C1E3D8F0E72ABF30F2FC
:10C95000F6C42BF4EA5CE939FAEBEFD8209B2036D9
:10C96000D704E86DE6EDF0D92D6A302A44AC09F31E
:10C970000517D839F2E9E0FC3B0F1F6CFC080012E8
:10C98000FD0BFBE653CB3EA9B50A00E83ED13D8145
:10C99000FB07A1E740F403F015CB0919526C1226EE
:10C9A000DBE0151906FCEEFF6F4B04400124FD2966
:10C9B0000BFCEAC1970ADA1D000781F7231DC9DFC6
:10C9C000B61722ED0D032EE3F6F41CFE040D177EC0
:10C9D0001219F4E9C70EAC06ED1717E40BDF251D9D
:10C9E00018E237F13EEE36E111D821DCCD1407F71D
:10C9F0001C9A2CF3F82F231DC7DBF6D911E912FC82
:10CA00007FA3E743F5350115E32403080DDFEDDFD0
:10CA100003FA01EAFBECF0C64C19E810D61F08181F
:10CA20002508EFD5F1E1C15C1332F8FFFA12324864
:10CA300081FC222209D8474706F6EF19093210EE89
:10CA4000D24BE4EDC4287FCEDC31B405EDFE24EA00
:10CA5000B07FE51DD3E014142BD9E21311D507E400
:10CA600044E10CF9E003BCE741C5D8F8C94905B376
:10CA70002EF1FC12F403E4E9ECEB0A15F16033E962
:10CA800069CBEC501CF71D19D91C010123F5E23DBF
:10CA90000325DF07EDE5060FCDF638D302E21A28AD
:10CAA000F70C311E33EAE7C952F1F61E12E3F10B1F
:10CAB000EDE1EA1607AD2CE0091EE7351C99165288
:10CAC000C5C301F1F44B0CD7B4F5B63310A51E2E37
:10CAD000414BDEE2D648CF363D40DE134B47262899
:10CAE000FD130FE428F326041905F7EE02481F167C
:10CAF0002F09EB810835F4F7DAD9211607E7CF1AA9
:10CB000039D8E2E9076ADCF0EC63ECE3F30D46E3C5
:10CB100012160C2AC3330ECFB1D198F0AED9F7C993
:10CB20003269B437D9DC01D935F78146810BC405A8
:10CB3000F337DECC04EAC10919211B010CF9117F7E
:10CB400022F5A81E3C444509050C0420DFDA30ED2F
:10CB5000DE20061ED6C61691940D2CFB0CBCFB09DC
:10CB6000318ED1FBF207E55FBA1CFD02057FCFFADB
:10CB7000FEA7C904B3CA19440E7B09F8F9EBFB01FF
:10CB800001EC1CE920E7E5FF2353AF1807F400FD93
:10CB900063FFEE122B61E1401BBCEC0A0F0655CF80
:10CBA000EE17190EF0D141F2C12DD32DDF1F1BD985
:10CBB0004EE8FC24E6CE120F441BDA1DDEE8291AEB
:10CBC00001F5091123D32506D10FE6FE14BB08EAAF
:10CBD00070200C0D16D61A2EC7F408B8D9EF1F0C0A
:10CBE000E92FE8F4F40D00D10C0F04D7FBE9B2D51E
:10CBF000C1FCE130EDAF0A18F503C019C1B218F15C
:10CC0000A9D304FEF4FA084A03330FFB05190F04F5
:10CC100000DF0000FDF7C12D4AF27FF80A134568D6
:10CC20002FC81101E921FFC521BFF31D0B07100714
:10CC30000D0BEAED04022436DC020A2A01E405FCAD
:10CC40003D3411320F3C1F131914F5EF1CEA15F592
:10CC5000042D110F0D0A0D1AD2EA000B010F1EC48C
:10CC6000332F12D707080AF601FF114B1924EDCD17
:10CC70003ED5E8F5FAEF8101B3180CF8063AD29ADE
:10CC80000C4509BA21CBF832DCE802310B18F0E789
:10CC900011D50931E4F013C41A27FA11FCFB1B1952
:10CCA0001EFAED48CCF2F2FF27418535F20635D960
:10CCB000052CF926000CEAE11A14EC410A073EF9AA
:10CCC000ACEAE407FBD8BC3C8125F81AFA0887DAFD
:10CCD000310CFAE8FBFCA024DEDFFFE7FEFC40F4A9
:10CCE0001E1EF24F10DFF3DF01D31CCC1C2614B341
:10CCF0000D3422F6131B142A0D06F54612F1051CFD
:10CD00000A1ED00E0C8150F5FE66E91CFA05F06A89
:10CD10003D220922FC0C0E4E3C3D0824F201E002AB
:10CD2000FF75F7F4151C3B5702F9112210E3FF01C0
:10CD3000261FDDC40FD7F57FF2FDF5FE1A0908D0D6
:10CD40001DAE02ECF3EF2728CC52FD19EFE7D2CF4E
:10CD500006301462D7D1FE3CABE0EE7CF3D6600027
:10CD60001D66FE35FFD7FE30E2D80331E704F6DA60
:10CD7000092904FFFF1106A8E940DBE4FBFDFDBD26
:10CD8000250BFCF7EC032FEF3E0B18D800CBFDF979
:10CD90000205010D02F10CC72ACBD0F8B23EEDD24C
:10CDA000CAF243CB8102106204B6CFEDFE06062222
:10CDB000AEF60459E001EC2E211DE303E106F80371
:10CDC000FC8198E22134D2F9206E0901FD24CBDAEE
:10CDD00024F6F9090A0E0012162EAB0A01F02F31C3
:10CDE000F334101C0BE32E171AF9206017DEE41A37
:10CDF000BF2A012F0E1C0BEE0E20047FFCD8F4700E
:10CE00000A6AB010E30524FD43D3F33EEF03233F4A
:10CE1000E1E5B0330716FCEC080129143EB4C9DE85
:10CE200017F5BFEAEF09955822FBEFBF071681CD32
:10CE30001EFAC210024189E92413D0BDD820F4742F
:10CE40002E0FCD9BF10269E0DA09C2D5F538F0CB9F
:10CE500018250306009B2EF2C4FD9F5F121142DCD1
:10CE60000FD4EAD0F106FD3607F7DDBFEC2C00DE6B
:10CE700081FDF61EF424EA2033D14A15304AC2A3BC
:10CE8000E00DC5C4F4B30EECF0070451FC088509AD
:10CE90002717E5D61222030D22D8E9F239D9002C42
:10CEA000D6FF006415E0C0B106CAECE624F1DBC28F
:10CEB00011ECDC3FFFEC0B2EC2D32E0D20FD1DE349
:10CEC00002FEDDF8590EE8E60FD826EB0FE607BAAA
:10CED000DFA83E01F7F1E9834381C1811C50037D46
:10CEE00018E7CAE5E03B21071EF3FED8104042DBFD
:10CEF000ADFFFAE12B57DA45E6C6D0290B3D12FA11
:10CF0000F5F74D11450FDE5A13EDC1F8EB1446EA63
:10CF100031EBEC133B37041345EF4F48F5C7322193
:10CF20001B12CACBC9415413C031C802F13CB20C28
:10CF3000ECDCE012F0EF0341281425DD0355DB178C
:10CF4000EE03B2B7F1C92B92EF0FEE34D9EE2429DC
:10CF5000E7C9188DDD1A143218FBDD42181AFE815C
:10CF6000090AEC0C0EC4ECE81CE881AE1E1CF403AC
:10CF700058CFFA7225D899F0F9F64331110C11FE09
:10CF8000E3E8DF0F3A1147E906F5920A110DE3F6DF
:10CF900045E0BBF407E3FDF836C514D609F12CE7EC
:10CFA000D0EBF4E214E9DC10C7330C630D83050AFF
:10CFB00025EFCE1D084FD111EF1907ED2CEF92068A
:10CFC000E81C3CEC1E3625ED09E1EEC5FD2F1810DE
:10CFD0002D1B06E00324AE41FB0F1F240306E75C74
:10CFE0001EFDA5AEF27FF62A2EF9E41308F9D0F360
:10CFF000B11737BC16DF27110A09F7A4D708F4C107
:10D000000D0307D502A0E9264818A3317FCFE60219
:10D01000F9F3FCEA0000CF75FC32BCCAE627CD016B
:10D020003264D98EE853121EEFE3E2E523E9F1D230
:10D03000E7C22EEA260D25F105423BDE12E827FA6B
:10D04000FD4E4346E52BBB2A203D5AE5AF11E07F5C
:10D05000604B2321160B140B0EFD1404FB96E30604
:10D060001670F908090C050802493809EEF4DEC10A
:10D070004D132F3B2342ACA8FE1630C642E1F112FD
:10D0800021D443C8321C155CF210380AE8810D47E0
:10D090001ED7E229D306EA43D1400E473554DE7E3F
:10D0A0003E54C7B44B1ED8F90781054AADFCF2AC1B
:10D0B00009D8CC292D59EE5B20EFBDFF0426FD4E8B
:10D0C0001224EEEBD0C2DB13FF2DC710DBF2F4DB32
:10D0D000CD06F83522B1FBF5B3122E2B0D123D1FF4
:10D0E0000BEE23AF0221FF3CB5370815FBF5DC0D35
:10D0F0004D10566401093559A8216FE1DFE3F5EAC7
:10D100001AF834C91D09081DD322A32A0BE9C0A4AB
:10D11000992F22920A01C9D74D3227D1E70BB3C00C
:10D12000F536267F1E4EF9F04C2431E0F7E7D6D4D1
:10D13000F4D4BF4218D6E113DC4FFE873B31F23600
:10D1400018051BFF39FA06E3179C3AB64034E7FD91
:10D150008B363E110404F156FB04DBFD12D2F805B8
:10D16000ABF2E7F91B4821B70CD620F90ED3DEB697
:10D170005AB90250DFD681BA08F12C3C7FC7E44D82
:10D18000DF1A6F02E9CB2737BA0FA704091DD313A3
:10D19000624634542D0A00A7F7C7E938F219315E08
:10D1A0003442324426D5D0FE1AC90F0849E3FBFFAA
:10D1B0000C1D52F00ECCE6B4F8BB2BB02313C69472
:10D1C000DEC4322C321D5708143E4F08CE1BBF2739
:10D1D000FED5653C3028C7E0DADA10ABF30CFE531D
:10D1E000F039F0542AED44667F464F55FD14F1EEB8
:10D1F00026F6EEFD09070D14CD37501F0107ACB61A
:10D2000012063C0B003D091E400536E5FB05EF56B6
:10D21000F5DB813014E4CDE6E4BFE5F638E7A4039E
:10D22000FCF9BEFC723B94F0A817CDF51A34E3006C
:10D23000FBE4E0B0FC43C2D6E411A3D61B422AFEB5
:10D24000EDAD06DC35F43007D8BFE71102F6EE1B72
:10D250000BF205B2E31ACEE2FFA7050924132DFB5A
:10D260000CFFDB2613F9770F7FBFF43000FEB81FE9
:10D27000D8E3D1F91C03AEE51AF930E704EF02EC6C
:10D28000EBB5E70ACA11E614F0B00D1104F3C1F0D2
:10D29000E016BAFE3312437F0153F7E50B0115F692
:10D2A000B2F4FE863B12FEEDC90A080BB1120CF275
:10D2B000067F05F7DD201CDDC9C9F990CEDB3400FF
:10D2C000EF2205E922EFE1EEB8ED0BC3F9D95B1FC0
:10D2D000D4FC312E0CF233E510B8D1336537C8E9F0
:10D2E000EEB3DCD005E607156C14F73E37E62734BD
:10D2F000DAE5EA621A05D93412FFE0FAFF0623F5EF
:10D3000033FD7F14E481FD191D04F4D0F60FDA26F5
:10D3100008EA100A13D7102D16002D2008C737A1D0
:10D32000CFD8ED4AE0F9F11B18C3D2D2F2F803329C
:10D33000FF5014FCE625A8CCEFFE12E708F9050D16
:10D34000DC2FE9022148F6C4ECD85419D8EA1FEEC4
:10D35000EED7E2051A080DFBCDE9F2E7FB0A13D977
:10D36000EFC5F389EDF6EC063027DCF3134129FB1A
:10D37000E42D2057C5040809C423F90E812A4B0760
:10D38000D7D52257FAEF680BFE09C0FFE62F2327F7
:10D3900035D9E013520C7FD3D3B3DBFDD10141214A
:10D3A000C419F57F13D2142E1BEBD2E1E414F8A6B6
:10D3B00009A400AD18F1E907E9FC34F9F3D859C91B
:10D3C000F0BB3FC1E9EC1C1110D2C6021DE605DA24
:10D3D00021BAEE501C1AEFD5DEF851EFF4FB4E36B1
:10D3E00028C6D9CEEAFD12F2D0EAE5F02AE3E8BC7D
:10D3F00025CFFD26F2FB5BEA2CCDFB4910D414B2FD
:10D40000E2FED943B5C71C2FB4D323EC070DED437F
:10D410006AF505990C1200000000000000000000F1
:10D420001429C982147121661409FA26DBFB10B68F
:10D43000E60905D6E1DD41EB4BA2A51640064C14EA
:10D4400005C9D10822F8E50C8144EDF9C643BFD2E5
:10D4500026DB19FAF831EFDFF70A41D422CB0D238E
:10D4600001160CF01491F218E9B1E9DD2502D6524B
:10D47000E1FA37427F2CD6FB08DE11ECF119191FB7
:10D480000D05ABE6FF2704F9F7EAFB14F543F8F1C5
:10D4900005FE11E8F601E2E423F5F0093EF881F714
:10D4A000E0B3212AF294CBE1000060041FF40129CB
:10D4B00009F8DFF10AC92106D63308E4B18C40A788
:10D4C00007FF5D01D4FAF11A08DF0C461429F8BDF4
:10D4D000EA04FCC3034FDA2D03EAF82A1D39EB1ED8
:10D4E000F00BFED5F7F50FEDDFFAE09DDAE7E0EEA1
:10D4F000086C37E31D1B1BEFF1E9BDAFA3F8C1D4E6
:10D50000E9F9DB15DEE8FCFBEB2504CF09351A074A
:10D510009DC5D80F1C492803DC2F38E2B55011FAFD
:10D52000F10E0EC3DC7FC82013B1011DE3F760E4E8
:10D53000E0EE11EAF3FA3E0BFB170911F50DE34398
:10D54000E7BB217F17DDC833290BAC26E8CE2F655A
:10D5500011F9DB07C41CFEFB2130E9E3C6CAC5C2D2
:10D5600006E20E3F1A026E32CC0837EF24CE1022AC
:10D57000FDF4B80935DAFEC6D240E7000D513BEFA5
:10D5800014EED619C8B3102B4CDCF0382EDDBC0ECF
:10D59000F81D39EEEE2A47D43F5550A4083F0064E9
:10D5A000F0F020EDF01259B2D17FFBEDE33A2DAC53
:10D5B000D4268106B3E5C2CF2103360002BA14CFC8
:10D5C00005160E13161A570A13EADAC825271FC3C1
:10D5D000EEE5F8B2065503F507BE182619F7E70A77
:10D5E000E1F155F533EC1908F801FAF50E30CFE406
:10D5F000E620FD011E284CBEFB3CD9DEE527E07F7E
:10D60000FCE91BF5D108EA278A05F0F9E5E071C8C5
:10D610002AE5D9FA1AECB0AAF203C5081620E4F9F3
:10D620006ED1E8FED606271E022C30DFCDDF97D460
:10D63000E4FA1990F200B1DE09CE33162E0EEA6F2D
:10D64000030CF916BA81FE056EEFE94989F109FB71
:10D65000F0D7F952C2D07FD5141A7AF93D2EEEEDEB
:10D66000FEE57FE625071D2EEBEF1CE0292CE916D1
:10D67000F59BF4C408FCF2F4E5030EF019F8EDF79D
:10D6800021F637E406F602B8062AFD18E7FF0D5426
:10D69000EB07AAEC15D40DED22AB0600B051B13A60
:10D6A000F1E8F3111E1211F4061F451E2C1FFEF0A7
:10D6B000FEF3E90AF9E6020FD10FCE7F7F3716128B
:10D6C0001406DDF9EDF1FA30E02CD31C3D0604E838
:10D6D000EB3A14DE052DEB031D1BF4145CE40C7F08
:10D6E000FAF503B1E118E530AABF1D0D232018D5C6
:10D6F0001BD4FB1A1700EA1ADC2EEC10F8030BDA25
:10D70000F9EE1F20143603DEFC27DA020A07F317AE
:10D710009C54BCC2FFCEE6E2E2DA1E4817E964D7A9
:10D72000B8281F3C920C0C22DAF2E0F813210C12FC
:10D7300001D71601E5D9E5EBF8817C12EAFBEACBCB
:10D74000CF3201D5E0F8250FCBC91B0A171C1B2EC1
:10D75000FE0505D6260BF646221A2D2E302713BFBE
:10D76000D9F6245225270ED906650B07DCF2216273
:10D770000208D41A07E7041D9D0BE1AFEEE3E8ECC5
:10D78000080CA416F51706FF81494BC2F0E9A0FD6D
:10D7900008E72926D9B70EF1BE1FDC34DD2DEBFBDF
:10D7A0002115F81A4EBE3A04DEF71A030BFF2305C3
:10D7B0004EE5BB42E8D63AF331E9F92F07E420C53C
:10D7C000BDE5F43C43D2F79211C80CDAF2D0421D09
:10D7D0004FD00B32F3FF272FCE3714E42F34161E11
:10D7E000EDD4EFBBFCF90FDB035401FBD639100D70
:10D7F000FCCBF0EDFD2B10E40FCFD80E2A1DFAE084
:10D80000F901121AF6F80AEDBEFEEC9FF1C41E13E0
:10D81000E4EE1BF0CC01AED203080D1EF5FEFA09B2
:10D820000000EC1B150088E40F2B16BB1B7F1011AA
:10D830004829E3E8C521A723E63B2DE9E408B80A17
:10D84000D4FBF9EC000A1BE7262D2AA6F8E90150C3
:10D85000C0324B81E0F8B30B36ECDA121BFEC1CEBE
:10D86000F80AFFDB38F2253A0FC8F9F6C612F914A8
:10D87000E21F321CC51313CDFD14F720011AEDEE83
:10D88000E70ED5FE1914CACC030C0C01CFED350DF3
:10D89000EAE8D6100B04F4040E3BB2F3B60708F620
:10D8A000C7D0B6F781E7415D16D4D9050CF0FF1853
:10D8B000E305FFFE1E00FFEF1F0D8178EDF1B7EFCE
:10D8C000EBEA16F905FCFEDC0FEA160A08E0541F25
:10D8D000970A28451E16E924BD51FDE9E7F5E64BF8
:10D8E0000FC90C07F10482012620BC18CEF8CC1B0E
:10D8F000EE51F822FD2B811FFAD708F5BD05403106
:10D9000068FBE4FBB0FE420D85C51505ED35DCEA8C
:10D91000E61FD2192A26F2BBDEE2CC21FFC110E5B8
:10D92000E1BDE0032E03476E10DDFE0613DB5C1441
:10D930000DCEF40C03F30B1835EEF61B1CE71C3D63
:10D94000CD2F161D54D73C6D500FF2DB2BF827E777
:10D95000C20105FE0BF81FEF0709A80DE400B2DDB8
:10D960000B1210DA320A36CCD8D9C7070C01165B75
:10D9700018E1FDFCFAF3FF19F2EA18DE55E9F34D60
:10D98000F2D3412229FBAB81F3DC2124FF01C9E35F
:10D9900065E601FF010FEAFD15EFF933DC28C5DE6E
:10D9A000270C4801E31201292B24DF05E3134BE088
:10D9B000D728C7F0330508C60E0BEFFAE9FCD80DDF
:10D9C000E3F606EB0BE1D132450BD9241C0DF0EC4C
:10D9D0003431DD1CF40CBE43B8C3F11239FE0FE93B
:10D9E000200AF2F7E1F6E11916E0270B27F25405B9
:10D9F000276D0C2DD6EA233BEB7FF000EEDF12E221
:10DA000028120D06F506F525190FCB0A9CF89D7C0A
:10DA10007F20E62C1E0920E6FA0B08F80F061108F5
:10DA20000EFE362DC81536FA50D2C56B1EE3ECF942
:10DA3000340BFE16BB0EC7A7FDF60FDEA2BC2A3CB8
:10DA4000183C16E5BEEB1202FFFCD2D23EE60CE219
:10DA5000B716F16E60A53C3D3F25E40A3635DA1E67
:10DA600026F4F70C91159B2DEDD20D20F11303FC3C
:10DA7000310B97B71E319F08FC4919F9F8FEC7EB27
:10DA800000251BF6F8D11DF9EDE8F601CC092BECC9
:10DA90000BD4040C1CE61109DF1CCABF81EF22E085
:10DAA000CCD42E12D90651D751E0E5F53C34B9F962
:10DAB000EEF8FFF2F8ECF1F0FB48FE1D083204DD51
:10DAC0001F02030711EF0DF4F505FA040FF702E04A
:10DAD000F5E85AE31E01AA1C1ADC810F392D0B0F41
:10DAE00011FD22C9003CCC0C28F13896E52ACBDA8E
:10DAF0002AF407FA1AC8E5DD060FEE48370614FEC9
:10DB000098FD50130E0D49F700F01A16DE06EBD201
:10DB1000E59EBE108CED7FDC070D1AF51F450CFF4E
:10DB2000202EE4E501FDC9F90117E9FDA6EA4A3313
:10DB30005FF4F33C279AD4E4FC072E0A992AD8DF35
:10DB40002515ADDDB3F4EDC80B0F0D40153C9CEA77
:10DB50009130F5FFFA1302100B2E5DF92CEDA8FEA3
:10DB6000F40C0E1771FDD9E9E603F20BDA02134D3E
:10DB70004EBFE1EFE2F7EB03E823DBBE651919D2F4
:10DB8000FD09E1F7462808EEDC0D52C31BF702CD74
:10DB90000DFC1EF801DB22F6F925920108D9E3F20B
:10DBA000DC001B01FE811731160CDD1E1DF1581122
:10DBB000DB0EEB81E2D4DD2B0EDFEA2EE9E62DF65B
:10DBC0000F7F543E3171D7DAE8D2BC2E131F2A7F63
:10DBD000F8F62F0131FABC22E0FDF40DBB0DAA0EC0
:10DBE0001CD511F2F9F32D4E0B21CE0987E0104818
:10DBF000F6FBF2EAA448ED2D0E070FFAC0DF0F2264
:10DC000081ED0B07FF0909F30303D8C55801D1ECD7
:10DC1000ADEE9EEFFC1914B9CD342300270308099B
:10DC2000F62D00000C54E83AF0E6D0F40481C31B52
:10DC30002A41EB2943FC25F43FE08C3D15C2100D31
:10DC4000433408EFF0F3DBF2A4CF3DEEDE3B81C8B6
:10DC500054FF2C3081A9C6207F30E93921DA90EDBC
:10DC6000481E08EE070D00F144D725B92FDF26FE28
:10DC700043F0F4E2D0BDFFFBE53F061919422DE168
:10DC80003C2701FE0CE8FF1E3EB1FEBACCDF1002BD
:10DC900000D1F5EB0574CBFD38341AE81925F2B440
:10DCA000CF365AC6E4D95AFC2F78FBBADE39A21D0A
:10DCB000253EF91305110BEDF8EFFFFED42FFC0EF6
:10DCC000E326021FF9F843F6FECFFC10FD51EDFBF1
:10DCD00007EDCA19FD47D3F1122207032B26392578
:10DCE0000859EB14733ED20430F2DCDC14E212105B
:10DCF000F3EFDC04F051ED0D071C31D7D5EE250014
:10DD00003E1CECF7EAECC7F62FE628EF0019F30704
:10DD1000026FD6ECDFDE3181F481B4D9012C331FE0
:10DD200031F51920ECB612022DF806D9E8C806170D
:10DD30003225F3F92EE0EF0C12420210DD24B60575
:10DD40003CB225D5C3C56FBBC0BF13E3F625FBE1CD
:10DD5000162A4CF1F7F91902F7EC0406131B5200CE
:10DD6000FF810269E2A5DE30E01A19F201D4090C44
:10DD7000173B06EB05F8D902F5EC01ECFAF810EDCB
:10DD80000FFD81B015DBFD1B060415192AD0E60E28
:10DD90000C1CE3ADFD21F6E7532B09121A3D372A7F
:10DDA0000BEA3432F7DB0106EB50160EDBDF29DB22
:10DDB0000F43F39BB3A7EB1C951053DB0127121AFB
:10DDC0000BD4450CEFE0D316F0A80A03BC35D20EF5
:10DDD0002036E2FEFF06B1E026F56802F0D33AF005
:10DDE00025A301032C152E0354CFC828F6C859F5D6
:10DDF00013F506161C2E1ABFB1F503C94FF8660CB1
:10DE0000D60DFA22250B19E40C1FFCED3D3A5FEF0D
:10DE1000D5D6F8811C0CE106DB6F04D30C03E7F6C2
:10DE2000F21805F7070FFFE6F620FB34EC03EFF6D8
:10DE300035C5F1000BE701E9C7223CED0424301998
:10DE40000911D8E31019143E2C27CF18DD1DF63325
:10DE50002CCC0C3EE588F014F017484AE728FA2C41
:10DE6000152A2152E3B0F787DF162029026807132D
:10DE70000B1BFD1A1CE2F9BE3129FA4E2F26DF1CBE
:10DE80001C0537F5D3E309C1ED0FDEC04B05DAC63B
:10DE9000F8C83A2D00ADDA2A01501A061D17AB0B4F
:10DEA000DEBFE812DA3FD02D11014455E020F0F733
:10DEB0003810EB1A002EFC0D041148F21C081E2726
:10DEC000D71AFBFD020EEBFB02FCE729FC0F2B0B24
:10DED0004AF07E00E4461CD70146F15703A01357D1
:10DEE00027071593FAF6E5A9857F1F1BE8CCDEF41A
:10DEF000E629107F262AD8060EF0E313F8A0DBD21D
:10DF00009EDB443ED6FDDDFD29071B252E23FDE4C7
:10DF1000C4130B2E07D5FD12F3ECF7D6F6F5230F3D
:10DF200083D0C5E3810409F617025CF2C417E0014F
:10DF30003ED77F4A23FFD7EFD90B1800D18FCC05EE
:10DF4000D1DC34EDE20CC9DBF9CE4B7EF02C7F0B3B
:10DF5000373DE7FA01EA01EB0DFC1C0503CE46BC98
:10DF6000CACEE011FE78423732C1E500BE3503303B
:10DF7000F6FC1B313902B709FCE92C0BF3510656AC
:10DF80007EE73A0DC9E13ADCFCE58F27376F66ADD5
:10DF9000D4F00A2A131DE5F56E17E845D8173A2381
:10DFA000AFF5E8F340D30CD47F0F62FF3A1FEE28A1
:10DFB000FEEF88ADFECAD13DF00D23CEEF7107F123
:10DFC000CAFCF70EE10117FF24C005542086FDF6B8
:10DFD000E4F30D270338EDEE39E5345AD37FE13A07
:10DFE0002D0E2F3B10F0F3F12530F558FDEAC07FE0
:10DFF00042FA185113F2C0FF1ED6C73AF8510A254B
:10E000003810F6654FEFF7110BF8FD05CC39DCC77A
:10E01000C3214C240F299FF1EFE0D04344ED1011B0
:10E0200030FFD5EA00000C6E0C052895E2E31AF8E3
:10E030001DF0CF6A1809ECDD2620D2F0F3D9F009E3
:10E04000EC4011E3360803FF14072BC8DF06331931
:10E05000FB2C06DB2C26FE0718FBF03E21E701E730
:10E06000DF36FF8809FDF2A5BDFA07E4F8F7FBDF0C
:10E07000ED10DBBD211E06F5F5FD09B94EE512D404
:10E08000F41AB9BF2B18EB57DA18C30120F10B00B3
:10E090001CE421D80C0412F309EC06E291022202DE
:10E0A0001CD2B8FB0EE501D9EFFDF959E226E6EAEC
:10E0B000053E1AE305F8F6E201FC42C0F0F902D78A
:10E0C00028B818440715E3EBFC0C7F070E0350B685
:10E0D0002C811FDDF1F832700305E090130A0AACC1
:10E0E00010FA007FC02FFE84D0E50DE3BF1AE114C3
:10E0F0001F23A3F0E5FD0FCD22CCCCEECE23FFD520
:10E100001E3DF925FDD911DF08B4F820063BEBFAD6
:10E11000E508DBFACAE0060B0770B2D506D9EBF0CA
:10E12000D04F19FD3B037FF03E280EB9E1011A09DB
:10E1300017EEDB761E0001D63FE5E02000E9501324
:10E14000FF0CC08922FEEC87EEFFF3F0CC104E816D
:10E15000C6FD328BE1D9ED18FB230D13FDF9C51F68
:10E16000CA25352C44E71C0181DC0B547FCD0CC73C
:10E17000E9140FBCD507F422FBD3FEE3F4FFE0E87B
:10E18000EBBCFACC142FE3F30827412EF9E3F40893
:10E1900043EC2A922B1F25EF16D8A0D33BE52A1873
:10E1A00039A014D3CF0705F031FFF7B8F6FF000907
:10E1B000E116B7082C05FBB1B1F1DE6EBB1A28EFF2
:10E1C00034F31C9AFB1305F61D43267526E107F769
:10E1D00010DFDDD8DA192E0D3A1AEE9ADB3FFC0972
:10E1E000D6360EBAE612EB2C0607F9FE152D2E11C7
:10E1F000C418C2D1FA0006E1E2CCCDF718D2FA1A5F
:10E20000D0F509E5E77FFD0302DFE5ADFCE6270475
:10E2100038E00622DABFE8231DBBC3F1D9E6FF0FC1
:10E22000F1FEA71614F8FE190C351121B955EFFAB5
:10E23000A85D0CB86079D71A7FF6F12B5358F93CDA
:10E240000CDAE33CE7E781DBF52303E422ED1EDD96
:10E2500000F122CAF7D9F698B8FAA164140F2193F5
:10E26000E837F710E103FE2709091747C06C0140A2
:10E27000EF20F22BF313F400ABA978DDF45BF61575
:10E280000403F82DC3DC0C31DC19CA07BE4EEBFFCA
:10E29000DE2CE003FFC891E31F413E1B29D112246D
:10E2A000360FDB810CE6182E06E4EA0AF5F330544B
:10E2B000250DFB321EAECFE705F50B121E06171F0C
:10E2C000C3F9FE19BEA10617FD061AF9FF36F9FEBD
:10E2D0001DE30807D6FFD715F3E0E242D675044FD9
:10E2E0007C9481E0D9A0F13D36A7180EC0E9DAE9A7
:10E2F000F302D30C45AFF77279270DF5F1AFCD05D9
:10E30000C21495E809B8FF08FE0EFB3FB24FFC4B64
:10E31000E71B30F5E9F8C2C62AE6053D2004442291
:10E32000F5E81A3081AD001927FBDA01FAEA1B1B68
:10E33000DCC6F83815DAC1C30132E9F3F75401B08D
:10E34000E434E2F5D88415F150E33014FC0ED70C18
:10E35000DC2A22D0C5010100FDEEF4F828163612A1
:10E36000A24330E8091D383DA7ECFC060CE8E1DAD1
:10E3700030BF0B14F232E810EB1E02F10CFA34B38A
:10E38000B8D258D51D610F0C1DFDF3D91DB810165C
:10E390001AA81FA2F32098BCE6232C191640FF13DD
:10E3A000077F270E00F2C2D6E62116FB3218FC11B9
:10E3B0002701A845BAF5DC21FE02EE1309D4C7B146
:10E3C000242C184AAF1F12EAF848F50328382418FD
:10E3D00025A51CD4F0F1E3FB2D1DDE29FB8124A72C
:10E3E0004EEFEDFB0A080B8125E83602C0FA11A0BA
:10E3F0000CE603BC0AA52C5F1707558927DC1FD73D
:10E40000D5CC27C40106F13906180BFBEED0FCE68B
:10E4100009F6EAE6D069D643EDFCE1642260010723
:10E42000FBEDF9EED0FA0000000000000000000053
:10E430000B04DF0014EF0DFDF20F2C0FF8ECE80BCE
:10E4400079F9DF1A2EDBF112F901F7FB2910FF052C
:10E45000220EF201ADFD330634DD13C626981425D5
:10E460000AF75D8132EE06F07BF4EBB16C330216F5
:10E470005A162AF304A8DEF74106B00CFEEF7FE738
:10E48000B00C3809FC43F329DEF0331B6902FDE9C7
:10E49000DC00A5C5B319FEFCFADDCDE1A3160AEF39
:10E4A0008B25A814133AF5E2088128ECE461D1BF6A
:10E4B0006122FA2C1E21F8502525EBD120D4072407
:10E4C000131C16E5DAFD9F8102DE091915F324F706
:10E4D000B91B320B54FDEFF4E8FCAAF5E5625BF8DA
:10E4E0000631F708F8401E4D45EDD20819C5F11464
:10E4F00007B3F9B82223E70FF502DCF31A250D5212
:10E500009A1441B6F1131DD7C1DD0C1C1CD435D4AF
:10E5100070F9F60E05C51329F5F42B17F65794FE7E
:10E5200001F8C3E70FC211DC06DB03F7E0B6FDE834
:10E5300095EB0B0130F8EA2E52E430DF3B6AFDD058
:10E540006F0D41FCE3DFB9201607EB9901C5D1142B
:10E5500099FDF7B60881161681DEFCD10A2B14D579
:10E56000131D81233BF9D42263F1F10DF5523C06D2
:10E57000E63017EAAC5E1DA01D0F11BDED32E8CEEE
:10E5800044F40F1E41D80F2F40FD2C11F4133C3BD7
:10E59000FEB809355AD20004FEFE4BE72AB25016E7
:10E5A0005C1B20F49C47F6FC4307400B2DFF37CA49
:10E5B000E9B8CFD1BE1D2D86E406E327002722A8A7
:10E5C000F0EDCCCDDD3E15FAE10BF9D1A92A0265BB
:10E5D00047E729E5E718C8D4B8FA2999D04459F68D
:10E5E0000FFE2AF40ADC1305B0132D08E128EC0A0B
:10E5F0003CD90BD2F3E5FEE2C31C0FE9F7ADECE525
:10E60000E4D70BF51211051C71171E267FE4F72DB8
:10E61000C4FA2C15E4FA10F7AD10093FC87C30EFAE
:10E62000A4FDFBC2DF130C13CCC5F42F1CF6F705B9
:10E63000EB262930F0EE05E3242BFCFFFD0BE1E196
:10E64000E42018F0E11742F80A0CE10C02B9430982
:10E650003A270703022936256F01ED1EBF50D20568
:10E660000BE8E200EB0414DBF9F4EB02F6DA02C18A
:10E67000F0EEF325B3D70C4DE1E8D842DE0D9FDC78
:10E680005013FA35FA242CF22EF8E541C4D3FBE9F5
:10E69000C1FAF245FBD1CD07E1F41149FCD216FCD9
:10E6A0002F7F140CF91FFC1425E12E48CF28E5E537
:10E6B000CA0CFCEF4BE108B4EA2DE9EB3DEE243D3A
:10E6C00047F302B9FAE82606DB25E105F71913EB53
:10E6D00008E4245E042FD3E243040C15041DAFECC0
:10E6E000561DD141E5E03A00C7F73EF0300201582F
:10E6F0007FF149E6E91EE92946F8E21DF3F51FDB43
:10E700004EE88159EFFFF0EBFC1D12CAEAC834E76E
:10E71000FFEEED11E530C5274503CCFE3CEB89E863
:10E7200023F5FD140427BA1C1C170200FCE50B118D
:10E730004FE5E4050E95FC2DF302EE14DC17EDC752
:10E740000FF7F94AEEABFBFBE0FA13443721CEFF9B
:10E7500045FFD407EAD00C7F5CCA021D03C5BFFC8D
:10E76000D30F5EDB6415FF101BD8E6EB3A33F0FEE7
:10E7700029EDC202FDEC1BE7F5EFD809069A3DDD55
:10E78000FFFECA27D6F6E80ACD00F4C8242B81156F
:10E7900009EEC734041F54EA4DC5EEF9D6C524303E
:10E7A000F8FDD0BECEBCCAC94CE3DBEEE7C35ED4F5
:10E7B0004DEAF51B19B42AEDEAE1E50D7CDA5BF3CD
:10E7C000F5D503F5DA0451F4FA0A34E3146301CC05
:10E7D00004FBD67F16F03AE3CBEEEBFCF0F62E020C
:10E7E000D7C30DDF7F8101F85C0A25030F1C07C426
:10E7F000CAF9EBF1E4D4491652EBFF0CD20D350AFD
:10E80000F9380BEA2A685E02F5D809282ADAEBD231
:10E8100015FBC826EF24DC4405FCDE42DC1EACDC24
:10E8200032DF0520120BDD0358F8FEE700EE210869
:10E83000000006D7ECFF0E24D1EAFCA5F901FFEB9E
:10E8400013CB8112FD16F8E0FF030E0027D402421D
:10E85000F4F519DB21DA1FD322070E27E5DA571268
:10E86000162B0E030183E6EE2CCF0848F5D1DA080B
:10E8700043ED0002F2DB092735F6F8DEF71C3F17FF
:10E88000EA31ECF4F9DD029FC3EEEA5002B9EE047E
:10E89000FA2A0112F010F10533EE02281F24FC348D
:10E8A000B62DFA81D806C80AFCD1DD32F319081E4C
:10E8B000FCEF0B33FEE909D702EF040CC8F7DC02CA
:10E8C00006E80C02F0DB241A21DBFCF5F77FFE14CE
:10E8D00000FDF8BC12F4F026DB160803FFF32B371B
:10E8E000EC0C08D32DE5F1FC08060009C018BEF0B9
:10E8F000BC7FF82FDFDA011BE61507D9FFDDC9FC65
:10E90000E82502E60E02D22F08ECE3C10D1D44D526
:10E91000020A0354F709F1CAEEC91E05FAC9070233
:10E9200010CD0B12F8FAF21E0523C2CDFCE5E9FB6F
:10E93000F3F512FCEEE00B25ECF111EFF4B9E70C66
:10E94000DF090319F3D6F61B2C03F12AF828FCE49F
:10E95000CCEF0A03DD051FE5C1D0EE0332F6BCC7DC
:10E96000010B07F2170E81E0E92009037FE43AFD6D
:10E97000BCF2E60057E70609FBF21F1231FF5F0FFA
:10E98000BF0E003FCABF347F29030EF8E5023F1EC9
:10E990001C13014115D2D2F8E7F80335EF294605DB
:10E9A000FCAAF5F60CE1F10B0AF32B47F20F6A14FF
:10E9B00008D9181720BF3EF3A19B16F10EF9281CA9
:10E9C000DFEE081819DEE8C5E7220129F411FE3050
:10E9D0000901011730E1E13638011B232227783283
:10E9E000FDF9F2EA0C030E382AB408F2E3F6410D01
:10E9F000D657002F34062119030416E0A7F20607A4
:10EA0000E5DDF9C3D8F7ED160A1600F7FF22FBEC97
:10EA1000AA1FF8F407F4ABDBCBDE0C2127F40F1CA4
:10EA20008100F03111F2F0D0B90C01E219C846EAC8
:10EA30002D1503DBF3FE0DF33B02DC30EF2D15B893
:10EA40003B46FBD7C8DDF50801F360A55CAAD014EE
:10EA5000F951BA1BE93D0A04260CE6172EAEAC2E7E
:10EA6000D13543EAD3190EE9CB08C3DC1AE409F126
:10EA7000ED5204DFA72A14F0EDFFDC01DC103117A2
:10EA800027D0F0023522A842C334E1BE0623A313E7
:10EA9000007FFC0B2E0D228102D9830F97DE091512
:10EAA00007B5EDDE27DFF812B808C80F3A0CFE09EB
:10EAB000E7D5FBDEC8B7270A04E724C0F1211D080B
:10EAC0001818C8F77FF1D6062806F0CEE7FB2723F3
:10EAD000C784A2EC39029D53DE3921E4F8591304AE
:10EAE000030CC505270ED40C102824EE051F12FBBD
:10EAF000FDDBDF254EEAA9D3E038DD7FEBDCDF1A52
:10EB0000B637C9E1212F12150023081D1D15D30B9F
:10EB10005F26F90DD4D1E316A5EFF6DF4AF2EB102C
:10EB200005EC47032B81FA13E9E70217B1C3131071
:10EB30000E22F247BE07E9377F3A03A713F64AE3EE
:10EB4000963A3A16413D810DCD5C8103C40554EAE5
:10EB5000CEA2CD01E8E934EFE420F8F523F8D21095
:10EB60002B06C011E726E0FFFECDDF3BFAD4EDFF18
:10EB70000411F323EF29EC060726F0BB281B123CF7
:10EB8000B8B7DCFC3A19F4F5A6390233F9B6EF0848
:10EB9000D209ABDF0E06B010E0243A1DDF13F82EC9
:10EBA0007D59F7151A13CA2408D8B1D9D42B42F8C5
:10EBB0002045D4E0E54CE6131BF5F9142F26F2FFAF
:10EBC000A1FA3DF1FD44EAE7FE2041FFD413C0FD68
:10EBD000FDA2D649D922F91BE856DC15FF492403CA
:10EBE000EDB4332DE6EC0B196556DF405701C12E0D
:10EBF0001749FAE4C212FAE42168BF314830FD2314
:10EC0000204162DF13F8EB08F9570340EEF4E9F412
:10EC1000B1CE17FB1A84EBEF54E5E30BBDEA1CF60B
:10EC200036CF03230DE3AF25F42CD81B27E7A835F7
:10EC30001F2C000017ECF7103D2517BDE4F5FBF184
:10EC4000F252FDD3EE22311E29C0E6D1130A26C3AB
:10EC5000FF05DAB7C011AD2B0723F73CF6F5526379
:10EC6000E8DD1C5C382833030F18FCC83DC716F9D3
:10EC7000411B1FCEE1F21322E621F63BF5F3F43AF5
:10EC8000110DB830F0C90B24F2290CD00DD15B5511
:10EC90000D06C633A610D42EF6F4DF1CC80DE9020B
:10ECA000C71DDE02CBA4EDC4C7F4F2AC2DFD1810D5
:10ECB000D2F3372658352FE56114FCC1F2EAE4FDA2
:10ECC000BBF2E823FBFB21110518C3D14EA1ECF2E6
:10ECD000F00F91F641F07F7F02CCF8F319EE5E2F32
:10ECE000D21409ECFD15E3F9BAD40F02170903A7F2
:10ECF000EA07C1185DDB50114816FC42FAFD251DDC
:10ED0000D535F3ECF1D21A4F8108F5E1B0DBEDF126
:10ED1000F2E6FCEF321714EEB4051854B0A1234A02
:10ED20001938F4F2EDF2372FD6B6F331BFE4D0291B
:10ED30001514F31BD90E094430E4D00CEE810A4AB5
:10ED40001F24FFF23DEA2412451308E01816F52CA3
:10ED500025FCDCEEE824FFDA2927D31506F2190298
:10ED6000F2C408D4FEF40FECD8E200D4FDF6FA1F8A
:10ED7000DE01D0972E031DCE311EE15E2517D50E84
:10ED80003023D92CFA251A791402F2DA421DE8E769
:10ED90001920FE7FE2C8750AE2E3D7F90803F2C33F
:10EDA000F0E3EFA211DD2B7619228123320134D654
:10EDB0002938E5C03F11DBE8D90717E5D511241F35
:10EDC0002CD3DCEF09220702361FF20517EB0AEC01
:10EDD0003015FCCA2624E405F831E6551A2BBAE3AF
:10EDE000050CD7FF95BEFABDE9C2F2DCEF0A12149A
:10EDF000F741E26AE82702FD04E6E5C5E7E231E80B
:10EE00003D5CE339D8D5C8B3D6ECD5307FF5234E79
:10EE1000D8E9DC0C03040709171CF267FE02A96E8F
:10EE2000F5F903D3F6DC1E29FEBBFFEE4CC3062129
:10EE3000F5812AD0462A0ED40B040EFABC11F5F740
:10EE40001219CFE5F43203EE64DC7F0FFFDFF0F838
:10EE500034F30D061215F4ECFDEC2004261929C438
:10EE6000FA4224F0D135ECF0D412F21C15FB04CE9A
:10EE70001EF4363109491BD9360611FF051021371A
:10EE80002212E1F9C9FCE9A0AF0120B0E82FF1019D
:10EE9000210F2525160DF5D4D2F60CF2C62248DA3C
:10EEA00000160AECE9FEE32D0C09A9E0DC01FD24C3
:10EEB0002899DDE02DFD00BA36F5342EB6200BEA98
:10EEC00023070C0C0A360892F900F3FCF707E51348
:10EED000210322EBD2D5B1F118400109C322034925
:10EEE00006F415F2E781D1BB230AEDE8351CF0FAF0
:10EEF0000710030D2501D244FE1626CBF0D0E00109
:10EF0000DFFE01FC2651F65B250C0F0F01F008EA2D
:10EF1000CAFAA0E039B4E3FD021A470605FDDB0F8B
:10EF2000E40925040B55EBC4ECFAEDE7D1112915E2
:10EF3000D57FE827B503D0F04014D4DCD31DEB0E09
:10EF4000171C5F3B10D5FDC614FF4D162406F001BB
:10EF50001C030FEF0128F800DCFA0AB304E4EA68A6
:10EF600088E2D5B08FD208DE2303F5E223E2DC0E7F
:10EF700015010FF71715EBDCD1DA17D7D726F2EC0E
:10EF8000291519DD01CAF9C924180D3EF4F3EFC89B
:10EF900019D60D02DF0AEB7F000C15190113100CB6
:10EFA0000EFBD0BF7F1BD6BB26FCB31BEC26D1CB00
:10EFB0007F1D57A8E91DFA102A0322DB04EAF54059
:10EFC00015F31702244916CCEF0144F202C6F00EE5
:10EFD0002BF23D160B0333AB59F83BE5EEF619D394
:10EFE000110436D228EA0915D2E5E60BE60CFDF14C
:10EFF000E301E581E3107FE700FEF603E1D91C1F82
:10F00000EC07E0D4FCECEE29EDEE0DE1E9E2DF44A3
:10F01000F5FAF40DF9B3F13EFA00EFEFFCF503BE9B
:10F02000D31619F8DAC0D8D9BE0221B0E6E8F90241
:10F030002304C6030000173602D0CC340208F9D3EB
:10F040001981E8FC0EB11CF80E14370E0D181EEADB
:10F050003FF4288ED032E2EFF0D8E60FE9B9DFC2F4
:10F06000FC1695D3E3744D1CE524E73DCD43F95CD4
:10F0700005DBDC2FF10DF42481C7C15A33242807A6
:10F08000EB3D22F63361FCE62048252840DDF0F513
:10F09000DBF7252F032AC81AE7E9D6DDC50F39F7B4
:10F0A0000421E009F42146F417F9EAC7D3051EFE4E
:10F0B000003E27F016EE332AD0CEE237310A013C6B
:10F0C000BCF4B340C83CD7F346C413073E9D3E375B
:10F0D000D7F216FBCA27FA38FB09C6E365DAC1285E
:10F0E00011E0BDE90D402FFDE9EED3F55747A647E6
:10F0F00030D8F7E805B613102844FDE269DDFF1C9F
:10F100000E6B20ED3C0D0AF1F2EA61DD44531CC2A6
:10F11000FC16FAFE260B1201EF0416032E31F3063D
:10F12000FEE31C2C351E81F100352F941DFB15D1FB
:10F130000E1FDF0B02120D3ACFC44F1C5E012E478B
:10F14000F2FB420BCC07E7E92CD701ED0FF992D285
:10F15000D4B6172F35CFE69E01EC5DDFC82921F923
:10F160000689F8B01148BBED02F281E627C92847AD
:10F17000EF1256F413C7FFA2EBFCF90ED738F02AB2
:10F18000179C133C047F5041FFCDC71F0F22662AF6
:10F19000FA16DF2A37593DCA2CF8EB1731524DEEDB
:10F1A000DAE5F03E7FF6E04429F23CEFE9232173F3
:10F1B000EEC42037C13AA1340123B148EDE9110171
:10F1C000DCCD36815D1E4208FD053940FC00D6F2DB
:10F1D000F844A2FB0DC04C9BEBC93F20EE2CF8B5C8
:10F1E000E2DFEE29DA10FCF5CCFB123352D10FEE40
:10F1F000F056F22F4C211381F9D7BA0AB5063BC657
:10F2000005FCF8152527F70FC9380344D1D7B22AD2
:10F21000021015356DD8634AFA091702DB4FF43B2B
:10F22000F1BD1E291A30DAD5FA4720BFFDEF3CE9BF
:10F2300007F30FE041E3F6DE043DF537E081DA1332
:10F2400021A8CBD2EE0C46CF2A16000CF21218C41D
:10F25000FEF428F6D7EF87E2D264D20243033EE2FF
:10F260001F3DF1D1FA0713CF45D9FB023A0506FD40
:10F27000EE3D0126E10D17F2C541A5C996F90E1D17
:10F280000428FF03E1E9F10406580A0DEA2AF30213
:10F29000FC9D071FF2FCF106F61410162051F20F28
:10F2A000530EE8F8F5C60B4915CACC2CF723B54A1E
:10F2B000B4C626EBBA210C9996831DC9E80EFB252E
:10F2C00006FEC31AC9CB0D1AEF0712DE1F090A0A80
:10F2D000AC272AC2031801376E1BF81105F003F69C
:10F2E0004BF7252C0502F4C227EC6E09E5DFFF1071
:10F2F00013FF230FAEF019D24D52E0F2FE24040D9D
:10F30000EF3DDDF4D409060C343AFE09CC050717AD
:10F3100020DC0ECC1F26080547CFDDD6E8FE120202
:10F320009E0DDD0B143AEF162FB44D1605F6811322
:10F33000A22B205104E41FBBBB02C5F31BCE0B7FE5
:10F34000F28DBDFF101ECB0A0742ECC7F117D2F0B9
:10F3500012681EDDE8D11F04E21FD0D516F0EE269C
:10F36000F6B8E726200209E72AF11436090A112D1A
:10F37000F93033CDE82BF6F82E0AD9DE4FFA0CE33C
:10F38000D016EB171D19200E7FCFED721EFBF8B6BD
:10F39000C0C2EFFCFB100827BCE8C51F9CF900F9B0
:10F3A000B52DF31CE6200D1627260E8125052FCA44
:10F3B000230B079DC7031EF60D492FFB813111302A
:10F3C000362EF5F3C81EF8C0B1CBEDF108C2FE131E
:10F3D000EF7F962BE71EDCAB0402F059121113C528
:10F3E00020FFE1BA0422FC10B3088146E21BFE555F
:10F3F000D72A0819FD13F3F62D1503CF02D833E2EF
:10F40000E809E3A4D50C0395D8370BE905EE061EF1
:10F4100001D93429F9D4FF2812C80DFF2D0316DABB
:10F42000D0340407051AFDD747FCEFF7F00B0B4665
:10F430006609B203F3F400000000000000000000C1
:10F44000F6330F57F6D3DBD9E057F5EDFFF90BBFD5
:10F450000021FABFFADB06D3ECF7455123CC7F0637
:10F46000F8F6E949EFE8D4A4E81E0D33F7E710F702
:10F4700005F9EDEB153CEAEDE4242C0EE719E4194F
:10F48000F7091E5D2441CD06C640EF0C244CF5055E
:10F49000E700F5F6C1E504E00711EE7F120F2D0637
:10F4A000F9C00024F21E0DEEE5F021F1E34C1EF54B
:10F4B00009E07AE5152724041902F9F3F4AC178161
:10F4C0000311FB060E00F200013201EAFF3FF7F3E1
:10F4D000F84AE90294EA2734FE55FF2FF20CD614BD
:10F4E000EF44D2B9D5E414030DFD263206ECF42422
:10F4F000197F81F206D6E03C23B2170E032B1A1EA9
:10F50000DC831A31F9CBEAFDEEE8E7F2E9390FF3D3
:10F510000D33F510FD0CE7FDFD351AB0D4CF380ED4
:10F5200003DB030CFF07F4FD06FDEC0FF81A3D0D9D
:10F5300004140C09013301DE002D1562E3FCF4EC28
:10F5400011203DFAEA14DCD90F5114D3F9FDE90B6F
:10F550000112E006F422062881E6D134F8D70E0223
:10F56000F34DDA04F02B2439120F0A4A2042090520
:10F57000EE202EF32BAC01CAE753041EA90607E1C7
:10F58000FA7AE5CFE7081CB808160BF312190BF04E
:10F590001032D4F2FF0EDF0EE8EBD7DAFB441EF98F
:10F5A000FA0A093E1ADF170BEAFCE5030CFCD70246
:10F5B0000CFF000EF3EE0AF0000C0F0E107FF3DAD2
:10F5C000F71AC8E8FFE80D05EBFFE628C3E4DDDB2A
:10F5D000D5EBECDAF61D270C10FC122F102A100FB9
:10F5E0000745E73181D1F4F2DDEFE11D1936FCEF7B
:10F5F00003FA24E5091E19FDE6FF13F7271641F269
:10F6000000EBFF190716F10A210A0F20101A012D2D
:10F61000EE6D3C070D0EFBF906FAE2FFE6BC112881
:10F62000E15108BC0029EF12F8DCF893EDEBE82D6E
:10F630002081EE04F2023225086E01DB10F6F2E5BD
:10F640000C2DF0D9FE042CFC192D201E2515F2CF0F
:10F65000C20AE209E00ED30BF9F01FE8D3310B1C0C
:10F66000CC2719B40FF5E4DA09FB161EF925E5F5E8
:10F670001617D9DFFAF8F5D8E7F544BD02E9FEFF21
:10F68000E00034EE1881FD81FC103AE2A254EE0F46
:10F69000FC7F2A3B120CBCE318E3332BF72FF6DF79
:10F6A000E525CCFF04D4F0F7F91F10851062E2FCC9
:10F6B000E7FDF6D0030FF40C0D287FE40512BA170E
:10F6C0004108CFFF0200F3FB0DEE0B03EA1313D743
:10F6D000FEEE1E4F0B103BECFBFF16F914F8F1F693
:10F6E000E5F0250C1C152D2F4A1102C4CB17E02D77
:10F6F00019DE6AFB1EF805FDF0CCE9D1BD180C102F
:10F7000051F13A1315E7F42552F1E31203EFFB220E
:10F71000FA0CE9E932F910A10DF7D914062B1703F9
:10F720000CFD2E0609FEF5DAFF0AF802050DF5EFCD
:10F730000E1824233EC704150DFFE9E90DF9F70B58
:10F7400003FF33DE2DE4230D070F37D329DFFC023F
:10F75000F12321C5D01605D6FBF1D5341B4604BCD8
:10F7600027CC4A0AC81BFD0402FDDD55FFEF001639
:10F77000EDFFFBEC1BE6EB16492AE1C8D9100BD6CE
:10F78000B5FB08ECF8EF23FC1415582CFF25FAD82C
:10F7900071E6E4062BE3331E0EF621372A0D26D13F
:10F7A000FFF9E925F30DF4162305E2F1F604FADC7E
:10F7B00005FEFCEDFBF1F0F5C207FFFF00EFEAE507
:10F7C000134EEC350C02C9011804F7F3FBFF0DDDF5
:10F7D000ECF6F3F3F03E4CFCF8F00CE42AE407F905
:10F7E000103469A50605D92407E5117FE02E15011F
:10F7F00013F903E817EEF811FD09FE722B080DC28C
:10F8000020FAC8E603F8F9F617DF1B348111101F40
:10F81000E4FDECED202CF7C7020E47C6F010DF2DFB
:10F82000DF0B0418C1597F137FFD192302E90F165E
:10F83000DEBCB1CD08C538FDEA1200B612EBED080A
:10F8400000008E02D61E023D03E6CA3CE68131F579
:10F85000BFDF8E10D841296206CFEC81B173E81E5C
:10F860002AE0E20765D2370618E0EA01020BFF033F
:10F8700025F71AE92AFEE5F716ECB3C936681BF43A
:10F8800005D609CF2B0FEA34D4F11C2706F71EBC8E
:10F89000F0FB4F6FFAFEE32F10B7B62AFDCCFFE95D
:10F8A0000EF27F3039CA01E9EAF2F85CE118DA0BAE
:10F8B000C716FF16C30A171720F0070E1475F7BFF7
:10F8C000D2810003F921D61BFCFE2708F61F251460
:10F8D000D008F7EFE246EFEAC101930DE6FC151BF5
:10F8E000F01565E08137239CEF242EC211E4BEE0C1
:10F8F000E824A800E734E71AB3326710C6F420CD35
:10F9000030367719D5F1150B29FAC0CB09E045BB84
:10F91000DBD504065215F801EF0EF21A155BDAFE7C
:10F92000CEE00BF921F609ECFD07F70403DE022413
:10F93000DAECE2294E3111E9C3C2A10DFFD12F0843
:10F940001013B0EACB0F28FB0706E2E30CBF56EB1F
:10F95000FE17D5D955ADE65BF21A462732E6040B01
:10F96000150D8DE70FE0B7BAC23ADBFEFC0D1AF7B2
:10F97000F9FCE0F7B1EA7FF62BD2F831FE4EC999D7
:10F98000C4C1F9ECFDFEFA7F4728FFFFF8092CE817
:10F9900009F7ABF74FAC58D8FFFAA51DFF0EA5D855
:10F9A000D9EA1F19F05710EEF30EF9D521F9C0135B
:10F9B0001B1207160AEE0911EBE9A6FD06243CC945
:10F9C000F0F6EA13C5FBA610100BE0FEF2604AFC4D
:10F9D0008104DC040229F6FDFF080F07E5D406FACE
:10F9E000F5E91963F019490BDBD5ECFF852D06E02D
:10F9F000ED021327102F0FF7D70FFDAFE4FFC0E77D
:10FA00000DE6E7FF0AFDB00210F960F8C402F11933
:10FA1000F32F7028645B3323B43E6DED091E115C37
:10FA2000EC33A2FDD42357D6F8FD2A37B1C9FEE73F
:10FA30003220CC0EF447FC960F02B447752A188A80
:10FA40008FE8C7DE190BE8ED44D2E6E42002D808BF
:10FA500018E1015D0ED0F8E92F27F748F13F33FB9D
:10FA6000D5FBEBAAF3D5B2F124C2F920D1FDF60DF6
:10FA70000DF80D010CF3FCF901F60B454C48DA0CBE
:10FA8000D4D285FD66EFDC14D0D71C903A260BEB60
:10FA9000EE2F1F07E79021FB2506120F0B24F12400
:10FAA000F925D04610C70DDD3631E8954502E0E472
:10FAB0000CC31030203BF0040B0F05D85907BDCF05
:10FAC00022DA11E8E2EE101AED01B6CA1C16F115A1
:10FAD00004C8F32464D9F61549FDEECA29E90500E6
:10FAE000EFFC4C34421CFF38C7D7BE13BCC8C7E676
:10FAF000B8CEF5EF3DDF27157FBDC42EE1F02636E9
:10FB0000ECF233E77F01AA27E2E2D853247FF82200
:10FB1000F11FD7FB4E0FF8F410FA062B3A40260BD4
:10FB200013E4D9FEC5FDFDCD13FACBE2F112EDE7EA
:10FB30003444D8531214EBD90C6BCB00BD15FC0721
:10FB400024BBF97F18EEE1E5187FE1AF1FFEF6FF59
:10FB50000D5AE6DF40FADC1100FCE0A1EF2EF5E2E1
:10FB60001831F2635EE6D41DF61BE403F805F8EFE6
:10FB70001EFC7FCD69E6F3170FDA15C74622EED2D9
:10FB8000DAEB146DFFEA09FD45D126F7B9F315E26A
:10FB90001B0815C817F60B39D6BB1CEB0313E3F78C
:10FBA000091EBE039907FE0D08FA0307C4D8071CF7
:10FBB000E1EDC702C6F605140CEAACF4A90AE708A1
:10FBC0000DBA0EF9EAA0EFF90C150BC4E2CAD31373
:10FBD000EDF6FCE819BF050A1FF9F211E2E803E7A8
:10FBE00011052F21C7D1FF1A45D30CB105FFE1E85C
:10FBF000090604CF64DFE71F12381E1E0EBEFB0885
:10FC0000BCF10E22E5FC080AF911FE180BCAD52A30
:10FC1000C556FAC62BED3B2027BC1FFF3A1DEC2C26
:10FC20000B0802E749E62DE014B1340661E1106FDC
:10FC30002BECE41D162BEEF103D53E03F9387F8142
:10FC4000EEE80000F6E12F7F6ADAF008D20FE41543
:10FC5000FADEF3E532AE6EB8FDCA260F1DB73030BE
:10FC6000C8D3F3DFF90E0C2AF5E70BEDFBEEDAEA69
:10FC7000F3E91DE80C19E019FC11F4F7E85252E71A
:10FC8000280DE625E9E212273BE1014FEFE51F1DB4
:10FC90000CD0013F0EC281E9CFA72117E1129A09CA
:10FCA000FE3DF9BC81A4321B09DB0405F311D62902
:10FCB000E401E3F9FDECA3E1C1E4EDC2FFBE419D27
:10FCC0005B10C4DA06D4E6F2F14C0AFFF5E5020552
:10FCD0000FFAEEFD02072069F3C8DDE2E305F2FC4E
:10FCE0003912F8DC139F10EA8852D6BE100C304B44
:10FCF0003C4C06FF0FEA552EEEBF81DAEA6FC9A72A
:10FD00003EFFF62DEAD0E4F3BE320C2ABA32F6F901
:10FD100017F228C402073219120AEEE1F9323F0E37
:10FD20001FBC2DBEFC0E1C092A12FBF6D6F5E8E01E
:10FD30004ACF1316043D2BF64003FB070D1BE8E8E2
:10FD400003F106EF0017F2F825F40352FAFE63F907
:10FD500045F9E0E9F6FEC9122D9F002EFEBFC92A23
:10FD60002FF610F411D410BDD848C98103371709F4
:10FD70002726F700F8256E2E8BF00B2D09F703BE12
:10FD8000144DC9C239D13307EC03B7C2F30ACE14FC
:10FD9000E4E5F905EB43BFD80ADEE6CAF70FC6066D
:10FDA000E33AE7CAFAE6FBEB2FEAFE0802DABEED19
:10FDB0001B140A260D0519ED2BEAF8F8F831542723
:10FDC00020E11101F4D1C30CFCCA2D92BF7FD8638E
:10FDD0007FCE13D805B9DD0814C014DC0E4E261CE6
:10FDE00015F60F0021C04BCDEEB20801EC16B1E8BC
:10FDF00044DFE1EFDC512C2F22FAD3FAE442AB4589
:10FE0000E4FC248C07E8C3F8EC0B07081CE4FCCFE7
:10FE1000F52AEA22FB3522FA2EE1D8E9F985110DFF
:10FE20001381F1BB05AED105F9DCE2DD05A2FDF6DB
:10FE3000AFD902ED34F6E8FA3E1C254C060FDEF58C
:10FE40000032CEF70BDF08FC164837FD15FF01DF47
:10FE50000E2B09E50F1429341443BCF5ECF3F6E638
:10FE6000E3C2F7124E30ED071CFA0DF527057CF1C1
:10FE7000FD081105D802F1F51F100703F5FFF9EE93
:10FE800081E91C0CF5E3B10D0B7F81BBF805E31193
:10FE90000E16150EF412DF12073C06EB1FEC48DCC1
:10FEA000135123C7F61B0BF9102000F206CF15F4EF
:10FEB000E9231601FFD878F722251AE904F4E02790
:10FEC000FFFE3204260347E9020AF70002FFEE08AC
:10FED000FE171DD4360BE5EEA81F2E1705F420BD26
:10FEE0000046D4F3EDCF2128E68CD91F0F028124E0
:10FEF0000DA4F012F4EADD170F3CEBE6EBD5EE01B2
:10FF00000FF3D829E0459D5610FB48022FBCDBF4C7
:10FF1000E914360A0102D40CEB1401EA02F388FB5F
:10FF2000163C05F1E8F71A0BF70FF4FBF4DD16F8B1
:10FF300002F9FFE1FFFC02EC1FFB2CF91B2F201E36
:10FF4000000804F802ADADDB18FBE70D0C81BB1D0A
:10FF5000033BC681000EDFE1F8FA0FE6EEF47FED19
:10FF6000E02CF6F106CE1B1B2BB932F60F2EEC005F
:10FF7000DF1FF907F04D97FB35F3EDE7352A010256
:10FF8000B9CFF309F218DF70FC811EC80B20E2B371
:10FF90009018132A1A0568B0E61DD9D90BF3631A15
:10FFA00019F90CDA56F43410F50CEBF21C0B51FB7A
:10FFB000F6F5FCDC0A02EEFFFC130AFA191C090331
:10FFC0000751520A06C2654C213EF6E07F1C9DBBDC
:10FFD00009241812F804E7F02B04291E0EC819FD95
:10FFE000FC2A231D0D39BF1228E63D151BEE410CDE
:10FFF000060A0F26F51BB70602FAFEF7F00AE01410
:02000004707119
:10000000252342D044FD1FE7E1DBFB11F9EC310071
:100010000212024FEB3C0BEC1006159404A11C518C
:100020000225CBF902450DF8B9D70ECAF8256B8128
:1000300000C7F8120C00073BD178155F0112D91CDC
:10004000FC06E611000003012441F3EDB0EA28E6C6
:100050001CE607E209F25E03CA410D2EF8FDF4DA50
:10006000FE3505ECE10A52F72FD402422BE817FDCA
:10007000D622EF0603FEFC03FCF600E3041E1D027D
:1000800056E9FEDD0C31E91DEFFEF31925F7910469
:10009000023FF211F3EA0E01FE00068FDAF1FC00D6
:1000A0000D05F12A0E100D0CE9DAF81310DFC31458
:1000B0000EE7F3D2420603FD3C0503E5FAF41D000A
:1000C00024DE0A0A7F27E7FFF30F0A0AEDFF03FA8F
:1000D0002E30FF0AF9F15BF22304019DF3C1F20512
:1000E000258E060FFAEADDF2D6C000F2C3EEE51562
:1000F000F3E81816260445FC12FC00F1F7AF128154
:100100001704FEFD07040F12F2E1D81BFD135EF980
:100110007FB5F1DCCBFCDF182BF509FE19EC51FAA9
:10012000E2A10AED1712FEF300F7F5E91A0BD0E68B
:10013000091B7F0EE612D8FB0327F706F50316040A
:100140002310FCFFFFD08104D323F71E2323031FBA
:10015000CAD8F0E821D90D0BFC1DEAF9E4EAF7BE94
:10016000CED6FEAC0AF50E06F8FE011332FA1004E4
:10017000ECF0FEDDE50CEA0823AD0823F9EA18F7F8
:100180000CAF089C2E2661F2CC530C030402EEE364
:10019000FB1DFD81FC06F014F6FBF50A2719360459
:1001A0002DEEFEFCEEF6FA0AF90DF9E61609062226
:1001B000FA07FB1BEAF717FF0001FAF4FAEE17FD46
:1001C00005E4F808F6E3F6F34FC7FE07EA1E22201F
:1001D0000BC4F02711F50E20B4F8FCE4F1FF2F1743
:1001E00028ED01DAFDF710120E60FC0407EB0F0A90
:1001F000EBE8FEED0C0F250CE605F403FB7FFC019C
:1002000029E3FDD0FF16E502051AF80B0C00B10733
:10021000EDB909EA01DC573919DBEE1B420CFEFA95
:10022000F41D0727E8FDCEEC85DBFCD339E233FD76
:10023000CFEF0420DDE325E61FE10B281DEEDE05F0
:10024000447FECE725111B13EEE7F8E606FFC90231
:1002500017F14909E71AFD012CC1E822024E181ACC
:1002600039F005EC11FFDD0920FE3614810EEFB6E2
:10027000190DF0F0E00E2020F5160FDF0213F154F7
:10028000EF71C72B0E21EA489341F16DCBD52421A4
:1002900081AEF451020D1FB04729CA81007AFEB623
:1002A00039EA37BDCFED37021BFB062801F3020602
:1002B000E71DDEC2100EFFD03BE306A315EED29E73
:1002C000290CEAD10323F904FBFC1108EDF1E1F359
:1002D0001D07E7F813FFEBFB4F0DF4B9CA2F99D9AF
:1002E000E22B1541DEEF46324737E5F31EDBE8F33C
:1002F00049683A2CEEE9C6E13E08DDC9F41511C99A
:10030000FA7F14CEF2121F15AEE63BDC1BF7EF0EA0
:10031000762AF8C3CE08F72FF2E2EDF02EED08C1F1
:1003200011F0F9B017D80410EA04F3F0000709CC73
:10033000D811EB02F50B1008E714EE0E07EEE2F50C
:1003400024FD2A00BF04E522F4CEF711EA28EE1CB2
:10035000E7B4E529FE0CFE19FBEBED28FE0C16CFE9
:10036000E0081AF7F005FE1328D8081CE2E4ED06B1
:100370001711D800FFE0ED2606BD2EE01B05F9346D
:1003800036FC17CDFCD5D434F40FCFCC0E24E41EAC
:1003900016F6B9E8FF15D7FD27FC5BD7ECF803E3A9
:1003A000F409F8B526E2F2DCEE15EB03E3FE1E2AB3
:1003B000ED10F10E0908F4F0F50CF401F9F98101E2
:1003C0003AEF2FD41D0AD89345F8EA8A1B00CCD304
:1003D000FA2C7FC4EA1900EBF2E7E0970EF1F51171
:1003E0000521F9CDFF1011CC19C318FA0136E5FE2D
:1003F00029FA0BA4FB0BD550013EED9D1B00ECC36D
:1004000050E6F1A2EB0E170A10FEFE0DF502220CCB
:100410006CCDF5EF03CE303F07D5F8F0F602018141
:100420000A160AE309FFF2EE005FEB1917D316FF75
:1004300038DC1B23FEF8FBBFC548CEB619812FE27E
:100440001F44FDC0180D0000000000000000000067
:100450001FF4CF0C01220EE2F2DFEA24EF0DEFBE13
:100460003B181CD61930E321150F16130E0B0B2069
:100470000AF3CE0C25E1E519A414FA11FEE7C43AFB
:100480001BE6F8C34DD7AF2CBBD8E4E45002E0E044
:10049000000000000000000015FAEFF11E1B0FEA3B
:1004A000FAFCF00313D6352001EBE9F807D1E7FE9B
:1004B0002415011B0ECFCCDD3412D8FA0A5035C0FA
:1004C000610662012A44F5FA1614A910002B12D90C
:1004D000EA183ADDF52C72EE22074FDD0950FBFEDB
:1004E00019EB008105F3CDF12811E927290715152E
:1004F00015F9F61C0E15DA2CE5AD4AF80544DBD8E3
:10050000BC15C1E9B41AD62B0DBFF70D10F7E12BBE
:1005100018160A0B0F1181E37A001914F5D118236C
:100520000B46D8F90129D52C0ED7E1EDD50EF40EE6
:1005300000E80821FB0EF0E139E0EFD404DE45FECF
:10054000EFCCE5EA0CD8E0FA0E22F324FDE8CE3C2D
:100550008129F1E0FBEFC5D54EFC0DF80212DDD785
:1005600016FD36B7F94B70F80E1837083653CF160C
:1005700007EAF80D00CEAE00D1A4D2F4094FF4C9B9
:10058000CEC132E944FFE000404F8109AC16DF19CB
:100590001D3FF60CF0005DCC3FEDF317EC12991BFC
:1005A00012FCECBC0B2515FE0B02A1E70F115B61E1
:1005B00013E924EFEDE6D111F4EFDCF7E51A35F697
:1005C000EC0AECF4F2F6B3EBF6F23A1BCF0D09CBE2
:1005D00020BDEB19FD0903160B070619E20126DD04
:1005E000BD0CE011107F0E24037F110E812911F93B
:1005F00048019FE80DEF090A1837ADBAB5EEDF0DD7
:100600002E062CFCA50CF3FFD3F0DB11FBFDF3CD84
:10061000E0B1280712E4AF3948D90708ED2CCF46DE
:100620002F0CFEF1F2D72218DAF9CF0FEA1BE0CE39
:100630001419EE35010C3C7F0BE5B5D4F909F3CC68
:1006400026EA0306111E11CA2EF644E51022F61200
:1006500081D0EDF40D07887F38FC64F9FD2D060B81
:10066000E8D7FB0704E711F8DE0115131AEF4E0B6C
:100670000E01DFC2F815DB05F8141119FD08280C6E
:10068000F7C53008EDFE12FEB7441A40FBE12CF529
:100690000000000000000000C736323EF9E9EEF726
:1006A00025D944F00CC5E3D9B9372637FCE5FB075B
:1006B0000322A50CF70F291ADDE3410700DDA01F77
:1006C000E70850F4FC35130CDEF5142409E97E2408
:1006D0000401C6EDEE0CD4FCE1814ABCF7DDE40078
:1006E000F3251A07FEE63B0ADCEAE41A00EF3E2394
:1006F000121CDB05F8F2F2FCEDF33B50000A3AF66F
:100700005846241E12BE0FFE4D23E311F9DE25DCF0
:10071000F2F53F1D062E3E0FE04AB2F6010139EA1E
:10072000E900CFF008E738EC00CA1EC10318E8EF73
:1007300041EB99C70F28FDF9D0FBE8C304ED1BF08E
:10074000CB15307FFC1918F2EF24D304FC0B3407CF
:1007500024EB1DF5FC13CCFFF1C53725FCF4BBF4ED
:10076000CAE6A3F30AE71500E9042DC8FBDC13E48D
:10077000ED263505F9FFE70A2901063AFBD228F7ED
:10078000EF20D5E4010C13F6DC637F3A01E1261675
:10079000EC0D79057FEB1511CF0CF12300F6F5096F
:1007A000E82C1B26F9F8F301010B6030FFF41EF66C
:1007B000F1DCE1F80C0901083007D4EC0C0FEFFD77
:1007C000D02DFA02FFEF0B1113DB40FB0609F50DEC
:1007D0000FE3ADEB04E02DFD95DBEF6CFBEA08F2D7
:1007E00004FCFFF90AF033E51EEEEBD8F01E05F32A
:1007F000A20005D8031A1200D54B1D0A00FF1808E5
:10080000F11E0D291413D8F00245631900CBBF085F
:10081000F6F61F07F93102FAEF0D27F3F815510329
:10082000DA273D2C05F0F2FA1FDD0E29F2E4280349
:10083000BB04012819160111BE30440500E1812DC9
:10084000E2CE3F140ED93808B7BE5BDAFB8111EF58
:100850000000E4E4F1620B20F3EBF6160DF8F4F679
:10086000E21518F4EBE4FFE145ABDC41330F13E292
:1008700013E0ADFA160C00F8212512D41723F4F971
:1008800002BBEF1508460309C4E744D113EC0A2E56
:1008900005D900000000000000008107DB050B1CEB
:1008A0002AA4FAF60BFB070A175EC7CF10040BCD7C
:1008B0005BD9E001FE05FAE709D9BED3173A09CCA6
:1008C000DE1D97401CFB0915190803C8FB3EEEDE30
:1008D0002571E40BD7FEEE021512148800EC060811
:1008E000A8FBF5E3FD09F0F612F5FDEE2F2609D180
:1008F00011C1161F0E0EFF1613322A5DE0D5FB172D
:100900001413550F002E1E190EFB23DE3A09002288
:10091000107FFBBA321D04F10BF2E6F403BA06F2C3
:10092000AE23F1EBDEE901213D7CFDBF41B90A03B5
:10093000361F09EE1CFC0E27067120E514ED11028E
:1009400016E5F0060FFE091B1C01DBE1FA5FF2F071
:100950006FFB0B16FE1AFF00F3E8F613E4BF110756
:100960003DA3DD07192FFFF5FCE9C0EDEFB8060C3C
:10097000E6DA35E6221809FC16F81AE146330628AD
:10098000183101DFF8E1091E0FEFE5DC143EF8F540
:1009900029F3EC0603160CF30C09FBB9FBDDF9E8AF
:1009A000DAB9DA1AEA36F01B22CE1EE91436050847
:1009B00031C5F3E47DFDFFDDF40713AA06E3FA0A6F
:1009C000FC75D9CC0713FCDBD74BFB291D0D07D3D6
:1009D0000BC5062204E0DAF781F01884F1D419453A
:1009E000FF2842A8ED3303EBE6431F4D8116F919AA
:1009F0004145E2E1FAD68181FBDDE1C21E35F8D541
:100A0000DC22BC50DE06FD234B25FFCC004C000051
:100A1000340D362B08F003FF04F9E8EEFE14FCD386
:100A20002A1FCA20237F0BDC342C1081FF6407F8B7
:100A300029FFF42CFC2D23DAFE11B5DBF208F600B9
:100A400033E7F536090C0BE7D4BF5CB9BDC1013102
:100A50003FE0041B1505DCE6EF09DCFE3E3AD1174A
:100A60000FEC2D7FE3CA1FD213FB3F14CC0CE02107
:100A7000EF56B204F0FE1AABE0E16417E3D5812C27
:100A800012EA1F010FC01AD27FC70DE01BED98E5D7
:100A90000A580000000000000000C1A31CEB023354
:100AA000F0A32002D8A908BEE8C89A3F1DFB37254D
:100AB000119BEB090FE253EA2A03A01F03BA7C0A39
:100AC0000800CE2121A19DDA072D400F039FDE50A3
:100AD000E330B40A217F07C0FE514718FCE8E5EE79
:100AE00011E02DCB22D4A8F605DAF7283705C50684
:100AF000E1F505F33D11C1E20E1740F11EDDEE02F6
:100B00000F5DCCF212EFD11DF321170B10B8003C92
:100B10000AB547F8FB21FF0F14FC4A01081F21D733
:100B200031F7BFF9F10DDA6DFAF7E30AF9BDFAC84A
:100B30000273EE020715FC2612A03D550A04FAF0D6
:100B400026FCC2A514F0EC40FBEE441335B00810AF
:100B50002B28E10CEB1CD4FB230AB74113E802312C
:100B6000EC1DFB13FFDA2B3EE67F6FEF28EC963F80
:100B70001F4607088125F724E71B15E333E2F4AB92
:100B80001E9626FB3DA4A5323BF40E03F9F1432D3E
:100B900023AD4C031A14081DF82300F6F6EAFF5D96
:100BA000FC3756110F075B0836021AFEFEBDD8F15E
:100BB000EBA6E213FBC5021C6611E1C622B5F915CE
:100BC000EBB40C1035A81E01EC0B81401823340A3D
:100BD000F1D32B110E334FE33202E6F8E6F4FBD2E9
:100BE000FAE83318E90BE535DB0D082F0BAAD858C6
:100BF0000C56D60AEB07E8DCEAD51615F6EACFF371
:100C00001D423E0A11DADEF61EA941DB16CF117F26
:100C1000CAF21B020851B311E705441D062FBE702E
:100C20002A43602A2A0D2F2B23FDBFDFE101D414B4
:100C3000EFD109F93520CFFFCEECEE0DFCF91EED1A
:100C4000304961154212E204023B4B4A0FDFE16872
:100C50001D2C0000F21200DDD801F5C901C525FDEB
:100C60000B27E43F3AF8FFE4E60CF145EFE0CB4D0B
:100C70000107D720B7D30FDB1DB90249ECD8540ABE
:100C80000421C02108F518FEF466563FC4E2EBF1DA
:100C9000E103C3E20000000000000000B20AE0DB54
:100CA000D115D699A4D60136F328FE40942A17ED23
:100CB00023FBD5B847ECFAB7F9CF0A0A3A1A76DB24
:100CC0001CF0F27F011BCB0BF922D0AEDBC1BBD5F0
:100CD000242FD9712A0D162B06D7DDBFEE40F41B49
:100CE000F53A3047DAEEAAE5EFEBF9EFB0E5280385
:100CF0002E0F661CDCE4D0F7013A342DA1CD0D0C8B
:100D0000DF28DD03CEABEF28DA23C3061E2DFED08D
:100D1000F32C055A10CB160F0C3DCF0004E10FEE5B
:100D200004D6EEF7CF23070AF02D5F1BC746FEFE61
:100D3000FCE7DBC0F906FDF705E62642D6DEC2FD7C
:100D4000F0FD2D0F81E0F1EBEB34EB2B3C040DC0FB
:100D5000FB00DC213FB1D4020120DB20C24D08EBB7
:100D6000EE2ED5C533F817E3261501007D6FDCA6FE
:100D7000EA46F1F1F1BCF3FE191DB4D2E80FE0FE32
:100D8000E93DE94315E7BD00E120F0ECC6F0E8FBE2
:100D9000F3252454DFECF981FC10DAFAA9F816C126
:100DA00008E01AD3F91105000CD2F557B2FEC912AA
:100DB000FF100360087FFB096D47F6CDC3EB02EA25
:100DC000E5F17F06F4FF1FF22CC0D5F53D0EF320B0
:100DD00016CAFE2DFBF129FCEC0F46F0D365FCCEC4
:100DE0007F0E1CF2DDCBFC0F1122163013BCD02578
:100DF000DD3BD23B13F6EEE8F3D81FF6EC531E6A48
:100E00002681DEF7C520EBD6E035FC9CA13BF82718
:100E100003353FF6F603D5130C1DB6354511E20434
:100E200017F4E3D8DB10FDD517FA21EFEAF6F30A41
:100E3000EADC3329F1C6E02EFFF0D6F1F92B7FEF83
:100E400012D5E28100E9D45F0E07E2F80DFBEBED6D
:100E5000D33FFD6025F60503E3E008F212090A2DF1
:100E6000F964E206D4F8F94ED896F5E7FA111E0BAC
:100E7000DD2CE72200190709FEF6F30DEC451A2ECA
:100E800017C67F6CEDEF11DC37EBEDECD3F6D7FD39
:100E9000D9EAFBFF000000000000000003B2CEB75B
:100EA0000420F4220224DAEF0716ED753DE2D2C7E2
:100EB000F3FCF9FFF2FA1C0D9CEAC29A2AE9F65EED
:100EC000A5E7DD40F1E2CF31D90D0322C1F81502CB
:100ED00014110D2821070703FD3803394FF406606C
:100EE000E0E2E8DAC60D381393C0C9DFDA2901253C
:100EF000135AEA7EE3FCEB05E903DF4FF8DDE0F689
:100F0000FC1EFB4407F7D2FF58CE301AFCC0E52C7C
:100F1000DCDEC45DDB05D8410C16541E3BFE11C659
:100F20008104DD81BEE7E6FCBB18EF646FC8B43016
:100F3000F74EF11B0D04ED326CDA114218F6D1F2C6
:100F400009D6EBE209DECFCEE9D8F808D3FE12A825
:100F5000C9F2ED0EC387C0E4BFD1C4DED2AACC482B
:100F6000B016F139CC2C63FF0721CF1902ECE5173D
:100F700012F1FCFBBAF722E2311C2E16CAD1E1C0F5
:100F8000D593E15706DECD12D17F010381C47F2BBB
:100F9000F2CD00DBD92D36FDFBEF1113D20C1A393F
:100FA00018341A33ACFC53C20DB9FA10AD05F5EF85
:100FB000F1F0D2EB1EC909CB0608D2D530F0A9104A
:100FC000E9F7E604553DEC10F2020C11D909137F44
:100FD000DECC0F1C9C054507E3EEE88B41F41B17A4
:100FE00009E729D88F1910D4F514FF6CDBC5BCE8CC
:100FF000EAE5156EB3F6CF1000E01B123B7FDAD3A3
:101000000309081875C5C6F10F1BE729E5EF0D3375
:10101000F2D905429723051C09EBFF227810D4DB97
:10102000F158CDA4292E28F8EF14EDE0B907F5EB1F
:101030001B1E12391B3807DCEBFEDA35EE2023E8E5
:10104000210D23F5E3080C14FFD5C80916D1D04DA6
:101050000A3BEE0E000002FDECE208FBFEEAED01A9
:1010600033D3C3B50441E60D262733F205065803F2
:1010700061141411F1231810FACEB61121000C07D7
:10108000D93E03F11243EEFEC40AE91A04B2F7FC9A
:10109000443A1A0FCFEA0000000000000000FFFDF4
:1010A0004CDED3FD1700381B2CC8BF01C8E110ED82
:1010B0000C31E6000F515006D4380B0102FD0EF939
:1010C0003121F505365FEE053BF7D705DEDCF80C80
:1010D000F70DD2EF250BF71328C6FAC50EF4C7FE9D
:1010E000A8FD13EEF1E3D2F90E6025F9DEBEF71983
:1010F0003E2F021AB37FDA0379E3EEDF1808F0FC23
:1011000040B9A8FFEADE04091ADB2024190BDA052E
:101110003CC62B04ECCC7FFAFF1EE7103004C01550
:10112000D800F40C35E8E5016BEA0B06D6BFE5F014
:101130003DE5CD000DEC22FF2AB10181FAFFD3027B
:101140001B35310D17F203F97F2817F6000DEF0C50
:10115000900EFBEC44E08E811C0506298FA0EE0E5C
:101160004516081EF41AFF02B2E6EE0602F2ADF7CB
:10117000EFF8021DDAEAAD02C619DDFC081BEDFE30
:1011800069F81E20D9D3ABFB000D81EC14FDFF09DB
:101190004E4F1F0E08F501FDD400EFE5114641F258
:1011A0007A48DA3006F1F807FE1FF5080641E9072C
:1011B00017662F0CEF16FDF6ED1AEB0BEDECBC08E5
:1011C000261323DFFBF7DF07CBDCDFDE193AD0F68F
:1011D000E219DEDCF43DE7F8B5270F041C0B07E449
:1011E000FE811B06C2ECF70C0D2008FCFFE3E509AD
:1011F000618FA621EFDC09F0068FE3F9AFEAED1766
:101200000BFAE80217FDFBF609D307FBF4E8D4015B
:10121000EDCEF1D51906FFFB340BE606044DF10CBB
:10122000CFE9DA1B01F7CD0E9FEAF0E07F07E10975
:10123000E81532F72BFE01FA4B081B181E2DF5FF9F
:10124000AE0EF9E9FA555A10240DD718F015EB0334
:1012500024BEABFBE0C50910F4BD11DDFBEF26E8B1
:10126000EF4DAA1306D018A5E8FEBDF209DC09CCA3
:10127000DFFDF00EFCB80010F1410A04E4C514EEE5
:10128000042203313918FF702010E7D007F6E2DEA0
:10129000E21FBE3E27C200000000000000001DC982
:1012A0007FF8CE0C112742CA32F711E9278141F8A5
:1012B0003A131B0FFFD6FDDAD10E73FD00E629139A
:1012C0001A08ED0500F2F4F310D9003619DEE72014
:1012D000FA7F10350FF641383BACEF190FE30012DF
:1012E000F9B7FFE709F7E5E3B60CB8D9085EFCF6F5
:1012F0002B0DF3EF193A0EE9D141BA2A15E806EFA2
:101300003DC3F831FFBBF0F2C02CC3290AE3EDE482
:10131000EA4519190698FCD4EB0AF2FEFED71A0228
:10132000EDFF520510C9EBBE08FBB5D4D9E615C6D2
:101330000EA4F7200C2203F6105CCF151D24F3E950
:10134000C201EA0811E9FAE4D3190127F6DAF12912
:101350001B475E0429EF2CB5F279CE7F071112A846
:1013600009C7D7282F33161444D50F16D8C9D6F974
:1013700032A2F3FB1DCB280BF40CCBFEDE5206F39E
:10138000D31F013409D1130351FEEB0C2EF41AC400
:10139000EC44001014D012E0EDEE20F081AB2CE410
:1013A00007D28E220E6152E3F529028A000A00F963
:1013B000DE550219EBDE06FF21C4E10BFEFA1EE347
:1013C000EEFCE63E1013023321093631210CE4EE27
:1013D000253351FCFD0DE859D3F77FE414FF81FC60
:1013E0000D1901D6EBFC20201436E22D0BED05FB88
:1013F0003B25DC421ACC11E505E7FCF7FD0F43B2B3
:101400004AF9E1651D10ED2222B1FAF81078FDD5F8
:10141000FE5D002D1BF0E1F80A2DEB03E306250924
:1014200061C0BC17E59D237F0E3019D0EA3D0F0D3A
:10143000FF354326FCBE099B0828E6150FC71DE4AF
:101440003BD935EAEEA9220DEA08EC0BAFD221EA2E
:101450007BD4E22606A0000000000000000000008F
:10146000980DF32145FC00CFF313FF303A0810F834
:10147000E7CBD3112AFB57E40BEB0E2B28F825FC06
:10148000EBE808121A06C4D7B7B731062A0A8BCE82
:10149000E8E024D5B7EA127F19DDF7F9C7DDFC17BC
:1014A00004E236FE7FCEF9A6D3D7E5010A1511D89E
:1014B0000A1116FB1BFCF000D502A41EF4037FD812
:1014C0003FCFE634D0FFE7F30C27EA26FE01CFFA40
:1014D000BB44002D2C001CF47F86FAFB02F0ECB715
:1014E00027158E2302F64EF7FEF109F212FAD5F116
:1014F000C6FC01E620FC19051B21FB6516FD15B98C
:10150000290505E31BFEEEDB871902404B070BB7ED
:1015100005F4A21E37C510CE1BE9F5130F0ED8DE59
:1015200003B10A3813F8E6B8DFFD25041904CDFB32
:10153000541002F1E113DD0936DDF3F1EA06E84F5C
:1015400014BEF76F4600E6B14F0DE016290C2FE5EB
:1015500028FBF326088DFC09E6EF81F6F0032CEE5C
:101560003107BA2A16FE62CB35E4E6FB13F934FEE6
:10157000F2220BE02A1522AD23FD1917D60CEF221B
:101580003D06044333F8E4D70CE31B2A131C0FD8A1
:101590004C07F02B09EE4BFFE2081A272EFCEEB9A0
:1015A0001C01EF42F408F5C9E4F6CECB1ACA110EBD
:1015B000D0EDE5C105EC12EC4E39EF47CFF0D1EAA2
:1015C000F7F0091603F8F610F8EA0E030101F8E93E
:1015D000BCFCD091FCFB1085D803107F4904DC993A
:1015E00027D7C00724F0001E62FF09F414F0F20EA2
:1015F000B407EC97F4C421DEE114FF16000906F6E7
:101600000212EFFD0C02C803460403F510F710FDAB
:101610009FD8EC1725062F0A89B3E78A11E0DF313E
:10162000FAF5F6442AFF09F0F001FB1E0F810DC305
:10163000D9D30BDA2D04EBD8EE1EC95709F4108468
:10164000C8F41FE514FED2D8791E2479E406ED39DA
:101650002030FA1EF704C720DF81FD1F08F015A611
:101660000216BAD40C1EED0500191E02EBEF111282
:1016700035027FFCF6DF7FFF3EF8FAF51201EE1D22
:10168000D63DD72CFCFA10063A2BDEF21CAB9C2080
:10169000ECAEBEF20DDADF2CE3E4F8EA0BB0170B88
:1016A0008B17F532FDCCCF7F4316DF0D57E1BE120D
:1016B000BCE89EE7DB2812E41B2C3AFE33DC19065B
:1016C0002F02E2E815C1F503C9FC241F2409FAE939
:1016D00026EBEFE9F2E5F90181A85E3000EB1D0988
:1016E0001FF8FB1B57DFF51BFE480D0D14E4D0144B
:1016F000FE1B07F100B5F8031E27F93508F5E2795E
:101700001E24E9F8FF180E0C4B014D34020DF44372
:10171000F017331727052925BF19FA8111D2CE18E2
:1017200096E0F6E417F2253DE01CE4EC19DFD90958
:10173000DA2DFA0D14D508FAC2810AE2F681D9E74A
:101740006928D4CCF6183104B8B6FC0BF2E2FA01E1
:10175000BC0A15062E092A1D0D2AF0FB7FEBF1FCB1
:101760001B111D33441EE41818FEF2C6F6E307F3FE
:10177000E71604F70DD9E117E3B2F91A0C25F201C7
:10178000C831ABB908B0E40942272347FF3F18F935
:10179000F724D809C2D2F6ED373CFA1E00F2EC323B
:1017A000B2F33C05FFD66711B565403005DB501636
:1017B000B21DD3021C1E1405E5F801170C131212FA
:1017C0000F18E5F80328AEF71C3AE3210D000618C0
:1017D00086E3221D070E24021F310BE807065A116B
:1017E000ECC0E411F9C6D70D11B1125702F4C0359F
:1017F000E1C5341FF90D28E6F0BABBD70236090956
:10180000272E080800C023F0E4BDE917F8081607E2
:101810000749AAD205C5BBFBE41C3A1BF8D1C9E4B1
:101820001AFA29120401110CFB2B220525D859287C
:101830001615060B0BD0160CC3FFDB371DDA23166B
:10184000E51751F0055FE802FA3FDC470EE6AD0709
:10185000F1093AFF1E9CF904331416E9F626220B0F
:1018600000000707070FBEF7170CF0042A34F71320
:10187000CB1D24FEFEF2160E37ED16FA23291EC0EC
:1018800013EDFCFEAE36EF3B1CD30D0B4CFF05FFFA
:101890004E4BBE0C24CD01032705FFFFF53DD8F1CB
:1018A0000339A811120CF51EC6E8F1FD2CE005065F
:1018B0000F04DD18FB4CF9F8EF090806F214F5F3F4
:1018C000F5BAFC1902C0D102EA0DE7032810151E73
:1018D000F3450D0F2D35BF047F1306E8FC13682276
:1018E000B144CB0CE12DE203DFFBECFBF7D7DF28A3
:1018F000EC3FEFFA0643EE0E02FF12DEF53BF90A6B
:1019000008311802FF12F80AFBFE0B03FBF5F40383
:1019100027F907D4FA610AEE05E1FEF00EEDF116A3
:1019200005D609FDE25DEBEB1423D5FB0DF01100AC
:10193000FB52DEE0253CBADDF8F1C3EE200CF635B3
:10194000DD2C08070D048E1174060FF405F7212510
:101950000B9C04E7ED06FEEFFF41F90A3C281D0E43
:10196000FE570501AC0FF0FFE7C010FC133A04DF8F
:1019700002FA18EE7F1C980569ECE8FE0F78E21A6F
:10198000E912810A12FCEF7F27FF24F9CE4112E40D
:101990001DEC1402073C3F0C27FAF2F9570F07051C
:1019A000207F0DEE0011F446FB0A27C40A45FAD940
:1019B0002EF10DC8F03AD0092D17FEF7113D21FD8B
:1019C000FC362911F6ED0701EA1D0CFB643BF40718
:1019D000F601F4E12BFAEF03DA4B25E0E353FFFBCA
:1019E0001005D7F81281FADB18EA0581FB1C0DF708
:1019F000F21816BC01EF0C03E8F700FCFE0CF41221
:101A0000FB01D8FC044122F10F200807072D13FF2A
:101A1000F8FBFF1C0B0BD00F0EE1E1E3411E81F838
:101A200063122D05F8E90CCD08F2EAAAF1EC1DFECF
:101A3000EFF1F5FA120AFFF0F6F102F5F22A0604C8
:101A40000F2B1A03191BED28E410F1D10FD819F44C
:101A50002B12FB03EAD6D50F114D2A004A030F0FB4
:101A60000234DBF8326A0E170933EE4ADEEC10015D
:101A7000D5140218071181FC0817201E09F8140B51
:101A80000C0007A539081EF038090F06203C0F0C82
:101A900070200ABFFEEA10E6E5A4D2DBF247F61595
:101AA00022F5DCFE450DA335D468A41CDB2B2804ED
:101AB0000B1CD0EB2F24CC00EFFE0C7FB6FAF2F318
:101AC000010A9CE901F7ED1528DEE5CBF808FEFEDA
:101AD00029FE2917044CFC0BF72ADCA4DB92E81939
:101AE000EE081574DEC52AF6DE7CD40B3E10100914
:101AF0003F3706FBE51D0C051638CEECCDEE3D0A52
:101B0000E53005FC0E0712E50014D4E7F85F97EC0A
:101B10000D427B31E0C5F817FE45D3EFE50B02D946
:101B2000ED6681261EBAD8193E33D2FF471C140336
:101B30006120EABA1115F6F8F9D9D537FE06F4FB9B
:101B400015980709081B18FA0B524207A7E4DA1D7B
:101B5000DDF0683BDBED0DEEFE610129CD0FFE02ED
:101B60004F2D1D30C0E909FC37C3FA1F1AFDEC07E1
:101B700012F72D43FE4F1F040A29C9EAEC1206FE94
:101B8000137E0F0FC9B82A02136C0F12F12204FD45
:101B9000F3FCC6FFF620CB15E919F9E01647120F42
:101BA0007F3DE1CBE3E4CDF009730F0DBE09D5080D
:101BB0000032F8E3E3000AA90F4048DCB8C3F70499
:101BC000160A03021AE41C7FFAE4DAF60CFC1FF191
:101BD000DFD11FEFD8FDCCFA0707E5E016DD030CD7
:101BE000EB3CF401F2FFEAEC11F4C31381F807F4C3
:101BF000FD11FAF3B5FBF3160123F1F412DB4704F0
:101C0000FCEA0231DBF1C4B315F632F7EB2B0E130D
:101C1000202BA4293333FD0810BDF430E434DEFA60
:101C2000587F01260F1AF1F6EE08131E8FF5050EE8
:101C30000AF514151DE7FDDAFF53340CF6810F0485
:101C4000E8381A1403F9FBDEE76C1713D5D60EDA61
:101C5000FD8BF4E8E5170CFB29E7E12AEAF505F42A
:101C6000081C000001E40C020137E6F904EBB89C03
:101C7000033A7D010004B7F4FD46E4F51A08FC0AB6
:101C8000FA020D1F04DB20A3162281FD18FE1FEFB0
:101C9000EEF2090925050A0DE77123001919D53758
:101CA000EC1EBDFCC953D80C1F8102F1FE212FE2AE
:101CB000FFFAFF090AD5D5191CD6DAF47FF6A21D62
:101CC000E457F50CF45F0508F1F308F934BEB90EDA
:101CD000EB2AE9FE04CE11071AED1C08F87FCC07A9
:101CE000F52DF7F2F6F3C8F9111DFBFE6225100D74
:101CF000EFF61FF9FF11F5038C34010A163B48DBA0
:101D0000FCD70FF1FB0216CA090AF705D9113BF9F6
:101D1000D6DA03E81F4410E7F553F3FFFE2895F6E3
:101D2000E527F1FF0EE8E923ED06C206F5D2D8F467
:101D30001326090AE8DAF6F0F1EE09FBDDC5E7F84B
:101D40000DCBC6F0160A40DB02FE1805160CC7F6CE
:101D5000F786EEF8FFD6160F002FDFF508220DDD0F
:101D6000F35F020E211513EAE92D990AF5031F030B
:101D70001846E8C012EF32F4FB16100A010EEAFC16
:101D8000EE31FA0717DECEFF10DAE74DEE281AD94A
:101D900081E518A600DBF51FE01BEA0607223BE8F9
:101DA000E617050E2220A81FC52206FE4203EACA36
:101DB000C30805810F45D5E7E427CFEEF855E8EED7
:101DC000020CEDFA1E141209F5E8FC0C11061D18A0
:101DD00009143500F7C781F70536A615FE4603BF7F
:101DE000DB92EC01EDE8E5F6EFFB1A01E948F2F6CB
:101DF000164001FE20F7F2DFDDFDB906CB05E6CF88
:101E000014C20EFFD903C4811C1211E509B2540E8D
:101E1000FF0CF8FBF9CFE6F4FFEB320F1BF8DAD337
:101E2000E3D7E1DFD801EB14850BD4FE03F108F909
:101E3000040CE411F8EF4910F024F3F5FD070ADE75
:101E4000E931E9F7162DFB05FD8DEDFEEFD031D51B
:101E5000F312330D0F0CD004D60D18E31E2304E645
:101E6000E8EF6FEDD2E511FAFE141DCE3E33FD1AF8
:101E7000F11BFD012B5709E5F60409B8FAF6F40247
:101E80004156F6055D3A05F3F908F5DD08092A180B
:101E9000FEF5E7DEF01508F50EF1E3810003F7D457
:101EA0000B04DBCCEDF2D74FE22A2FE002302B2ED1
:101EB00002F8F7BB1611FE17F417E3C7B9D40ADE10
:101EC000F70BF4D2BBDAE98EEFFBEEEA97EA36C203
:101ED000FA22EFC2C51303E701FCD7CBF2FBEC02F9
:101EE00001FEEEC1FEF62482FB081A0E1AFF41B66F
:101EF000ED0A3612FEBD02BD06FE1CE4FC1D14F206
:101F000005F21DF5EAFB18EA7F03FAFCE32D02F760
:101F1000EA0D1BBF0B2CFB2F04FC14DD53D002CBAE
:101F200010EFDBF927F5021803FDD6F943DB7FC07C
:101F3000F70907C80417F4060F031761D90CF8D97D
:101F40000314005E1924212824FE06D20509C819AD
:101F5000FAE908020A1A0930FCFC280C2F3E0CB8DA
:101F60000BF308EDF53603A202FC00EA0BF3F9F4DB
:101F700001FACAFE2EE90C14ECF4B8F6A8DE0C1037
:101F8000EF160420012FFFCC0F0C3BCFEEEA15FF1C
:101F900003EEDFE81339ED41FA11DE860828FB096C
:101FA00008F900B0FE2FF8D6F701FCDE0D5824E04A
:101FB0000A0FCAD57FEB14B65745FA03062FF31064
:101FC00004F70FE5FEF601F2357F22F22B3C0EBF3F
:101FD00005F01FE4EB1426C70830F2023B15023867
:101FE00015F4018A4AF2FCC11323FD14FE0D14FB03
:101FF000FB0B03D6E1F8070D11EC064322E7FFF5D2
:1020000012FBFEF27981F28D07FDF6C5FCDFF2DEF0
:10201000F1EAF90912F4F51FFA0BDDA839FFF1D83E
:102020001E0A8106EBE609F4FFF7E50231FE08E639
:1020300002F613036F1D108106E0201A0ED106CDA3
:10204000020824A21921FD98F729F7E5F71418DDF5
:1020500003031DDDB7541393021603F7E5F605C31A
:1020600009FA5106000000EEDB449328E65FC6EE55
:10207000F20D011F15DDC8C4F931E31B0C0712DC9A
:10208000202F1869F2211DF2F748E8EAF4151E1115
:10209000FC34A5ECD9E6951D0166F0282BCEF40999
:1020A000E1E5EB20FE10403C072CFD1C2943DEFB44
:1020B000E2F2B9F2C61FF64257DC440B2FDD9092D4
:1020C000BC17EF00AE40FC19FB2219350D4B64899B
:1020D000ADFDF7F1C12DFF3EEAFCC02AC55D14E657
:1020E0000EC1572B06A481DB170F281BF22606967C
:1020F000E00BCA28D81824D3DC19D901E4F2103037
:10210000EC460062B306F410771F0E2581EA07F54E
:1021100081178F54AE7FAB27F9C33234C55EEFF41D
:10212000D134B5FEE2131AED0D3F511507D64DE738
:1021300009F3D30E060D0CE7EDF800EB1D7A2AF437
:1021400040CBFBE5E0F4D71CF537D368C6F6EB1EB1
:102150001FF44BF9F227E80F00104E4C1B31F5A984
:10216000CA25D243F70EDD1BC24AF7F4FF520E0018
:102170005F1F24E5423C13FEFAE9A419E50CFBFDC0
:1021800008B4EF120919150A5715541BF64BF4BC85
:10219000E007AC0FB5F6DEF2E90213E817BBFEC2AA
:1021A000EB3F9354DE51FCA80D20C7F3E4EAA08175
:1021B000F901FB6BBBD5F8EBC63C677FDA08D31798
:1021C00010EA3F0FE41A09E213EE230BFF03DDA828
:1021D000D2FFE9F9D2FE1FD4130BF3D5F523DA07AA
:1021E000EA18FC1CC70F5312E9C60C21D8A0FB0B40
:1021F0000809244AC4F90916F8542BDFBDEEDFDCC8
:1022000035282D2CF818C7500925FDF502FCEF26BE
:10221000341E2B1B22F2B91C355ACC1D171FAC07DC
:102220000A491EEACAFE41BEDD19F4C9C22109FEEF
:10223000EEF8161CD305DB28F40F1529E008EBD7C0
:10224000162D7F76EE5AE7DEF320F2CDE2D8201489
:10225000ABE21BC0C6DF2233FCFDFC1DE720E21A07
:10226000BF81E7FBF8FB00FA09ECEF16F204E2FA93
:10227000FBF7E6048C0EFF14E40C4B0ED01541FF67
:1022800006E4B2C4AEE301EEEA1210EAD807010593
:1022900002F009F5F1010B23F0D12F7F0AF305E7D6
:1022A000EFEE341B0B00F2CADEC4F3C20C7F010058
:1022B000FAE41B8BE710F51B0E9C15260ACE0416BC
:1022C00005F639D5D05B00D4D70F59C6E61203F610
:1022D000120F4576D62B01E0FE081E0FF60C090AF8
:1022E000D94713F4BD1BFCBDEAF3EAF09714F909D2
:1022F000C7434F17F450FB04810A0408E5000AF8AD
:10230000EB44F028B3EDFCBDFFF00FEFD7F5FE185E
:10231000E2511807D335FBE9FC63E6BDE9DA28D3BF
:10232000DF94DB1F04FB04FFEC9AF3C6D9F406E943
:1023300002F8E8F6CB0CF71604EC1EBE260B1D05C2
:10234000F0F446C9B5F60E05070913C7DB06F40617
:102350000BFD1125192CFBFDF500D9DADEE7070A84
:102360000A2F28E7CB08FDFFF94CE90A082010F5F1
:1023700002F0105CBB090504FC81BB0AC1B506195B
:10238000F52406FE4A18FAE3AF8BEFC8A70BFC153D
:10239000F040CAE0460F05E9E4D5DFFD06DC06FBA8
:1023A000FD21020FBD04FA1B05F37FCEB32C08F10B
:1023B000FCD7FEE018043BF6D4E5CAEC0EDCF9F2DB
:1023C000F02DF4D8E61305D41FF0F214F00131D348
:1023D00002FB2BC38B0F24DCFBDC0EA904D20FEA1B
:1023E000FE0DE71081DF07FBF3FC2DC639E6FADAB4
:1023F0000516FD5114E912D9FC08F1B2F2EAFA000F
:1024000004BFC900AF937FEF0405AE44E4F2FD7F43
:10241000FE1D30B3E604FD0EE88E215504140BDCDE
:1024200005F52520DCF205FB0E32E9D415F3FCE6B8
:1024300002051AF2BD0465F89FFCF8A4FDFDFE0E2E
:10244000BA0CF2DCD310FFF022E0F7FE5ABE0B0EFE
:10245000D717E2F5DA2A15C1E3D657BBCB1A0B071B
:1024600005DDE10006EA00000000000000000000B9
:102470001301EADCF863D6CD7E1E320B00C5FD06E3
:10248000F6DB12162824CDCE3EE4030EEBE8F8D797
:102490007328F3F4F920B1EBF907FB0EFB12CAD74E
:1024A000DFEAE8FCF9D8322E7FF5FCE10645E1BE13
:1024B000E0EF134AD1E41FE04ADE0F130F0905F9DC
:1024C000E22F03F9F30BF5E9ED0C132213E3390ABC
:1024D00021F7FE252120E3DBDD01DD11E9D0726566
:1024E0001AEE0130EFBA345CE6FA16F2110AD7DAC6
:1024F00003000BDA7FF710F77CFD112B20D4D8FCFA
:10250000D7FB1B0A090A0FF774081CCAF02EFDC47A
:10251000A9CC02E4091CE71B3BF8F0E2EA1ED8C391
:10252000120EF30EF31705DF01FBDE100CE2430C75
:10253000FCE2F4F30CCC07F63FE607C6FFCA231F04
:10254000D00AED08FF1FC2E5C4EC1BF202171E05FE
:10255000DC061EC4ED3618D10ADD0DF609C0E1FD1A
:102560001AA7110C07FB0B194E6C09A6F258CFB530
:1025700032E8E5F2FAF302D5E52505D8F3FDF0F6E9
:102580005B09175B09D981DDE33B0DFDFD1BF6F807
:10259000F6EE000609F210F0D7F87FF0D8C90AF17C
:1025A00026DEDFE31AFE0231A8F2D218FE07FB0393
:1025B0001A200A0708E41205E9812681E5FD362480
:1025C000EA1EE6D9050DC7DFC0F71829C9D516558B
:1025D00030F20807E8D5F7D2F01518E2F80305E75E
:1025E000532621FAF081F611614304F11FF8F3EA52
:1025F000DA18F9F307D40C235632DE1503E8F20A91
:1026000009CACB15F7A1147FE0FDC3E1EBD70BF4AA
:10261000D3D6031021070D134DF92C100CC7E61566
:10262000F918DE0620ECD7D5140C1E13FEBD322B94
:10263000A1040509BA120CD20DFF0D140320264285
:10264000F118F80B0FD70F20E7F0F717FD2AF2F774
:102650001CEF08241EE2170CF6FBF910050FE0FA38
:102660002EEF03DC0D04080DE8DA0AF9F6ECE901B7
:10267000C212FE293824EE1FA2EDDFD526F52C2349
:1026800028001A4121EFC8F0D50911D62625FE07EA
:10269000DA0A230BF715CC2607E909FDC8ABD7E505
:1026A000471FD081A43D39EE1C0233676F25C0510E
:1026B000F2E99B2AE17F4EF1FCEA2F0742D30A217F
:1026C000F8020CF903E1030EE5071FE6BAED03F784
:1026D000001614191EE1E0ED3209BF0BD8A475AD48
:1026E000E927DEEBF03DFBE0F2E8EB11F2E80C3C11
:1026F0003004FD12EA3DC9DD3113D2B444F3F228AF
:10270000B9F60D1FE51F241700D2F13F0ED904259D
:10271000EB0014EBBDEBE4EEB9FCED1B1E21D62A59
:102720001C18FB3517F4C5F3020611E7FACE2CC8C6
:10273000FAFF25CBE9FE2DBDF51D03F6FE1B42DF9A
:10274000F902211C3BF4ED1A11F010FECC950AEAB7
:102750002902CB96050B2FD302FFF8B306EA197FA7
:102760001DE60CFE39FB662E660008212A5B8119E6
:10277000F513C9F422E3F92CFEF30BD13DF4FE323C
:1027800049F2F2B0E63105F316EE2D38C005CEEA77
:102790002A0904FAFD092CFC5881C700C11D3FFC21
:1027A000E329FF2305290405DD0C2DF9F616E906BA
:1027B000FAFE02CBB418FBE66A12FC85E703ECFBD9
:1027C0007F0A24222A539D27CAFBD60AE72B568C60
:1027D000F716C91EF007EC0827FF21DD22F2F014DE
:1027E00009EDC1A24DAD71210E03D2B3120E01F459
:1027F000F308D4F32AFDFC19AC221410F043D6EFF1
:10280000241CD8F8C3EC28DE2A31CCC6B7FA332111
:10281000E5F313E6DE0B341A40E3CECA1724F700C3
:10282000F21C15DD01DB5CDF2ADCFB0F81FB0DCE2A
:10283000F7F92B4715E1010BEC0124F6C91C133005
:102840000710D5D6EB0916EFF008065CDEE3B903F6
:10285000F610D7FCEDF9FE244DFA7FF00525B70FF1
:10286000DFFEE3DB26FA2710E8FBFC0D120B13FD5D
:102870000000FD16EDF6F12CFB02F6F0110ACCFE7D
:10288000F90B36FD0B13FFB1FF20EC0F0C91240167
:102890000DE891FBDBF8FDE60BE7EDF25100DA2FD6
:1028A0000730C703A9D0FAF60EF1B720A4F7E03538
:1028B000F4DA4629DB771B70E4EBE3FFE21012DB6E
:1028C00006333A0723F2F3F90ACAF6E7CFFDFBE233
:1028D000FD12FA063318100100EFFFD9AA09BABB9E
:1028E0004115D5C9B20EEF1DE3FA240CFCF903E53E
:1028F000FECB0FE9E5F7D4F7011960F154EB05A71A
:10290000EFE8F60EDD0AE83CF2FA051452E2FF7F2A
:10291000FDD91F0821170B4E013DD433D20CF51EF3
:10292000070B1B1BC002F3CC15D5B3CF0D2513E14C
:1029300003340616D80927F6162D1C0FAFFCFF6BC3
:102940001315041F58FCF8F2371830E8E90C00F6AC
:1029500026FC55DD7E0BD835FBF709F2451220FA2F
:1029600002FA340FE6F3F32503FBA9070DCDE8992E
:10297000061201F03E04F40EF809D70B220E0BF5F7
:10298000FA07EBFEFF2EEEC2EFDDE115DA0F1EFBBC
:10299000090801F922020EECFFE8751CC8CBCA1C1D
:1029A0002828BA0F810C0343FC03D003D80B012560
:1029B0000B0403F7FF201F29EDFE48EE9C1A03D2FB
:1029C00025C1ED0AD40D0338E1E9FFEEE1FFE62F62
:1029D000FD4CF5F63210E53AFA23210AE523EEDC48
:1029E0007F26BBF55E00DF2DE72E06076AD0EED806
:1029F000EA87050AFC12E924FADDEE05ACE414CA04
:102A00001414DCF0F10502F4F1F981816FD6C1D51F
:102A1000D71ED50DDEEAF80AFEEC70520EF7E1186B
:102A2000EAD7FA1F04020D2B0A237209AF1BFCFE22
:102A30000D220B19C21EC1E6E9194AED4EF41FA37F
:102A4000E77FE6E452C3EDD60AE1B600FC380CE5B8
:102A5000FDED1FEC31E7DFB2142537EBA2FD7F8BD4
:102A600024DBE9FE2881241CE810F7010AE010F7B6
:102A700007CC14F81BDF12EE29B90D9AD70C1E28CB
:102A800005F4DF27F6BFF7FA0ACF05D8E7D6FF002F
:102A9000F8E8F9E1ED13E3DE1BB21808EDE9C7F33E
:102AA000011014F224461B09F340F9F21BE2F2C2B2
:102AB00000C8FC3C4BF4E308B49E05231B02EDFB6D
:102AC000FFD3FCF207EAEAFA09FDFD111201D30E69
:102AD000F6E40D28E1FCE704F4D9E60BFA78485552
:102AE000F014F2E6FC7F2925F9430109C3E5FAFF5A
:102AF000FFF404E81AF77F0B3A1EEDE6CE4705FE19
:102B00000B520AD03ABCF10713D214E417CBF2F2FD
:102B1000E2CEEC1BCA2FF02702410FEDF1F115CBED
:102B2000F9C4F01CEC00E2DCF217E319F66208D9F4
:102B30000A0DF1E0C9C9FB0A0FFE1FBB2506120BE7
:102B4000080B0801E6951AC610C3FE0A01E5FCC58C
:102B5000D5BA1FC6F30A070CEC5BF6F51612F3465E
:102B6000811817FC03FAFEEAFD1004011BC6E3E01E
:102B7000FCE8D8FAF7E20C37FFAE180DF107113771
:102B800006E71381E04521C0086BFEF01225EFF146
:102B9000F114F3002BDFF2F819091EDE06EE1BCC50
:102BA000FB5C1AEEEF070AEE13D6121EFD2D09DCB0
:102BB000F830FD1CE316EB1EC1341CDB054904A7ED
:102BC000FB47DDCC7FD5ED0509ED17CFE23029338A
:102BD000E040F2DB98E5F4D3011BEDFCE6FDD120EB
:102BE000F28F2CC4CB220A5810BD10F6AA12EB4368
:102BF000CF151501DA03022AF00BF7E11FFAECD327
:102C0000F3030011EB59117FDF1F81C8D1EC1E23A4
:102C1000F20302E8F921F9C1EF1E34D2F1F40B1DE1
:102C2000067F0DD4FEAE1E09E99A0CDE01E0170AFC
:102C3000EC23FEEC110179F6080DFE15020A0AE9F3
:102C4000BF430013F50DEA1502570B08FC11DE080F
:102C5000F7C0FE0D000309F6D410FE3452FA2DF031
:102C6000F4FF0823232428320B23050AFAFEFB1C59
:102C7000FC160000CDF4FF16EF33E4E4FCF914E396
:102C800018EF2EC9003200E3EB2205D906D800FB6D
:102C9000F3F7FC0EF8F2FFFDF0FA0EE59533F7FEC0
:102CA000030521BB11F11C3107CDFA16D3F8FDED58
:102CB000CF0E550376E7DEFC4018FC59581AF1D5C3
:102CC000F8FCF83FEDFEFE04E8EB1C16E3ECF3E83D
:102CD0001C0B16B5B921041EE6F2FC257F03D7AE06
:102CE00039000CDD0F0DEED322C11611F6060612C7
:102CF000F8F314002B1381FCE0E7C5CD5ECFF0D4D0
:102D00000CFC07E0ACDD010EEC1413F423A5FD244C
:102D1000F0060CE4FD4DFB0C18EAFBF2FF0F021D60
:102D2000F524F4A1EFCEFA16F8EB0EF9170AD5BA8E
:102D300000F4C51B1CFAE9E118020D1C6CD8000D4B
:102D40002602E0FEAD04013FE727E7DEC4F4E5D547
:102D50000916F6E9E117E4E3810C2DFF21F8FAFDED
:102D600019F0F4133514EF020C0F180CF40E1219AD
:102D7000BC170AE6F2F2F5E7F809FEF4F039F109BA
:102D8000DD30292927FC1A020FF0FDCCF9FFFF01E5
:102D90000B0CE1072FE7F9ECED0E371224FEEB5791
:102DA00011F0F808D7EAF51FEF0DF1E9DA06003C5B
:102DB000F00906FFF31D02060A16D342D9E8F4F320
:102DC000A8E1EE19BFCE0ED4B41C09F8272D0BF6DE
:102DD00025D6F9071302F4CAFDF000D3F513E10676
:102DE0000A1B0CF7C406FA16E80620CDD281FCFEB9
:102DF000EFE4147FD7B0F810FEF2FA19DB14FBFBF6
:102E0000300502FCF709E8DB15E3FD2F21130681ED
:102E100004F839FD18E20AFD0EEE46ED24F5FD1B1F
:102E2000001031FC26E2F8FA0EF5C5FF351DF11B46
:102E3000271D12E103139D0CFE81E3D6E9320A1926
:102E4000161CDCFFE90D1810E3E31B1BD11013FB6C
:102E5000F4EAEAF1522AE2FB09F927EFED3C081502
:102E6000F23A81C4191927F7E130BEEAF50515FFDA
:102E7000FC0104F1F8D8200816F9E0F73035D1C686
:102E800009EC29B8DD3A03FDF71BFA0CC70BFFF07C
:102E9000EE06121627E6E97F06CFDCD251073DED9C
:102EA0000624D71B1C81DCE36034191A16F7DD20D9
:102EB000360D05D98D35F6ADC672EED9A041F8FEB6
:102EC0000919D4F0300A08EF3ED426E219C2DB0D0E
:102ED00006F7D3C5D835FD08DBFAF60F593CE7A352
:102EE000D8607F080E1CC1B2A3671E0E171B26F800
:102EF000E81039D61DE002F9C7D7A6062729E389CD
:102F0000EB4F39DC0FB90426EEFA08CA143212135B
:102F10001CDBBD1CEA0D0E21032AF20559ED100041
:102F200012AA21D125260DC6271445CDBA54D98B16
:102F30000F3710FF0C0DDF10043629250324E80499
:102F40007FFA0A33EF0DE847CBCF18351EDAFC1CA9
:102F50002B172EE2E7BFEE96307F1D3D0C1D0C09AE
:102F6000EFDFEFBC0A450BD3F62D320D05EA1AE56B
:102F70004101923BED160FCDD11E12EAE8EB210A7A
:102F8000E3FE1FE55B0C0920F847F32F1ED4EAF19E
:102F9000FEE6FEF426091329B80421FF081A20EAE8
:102FA0000C73D36F05B1FB28FD11FAB8FDE9FD08DC
:102FB000C7ED0B3B81FB172DBE3AC00AFDE3BFE610
:102FC0004847056C3DBACBFEC404EBF8E7BAB9A894
:102FD000FD7E2D08EC0B38CDD431D1120DDE131F40
:102FE000080202173EFAFFA1342911D103FE62AF95
:102FF00018E22B6619D513D00AF629F6D121EF3243
:1030000013EE0BBDD4C5EBE3CB48EAE01DE209DCCF
:103010002548FC113EC008F6E60300EE372EDEB66A
:103020001748340DEBFD04F5F808332039C3D10EF1
:10303000D9371B29E8122C321AF6820DE4EBE3DAB9
:10304000F6F413FC1E020BBDE529593F3509FC01BE
:10305000F30102F7F923F6FAEC06180A2F1581FBA3
:1030600016D90281DE260A1F1AC8D903F8F4070907
:103070000307F7E80000F2E729D048040113FBD862
:1030800048067F0A10E5AA4A121FCFFFEE03FAAFE7
:10309000F415052A05FF15A7620B0C61F703F9D299
:1030A00048F2E04FE81852D7B914FDF50C0C30F592
:1030B00029FBD113FB02210948314581F9F7AFF310
:1030C000E429E8FF1609F2C2D5D1E3F2F703F0FCD8
:1030D000FF1CA8E418F9CF1A9E12DFD50506F17679
:1030E000A4812CF772E45E1819E02EC1F9F2F6F60D
:1030F000E4EF40C9FFFDF5E8D1D4F01181011AA039
:1031000042E2F2FD13FB190F15F6F3EB00F10ED0BE
:1031100031EC44B5DF05E2FC9007E7E9081C02FB4F
:103120001B0227111701F41944DADBF90810AE1855
:10313000EA03FA06FF0FFA07D809D08E1BF2EC1843
:10314000E50329DF0402BDE3FCE6D4CF050704460E
:10315000C8E4F20C2DE2649FBCD53846E8FDED24AE
:103160001304FE1F0A0602F8F4F924EC1CF8479732
:10317000E9EA0E28EA03E9D310E417260CF7D4EDA8
:10318000C7E4EA1823FB338E2DE647D81CE01D1058
:10319000F11BED08FD0AE710061306ED07FF2E11DF
:1031A000FCAAEC35E5CD20DA31F70E2427F424EB28
:1031B000FB05FBDF03F80213720622E9BD0F2F3275
:1031C000B5DCC0E911EF4EB60A213E1F14177F523D
:1031D000F9C621D907F620021D9EE4E6C6FBEE845F
:1031E0001C14DB37FB81CD886ECEFB67F402CA1757
:1031F00035C8BFEFF60BF3B542B6F90A150619F656
:1032000008082DEAF50A13241AF70ED717FA28BB77
:10321000CFBB1633E8FDEBFFDBF00DF014002C1DE7
:1032200006CD41031605E881D401341305FD3D2E7A
:10323000B60011D70FF7E2EFF929EEF8FFF32E26CB
:10324000812CF3D2F7FB01F2E30BECEA1402FBE76B
:103250002B03EB1120F7ECE4EBDD37FA10FEFA015B
:10326000FC6ED0076002E6F8412631FF0C0AF70534
:103270000AEB0201200105DE1847EA157F4A81DECC
:103280001BDAD624DBE9FF02291FF0EFEEFF1EE672
:10329000F6F3061D08F8D3C03800063A295014D2B8
:1032A0001E0821F8F242B652EACD28FCE3BE2023E4
:1032B0002423A82F383BCAEDE60DFBC3750D011C76
:1032C0000301861FBEDE0529FBF6CDE4FEF91012D0
:1032D0005124292305F723121910C7EC14F412B74F
:1032E0001D1D6AEDBDD9FD02140C3FF0F4071A66EE
:1032F000FD1DAC0513FAFFE7E3F7E912F6ADEBD2DB
:10330000C58106E7A0B816D9303FB305130110D424
:10331000C9F7D008F8143654D6E244CBB9EFE3CD60
:103320000A0FC4125A2920AE2D15F3DE2FF8DDD571
:103330000B3F1811D2DD353120F6591D0C25C3C3C2
:10334000F6FFF2EFD115E7811EE197342D0833A97E
:103350004611E132BC0B00028199B6F7BF813607F6
:10336000CF29CBF6ECCBEFF4C7BBD2E0BDEFB698DC
:10337000F814B8225F37F5EBC719D30FFBD30F1B37
:10338000B4F3AB1A0EFBB0EBD8AA1AF9CAE7EAB548
:1033900014284601E7F914FBE6E3EAEBF3F6F8BC80
:1033A00087C221F79EACE5E9426C020D4253FFADA6
:1033B00002E3ED4A23F6FED6F0D6200E0CB8FF2429
:1033C000D9CBBEDACFD3FF14415E112F6631DB2497
:1033D00017E77FD0D5C3DD9AEA2114114700CDD776
:1033E000FB12FC3325DB062C8837C730D2AEFBEF4F
:1033F00083D5E5F4DDE8FEF3EF220BDB02E2F1B466
:1034000035251CE622390637112A34ECE6FF0DE695
:10341000CDBFF47FE0E117F4490FF423F3FCFF6222
:10342000D2BE1FD8D0E4330313B91C591707D14FAC
:10343000E7F06996F4DFC614141DD5162F09F223A0
:10344000E1BDF9BDD4FD0CE0E4DA2BF4C5FB0CE7DB
:103450001F31FF2019051023EBF12508E4ECF75488
:103460002F0D34E520F1F514C2BBD2E5E40914E2D6
:10347000E608FF04FD03000000000000000000005B
:10348000FDD3020F0B1C01420302091304FFF84E87
:1034900002FFE0090DE303E80CEBDF07078A09F8F8
:1034A0001206F002FD080AFDAD16F8FEEDD50DE09E
:1034B000FB01CB0F0910002F4E0E06DF12BDC40A10
:1034C000F908EDDE03D107BF16F8C40CE158ECF99A
:1034D000D102122E0E3008CFCE06F2C7D7D1A2F2FB
:1034E000FAFCE821CBF30308080BBA20EDDE03F663
:1034F000FFF3A71D081FF9EEF6D8113AF80CF6CD28
:103500000D052F04FD3D08237F25D1FC27F1E9F5AA
:103510001F12B914F0F5081317F10506020F002B5E
:103520000F13F5227FF4F8DCEBECD6020107F7224B
:10353000010E07EF02F605E027260CDC0D620D7F79
:10354000EE04A00DE4E604FB13F81411F20D03EEF3
:1035500001D2172503CE08F41A0412FC11B8111970
:1035600005290517F1F0FAD6F3FE301102BAF0EC96
:10357000033B05A5EC13EBC50E13DEFC0D29F90882
:103580002528FB0F0CBC12D5FB04FB01E7C201464A
:10359000DFEBF2F0F51100DF09ED3CDE0ADFFEDBC8
:1035A0000FF935D74B6811043003F40BFC0EF5F21C
:1035B000FCEEFB3A2014040ED6F5FB2CF6EE04329A
:1035C000F21CE9F8E54AF8FD3F060481033FE6C531
:1035D000E959D2F2E9060BEEBEF6DE09042F031616
:1035E000C8FAFA27F6160A2AFFDA05EB07130E19AE
:1035F0003B7FEDC207FEF8F8380B00C92101FEC27F
:10360000E12F04AF1DFFF8152C10F60C118114F0FA
:10361000F901120C040B08521047E0DAF0C9D4F398
:10362000E3FF15EDF80AF34854229A16FAF004F96C
:103630001848D7FCEFE4FD01F80CF1BC012808F3B1
:10364000E801F72C0005F6F3E8E5EFDE0436F4AF09
:103650001F4F1EFB0BF2FE01E6DF084CEA0705C90F
:1036600003E615D22D2681E4FFE77F01110500E96D
:103670003C0EFC31138E1CFFB00A15A8DB458645B5
:103680004200ECBFEA1A07FFCAFFEFFD0BB90B0BB4
:10369000ECF10249BEF2EFF839E1EDFFE498F7D51D
:1036A00017EDFA0008EA03E1F1FB07FFE8FACFD9CA
:1036B000CBD7E8F212D918EA428500410312F01084
:1036C000F5F8FDE0F816CFFCF5B1D0D30CC9040332
:1036D000F6E9FCD00DB836E12794D7F80FEA12FCD2
:1036E000FC020BC108FF7208F325E9AA56C8F8F2DC
:1036F000EBDDE3F8FC0D0ECD8EF8F5BEF006FAD248
:10370000B2D3070FDBD31401D9C9FE8138E8E9EB46
:103710001DB2A1051AF10EBB81AEF9FFF99B01F3B1
:103720002119DDE3E7E90910E2E1EAB4020603F852
:10373000F3F2FCFA0D04F20038E20DC5221806126D
:1037400016CA00253E01FC02E0EB04E6FC32F4144C
:103750001EE9EBE6134F0BE2F1C0F7FF30DE28DC89
:10376000BF1BFE1319F1FF001A2DE32FD3FF09EC45
:10377000EDFE0D01F01614143294F008390200F732
:103780005427B72C17D426CCDBE5F6DA0521F2F462
:10379000C0F7032018D6ED07F715045570F7F3FDB1
:1037A00045E3F5BF30120BFC5C29E92CC8D1FD00C4
:1037B00034DF85C9D03007FC4F07D50DF67FF8F10F
:1037C000E8AE3721F178172840F4072AC728812965
:1037D0002BEC81EDF918E181C42F022E09D4E2E629
:1037E000A1E410FADC6DF4F22703E9253C09E2D4E8
:1037F000EC0D0E32FBE7B0FC04CA0FFEF0F00AF647
:103800000CDDEF2AEFE0C1F721DEFA60B31E0FFFF7
:10381000E011F0ECF630FCE0DEDD1845FFF4DF09E6
:10382000E4E80423181BF0E7560F0D0C1B4CF50EB3
:10383000390CEB1502ED09EBE4D1F3BE7FF406027F
:103840009DF2090535E300114B09FAD6D4DA0306D7
:103850000AC3043CE2FDF8F3FFE215E10CCC0C00D6
:103860003D81FF1DF7D7ED0C2D050E32C60B020B67
:10387000470DC444CE400FC4B1CDC52FDED2DAFA15
:103880000000EFC7290DECB92509E7C30A4003FE84
:10389000D815EEFAE1E4FBF30C0D211AEAEAEAF19D
:1038A000F0D4F8F8FAEEF7E625F8FDF609D7EE09B8
:1038B000D10AF3F9DFEC0B23C0FDF702EA0E03385F
:1038C000E7A206E20CDA0F2208EB0E0533F5F0C88A
:1038D000E0F3F514B8C7DEFCFA15EEFD2C1D0D2A39
:1038E000078FFCFE1BCAF7022136A2EA19FDC94365
:1038F000D6D4D1FED7AEED0D4104F4010ADBF8F6C3
:10390000081106E9060D0613D8CD040C17F8003887
:10391000D7EFA001BBE1C9B5DDF6EE0A2EB5CEE2C8
:10392000F511D33644D7D212DE02FDF4074B011253
:10393000530BF61CF7E9F01A6D1516FD0D55EDF158
:103940000EFF01DF3FFF02E821DF0107F9D6EFE7B5
:103950007A1CF5D928EB18D97F20F604D7F214D7B2
:10396000F8FDF17F050620EAF9FBF0FE5BEAFE2F89
:103970002DEB1279070FFCF6EBE002F381E1F8156D
:10398000CDE706C83EA9811B06C3F72C287FE7FFB9
:10399000F615F9FB2AE5F0E51102F9FC0DC8F9E28C
:1039A0000801F2B51FE4FA28F40E1C24F5FCF0F728
:1039B000190D813B2235D8F82AED07FBF10E25F8C9
:1039C000F8E320AEF9B250E7D948FBCEE6D60319AA
:1039D000C4D2BE2C19B8ECEC442B06184FE9EB0E00
:1039E0009A19050CC0FD2DCCE30017131FF0EEFA59
:1039F000240C066318CCDCFB630413D21ADDE9083F
:103A00004D11EF0204FB0E33D800EFF87718037F57
:103A100095E8F12F1542FF1608FF51561D02089038
:103A20007DAE053FF62EFD08FF07E1B413121738EF
:103A300048B6FF70DEDEDCEA3C090118D9CFE605A6
:103A4000F5200141FCFD3126F90E12E0FE2F0C1984
:103A500014F809F90BF2F33103050810E1B9EC0B86
:103A6000D3020FFA3A0EF72F24C2F816C3DCFFE296
:103A70001417BB00480C03072EBAF82AE42107FBF1
:103A8000D18107E7F2232AFBE1F208FF0F01F5F1EC
:103A9000F03DFAE805F103E310F0FE2C3F06D315E4
:103AA000037FF7FFEBFEF8E70DD401F303F3F22CED
:103AB000075F0CE400F801EBE1CAF4080FC70C4FF4
:103AC000132A060404F2FD3E03D8CD16FDE61609BE
:103AD000221602E50C1CF4CEDFDDDA0E4A070338AD
:103AE00009C501810C040981FFE1CE2006DAC90A6B
:103AF0000BF3DDED02C9F327D7EE00BF1011EBA1E8
:103B00001AAD05FCFC08F1FA1314E4161320F8F4BE
:103B100000E6D71F07E1812DE00F01F3EBFCFA87E8
:103B2000054DEBFE1B22C5EDF8F4FCEC0414FF3050
:103B3000F9220304050BFCFA3BF803290F250919A8
:103B4000EF1AF4FEFBF9F905150A00F2FCF3101761
:103B500016FEE7CB0233FCEC1FE104EAF339F7BCB5
:103B60002F07F308E20BFFEE0A26B7FBEC18ECAACE
:103B70004924183101FF0C63FE44F5080108F75988
:103B8000E0001A18090BDDDFFEC10504EEEDF417A5
:103B9000FA1EF6FD1515FDF406F1F4EC04E30C45F0
:103BA0000B0106F701100A7004371F0D08F3FFFA26
:103BB00000F88131350CAAEBEE1105E1150EE3FE9C
:103BC000DE38EB3EDA32379BF7DBEFEAE509FB251F
:103BD000F600DE40CA04CBC8FFD1F807FCE9FCA21E
:103BE000DDCDF71BFA0DFFE7FC491BE5FC0D0322B9
:103BF00022CBFE0515FC04232AE2F7DAFBD60B24C0
:103C000024D6F50106EEE852FE24E7030CD3CFF1EB
:103C10000AFD082314E2FA181ED7F041FFDA07D98B
:103C20007F0108F8E9F8FC11166CC3F7EE81E15644
:103C3000B7EFFE12D7FCFCEB2CDBE4FDE5F8064AFF
:103C4000F0FFEEFB061212B6E94BFBF6FEFCFE217E
:103C5000CD03FDFA08FC17F615E2F9CBEE26E2A338
:103C60001E0AEAD57F20B4E703C1F4F8EBFBFFDBC3
:103C700001F78F1A07D9C8F315F2EE205F0FC03A8B
:103C8000F53F00001E1710FBFBF8E1F10603050EDF
:103C90000EF30C1BE5FDF00014E7E509DBFCE0F496
:103CA00002F6392FE1FBEBF849E4FDF723FAD9F4EA
:103CB000080B3D00FACEFA1814D7FC29F3B64E22B1
:103CC000FA08D13231110AFAFFFEAD0AE4F61713F1
:103CD0000106E833ADE0E915EDDD2D17FFE27F16B3
:103CE0000004C5FEF4F70000011DA7FD1914011C16
:103CF0002AD0D6FB27C60D02420D2C2407F7AC05AF
:103D0000E41FAFD322E3EDF203F3E8110E07041230
:103D1000F9FA06F8B89F4A1518002C7F61FFE00BEE
:103D2000EE0B7F141D4DE05DEDDCE5F3DC0302FEE0
:103D30002F11FD0DF305FB021FFCCFF1FA15E6F183
:103D4000F00909150106FC0A17F3F52F44F01002DB
:103D5000177FEFEC09F41711452FB90505F6070693
:103D6000E2E5EED3FBFA0D0BF2F918FA12140D1B73
:103D70002A1BC6CA3B04050AE6F90500E8F9341B0C
:103D8000EAEF563084D9210CEFFD0600F206FF0160
:103D9000E1EEF02DDBF7FAFD37E4EC0EE2F7FBFB8A
:103DA00002FD49F600F3B511E31F72FDD9FD09F8D4
:103DB00030E218F6E94E3E7F2BD5F2DBEDEE24FF24
:103DC000060B1DF3661248F70B0FFAB405F320E655
:103DD000D30203F4B8F0FF2048C930F7E607072202
:103DE000BBECE9D04EF1040FF904F40A08F210F12B
:103DF0007FE6D10381020CF138E628F7D7041603D9
:103E0000FF0F30F5CA071501DBEE4043F002252213
:103E1000110509D8D700FE12F2FE0C18C9EA36EBDC
:103E20003FE0014319F5FDFB190933222AECECEFC1
:103E30003FFE2B40B4F42307E7DDDBE200020D0B6D
:103E40000C0801EA2BD2E20B14FA161EDD07E7F686
:103E5000D305F016E0180B220400FAE4CDF4040EAA
:103E600005F303880323593C2AF2C136EBF623FB02
:103E700004FBEA0C5D81050D1129D9390BFF423491
:103E8000C1DDB129FEF41817550A01FE0BED321AF7
:103E9000581A0004FFCDD81EE726FC1215BE0F0CE1
:103EA000C03A090F0D0C0BF10EEFFA0034BBE826F7
:103EB000074AFBFB0D7051EC3681EEFDBE81DBC97C
:103EC00081F932F1F2E9FFEFBDBDFEF80221E8CD44
:103ED000D9EF7FC30346C8381C26F00F1806E0B0A0
:103EE000D7BB1DE965470222B6DB01FD060284D47B
:103EF00025E939DA0B221D0715C2F0051028DD254A
:103F0000C3F2040909FEF0E4E1FC6881B5B949D9BE
:103F1000E02F50CBF060CFED0CBFEF1505733B10D9
:103F2000295B071081088C1A1E10070A03FBF02575
:103F300006D9FAFCFEC3F6ED14220FE8DFEA091AEF
:103F4000EDF603061423DEE4D4F0FADEFCF01E0BDB
:103F5000F5E7110709F4B8F698E601F5FDCDCF0AAB
:103F6000F36BFCC2120731F007F7FEFC01A7F4CF98
:103F7000EE2212D2E5CB0CFC1D12F7FF073721E52C
:103F800015D61321F3F0ADFFF51F05F60205B31C9E
:103F9000FEE1FEFD07FB0200032CFF0BFE250334B0
:103FA00050DEE308DBFC1DFB6E23F001ED0EF92271
:103FB000ECECF50DADF481FD4B05061AFF3FC9BCD5
:103FC0005D14F4EF22623481133B0EFFB6DE160A55
:103FD0002013051A17E7BB0049FFFCF5147622F8F9
:103FE00038D3F00D310D19F9FFD6FAFB16CDBC0C04
:103FF000F6DB01DCEDF702EEE71C0503E912140D18
:104000009B0F020FF6C0FAE71535FA09D605EAFC50
:10401000DD0DEA3DF9C41C32160F00FDF60833131E
:10402000D40306F3220B1D0A012304FAFF3959FDBC
:104030001CC4050414F52CF7EFE9FDE4F9EE10E4D7
:10404000E5EB18C50DF4F50EF9200645F201303305
:1040500019F210E0E9B0D0CD0E4806F3351FE20E9C
:10406000F0F1FE0FBC0A03A2F8E822EC09B4E31455
:10407000ED38FA06E4EAC5DFDB11FA0024E94BF378
:1040800034FBF51D0000F7EDFCE7CADF04E50A1E6E
:104090003FF1F3E51D16FC1710FF23D8F7E70C5886
:1040A00017078B81ECFAFB01FE0F09F903FE062AC4
:1040B000E4F2F318F7150ADB2A04100BFBFB1AFDD8
:1040C000093AE920810007E70A07C911F2FEFFFB60
:1040D0002C18A46AC5FB150E4700B0DD29CF2AE4D1
:1040E00011358F3FDD440CE13103F6D4FC143E2141
:1040F0000FCEB84AFA692F12E517DE64100FF4EA02
:10410000DE11DBF2E518032722EDD931DAF9EF38B9
:1041100015330008460943051540E1E8E0C9F902F6
:10412000E00A90E311027FF90AB601F8081CF606CE
:10413000FEEB26E911EC0414F30112EB0F15FA144F
:10414000DB00CD28F81603020A1BC36EFE2900F41B
:10415000F101FD1F0E0D13F30E3CFAC7EE220813FA
:10416000E8F7228900E810F2FF1C211D18FE10F369
:104170000E221F18057FF5F2180CF90601EC091440
:10418000FD300235C1CC221C1E0DBA29EA0AFA0202
:10419000EE031F0DDC01EF13F00FECF2F201FA0158
:1041A0001CF4373821ECF3222C12FE1F220600E902
:1041B0001221E70AE3F65019050ADCC20DE7FA1DE1
:1041C000EF0F5DF6FCEE033FFF1766AFF902FDE768
:1041D000C00407DA15095D02D436CC080707FAE8EF
:1041E000F222242BF531F300F2F908E800E501F2A0
:1041F000C203EA69ED1F1D1DE64AD022FAFA0D1628
:10420000371E0C0EF6EC1332FE4614CF0A0A0EE4EB
:104210007F51ECF4E360F7F7F9085D111C0B38D31C
:10422000C618AFFFDC4A050B16E70C0107EC0106C8
:10423000083AD87A0B5327F3ED2DF317100208072D
:10424000D301150218F50F0F150805CEC3FAFBE6CA
:10425000D1ED4C09E001FC191B420F0A0CF709F6DD
:104260001405E9F0F6E326D7DC28D40D062307FA77
:104270002F0125B30AEF0B08247FDED3C536268134
:10428000E64C81ADD10026F7FC2E15153814231607
:10429000EA240B0DCF1B3EC00401C218EF22E1E15E
:1042A0002A252DF29CE703EFF2EAF4FDF607FA1651
:1042B0000CF21CE9DCBA180EF9F0E3F80FF7D2554E
:1042C0000AEA1D98EAE102FD0DD3DEFEE350DF2D80
:1042D0000AEEDCFC1313CE26F91CF5001007A61716
:1042E000F1F304BB1115232781B908E01B20071443
:1042F000F2120718F3E0E044FF20C602F1D516C918
:10430000FBFE090F7F44C504F2CAE7FCFCFE810BEB
:1043100010C842C5EEFEB7FF0A2610F302ECEDFF0F
:104320000802EA1528EAD3F7F1E81C3C4C0EF7DF47
:104330001519F3EE030A1AF800FCF4FCFC1414043B
:104340000A36481219F6CD2D06E2D014FDEBF1180D
:10435000FF200012022DD2FB1617EFF21B2515FCD1
:10436000F2E750DB06190FEDF0B8ABF6FF152000B1
:104370000802D5E1063BEC81E9D41FF4C5D2ECE29A
:104380000905F2D60188F7E4E4D90A18F802CDE766
:10439000027F02F3FD0C15F9FF0F1A00F3F3F7117A
:1043A0000028E6F106110D4B0F1EF7D4CDE8FB28CF
:1043B000F41ABCF10508ACBFFBE2101BF2F706EAE9
:1043C0000125F4EB22C13FDDEE023A0C20810EE420
:1043D00056F7CEECFDEF55AFE125CBE3241204D424
:1043E0000AE2EFE23311DDCC0223F2E80BFB0D15FC
:1043F000F61BD504005211FF09E3FB0DC0F8203F66
:1044000009D82CE8FCAAEB1613EC08FADFDF0CD174
:1044100002E3EC9BEEFA1001F231F60BE71D1109F5
:10442000DCFE8408C33EF5E0E603E6E905C6146356
:10443000FF22CFFFE5DB1CFCECF681E402EFE9FF95
:10444000FCEC42050CE317FF09E0A805E7F7FB00C9
:10445000F7253102FE0824D010E704D3D9D021ED8E
:10446000DBD9CCCE1D179F1D2AE91F0AD1FB20C71F
:10447000031FCDF9180323EE03243881F2F2451708
:10448000041B04DBFF080000000000000000000027
:10449000D700000000000000A300000000000000A2
:1044A000C500000000000000EE0000000000000059
:1044B0000800000000000000D5000000000000001F
:1044C00048000000000000007F0000000000000025
:1044D000460000000000000000F1000000000000A5
:1044E00000000000000000000011000000000000BB
:1044F00000F600000000000000EB000000000000DB
:10450000000C000000000000003900000000000066
:10451000007F00000000000000D300000000000049
:1045200000000E0000000000000007000000000076
:1045300000001D000000000000000200000000005C
:1045400000007F000000000000005A000000000092
:104550000000C30000000000000096000000000002
:104560000000CA000000000000000067000000001A
:10457000000000E300000000000000B300000000A5
:104580000000005F000000000000001E00000000AE
:1045900000000081000000000000003A0000000060
:1045A0000000002300000000000000B40000000034
:1045B00000000000EE00000000000000E10000002C
:1045C00000000000FD00000000000000F7000000F7
:1045D00000000000B600000000000000E100000044
:1045E000000000001A000000000000007F00000032
:1045F000000000001C00000000000000000500009A
:104600000000000000340000000000000022000054
:10461000000000000015000000000000007F000006
:104620000000000000FF0000000000000026000065
:1046300000000000003900000000000000ED000054
:10464000000000000000E1000000000000002B005E
:10465000000000000000FB00000000000000D60089
:104660000000000000008100000000000000EF00DA
:10467000000000000000F70000000000000007003C
:1046800000000000000003000000000000000055D2
:10469000000000000000002400000000000000E70F
:1046A0000000000000000048000000000000008141
:1046B000000000000000009D000000000000000558
:1046C00000000000000000D700000000000000B55E
:1046D0008E000000000000001D000000000000002F
:1046E000D700000000000000810000000000000072
:1046F000F1000000000000001700000000000000B2
:104700001400000000000000F000000000000000A5
:10471000EF0000000000000000D3000000000000D7
:1047200000E0000000000000003400000000000075
:1047300000F6000000000000008100000000000002
:104740000007000000000000004A00000000000018
:1047500000C7000000000000009000000000000002
:104760000000F9000000000000002200000000002E
:104770000000D200000000000000E800000000007F
:104780000000810000000000000011000000000097
:104790000000F900000000000000F200000000002E
:1047A00000002700000000000000000500000000DD
:1047B000000000F4000000000000000E00000000F7
:1047C000000000F300000000000000810000000075
:1047D00000000014000000000000000500000000C0
:1047E000000000F1000000000000000A00000000CE
:1047F000000000001B000000000000009600000008
:1048000000000000B0000000000000008100000077
:1048100000000000FF000000000000001B0000007E
:1048200000000000A5000000000000003E000000A5
:10483000000000000D0000000000000000F2000079
:1048400000000000000C00000000000000FA000062
:104850000000000000F200000000000000FB00006B
:104860000000000000F50000000000000011000042
:1048700000000000007F00000000000000FF0000BA
:10488000000000000000F100000000000000B00087
:10489000000000000000D000000000000000300018
:1048A00000000000000081000000000000004F0038
:1048B000000000000000FF000000000000008B006E
:1048C000000000000000FA00000000000000000BE3
:1048D00000000000000000FC000000000000000AD2
:1048E0000000000000000039000000000000007F10
:1048F00000000000000000EB0000000000000012BB
:10490000000000000000000A000000000000000796
:104910002C00000000000000E90000000000000082
:10492000DB000000000000000900000000000000A3
:104930008300000000000000810000000000000073
:1049400017000000000000001B0000000000000035
:10495000140000000000000000C50000000000007E
:10496000008100000000000000F5000000000000D1
:104970000026000000000000007C00000000000095
:1049800000FD000000000000000800000000000022
:1049900000240000000000000008000000000000EB
:1049A000000094000000000000009F0000000000D4
:1049B0000000BA0000000000000007000000000036
:1049C00000004300000000000000E00000000000C4
:1049D00000003A000000000000007F00000000001E
:1049E0000000290000000000000000F300000000AB
:1049F0000000001900000000000000E500000000B9
:104A0000000000FF00000000000000810000000026
:104A100000000004000000000000000F0000000083
:104A2000000000160000000000000005000000006B
:104A300000000000F1000000000000001A0000006B
:104A400000000000EF00000000000000180000005F
:104A5000000000007F00000000000000F1000000E6
:104A600000000000EC00000000000000DE0000007C
:104A7000000000000700000000000000002F000000
:104A80000000000000C400000000000000EC000076
:104A900000000000007F00000000000000E70000B0
:104AA0000000000000C30000000000000023000020
:104AB0000000000000DE0000000000000003000015
:104AC000000000000000DE000000000000002C00DC
:104AD000000000000000F900000000000000BA0023
:104AE000000000000000E2000000000000003600AE
:104AF000000000000000DC00000000000000810059
:104B0000000000000000F10000000000000000B103
:104B100000000000000000BA00000000000000C714
:104B200000000000000000D6000000000000000CA3
:104B300000000000000000F6000000000000003D42
:104B4000000000000000007F0000000000000034B2
:104B5000020000000000000035000000000000001E
:104B6000F700000000000000F50000000000000059
:104B700081000000000000000200000000000000B2
:104B80000300000000000000E90000000000000039
:104B900003000000000000000024000000000000EE
:104BA00000F600000000000000810000000000008E
:104BB000000E000000000000009500000000000052
:104BC000000800000000000000DD00000000000000
:104BD00000F100000000000000560000000000008E
:104BE00000008100000000000000D600000000006E
:104BF0000000CA00000000000000110000000000DA
:104C00000000A300000000000000080000000000F9
:104C10000000B900000000000000FC0000000000DF
:104C20000000A500000000000000002E00000000B1
:104C3000000000B4000000000000001D00000000A3
:104C40000000000F000000000000007F00000000D6
:104C5000000000EB00000000000000040000000065
:104C60000000001F0000000000000017000000000E
:104C7000000000000800000000000000F00000003C
:104C8000000000001600000000000000810000008D
:104C9000000000007D000000000000000400000093
:104CA00000000000EF00000000000000E000000035
:104CB00000000000F80000000000000000DD00001F
:104CC0000000000000A900000000000000F6000045
:104CD0000000000000E500000000000000D8000017
:104CE0000000000000D4000000000000004B0000A5
:104CF00000000000007F0000000000000021000014
:104D00000000000000003E00000000000000EC0079
:104D1000000000000000B7000000000000007F005D
:104D20000000000000001100000000000000B100C1
:104D30000000000000001E00000000000000F7005E
:104D4000000000000000CA00000000000000007F1A
:104D500000000000000000DB00000000000000A0D8
:104D6000000000000000007C00000000000000AB1C
:104D700000000000000000E7000000000000001735
:104D8000000000000000000100000000000000EA38
:104D90004300000000000000570000000000000079
:104DA0004500000000000000E700000000000000D7
:104DB0008100000000000000E10000000000000091
:104DC000DD00000000000000E00000000000000026
:104DD000C5000000000000000014000000000000FA
:104DE000007B000000000000006F000000000000D9
:104DF00000E50000000000000026000000000000A8
:104E0000007F000000000000001000000000000013
:104E100000CD000000000000003B0000000000008A
:104E20000000DB0000000000000012000000000095
:104E30000000F100000000000000F8000000000089
:104E400000007F00000000000000340000000000AF
:104E50000000E2000000000000000F000000000061
:104E600000000C0000000000000000FA000000003C
:104E7000000000F500000000000000EF000000004E
:104E80000000002F000000000000008A0000000069
:104E90000000008100000000000000EE00000000A3
:104EA000000000F500000000000000C80000000045
:104EB00000000000FB000000000000007F00000078
:104EC00000000000E2000000000000000000000000
:104ED000000000001900000000000000EF000000CA
:104EE000000000000D00000000000000F3000000C2
:104EF000000000000600000000000000002B000081
:104F000000000000007E00000000000000520000D1
:104F10000000000000E9000000000000001C00008C
:104F200000000000007F00000000000000DD000025
:104F30000000000000D700000000000000BA0000E0
:104F4000000000000000F700000000000000390031
:104F5000000000000000F800000000000000EA006F
:104F60000000000000008100000000000000E400DC
:104F70000000000000001E00000000000000AB0068
:104F8000000000000000200000000000000000F60B
:104F900000000000000000DD00000000000000F53F
:104FA00000000000000000CE00000000000000F340
:104FB000000000000000007F000000000000000171
:104FC000000000000000005C000000000000000481
:104FD0000900000000000000410000000000000087
:104FE0002900000000000000280000000000000070
:104FF000330000000000000044000000000000003A
:10500000BD00000000000000810000000000000062
:10501000A600000000000000002B000000000000BF
:10502000006E0000000000000066000000000000AC
:105030000081000000000000007D00000000000072
:10504000002400000000000000020000000000003A
:1050500000AD00000000000000E4000000000000BF
:105060000000E70000000000000059000000000000
:105070000000FB00000000000000CD000000000068
:1050800000005A000000000000004E000000000078
:1050900000008100000000000000E20000000000AD
:1050A00000004300000000000000000800000000B5
:1050B0000000007F000000000000005C0000000015
:1050C000000000EB000000000000001900000000DC
:1050D000000000FF000000000000000700000000CA
:1050E0000000001900000000000000FE00000000A9
:1050F000000000001600000000000000EB000000AF
:10510000000000000500000000000000DC000000BE
:10511000000000003C00000000000000E100000072
:105120000000000021000000000000007F000000DF
:10513000000000003F00000000000000007F0000B1
:105140000000000000FD00000000000000DA000088
:1051500000000000002700000000000000EE00003A
:105160000000000000E900000000000000EB00006B
:105170000000000000EF00000000000000E300005D
:1051800000000000000009000000000000004300D3
:10519000000000000000F7000000000000002200F6
:1051A0000000000000007F000000000000000E0072
:1051B00000000000000000000000000000003600B9
:1051C00000000000000009000000000000000027AF
:1051D000000000000000002A00000000000000D0D5
:1051E0000000000000000065000000000000004218
:1051F0000000000000000081000000000000000D21
:1052000000000000000000E700000000000000DADD
:10521000810000000000000093000000000000007A
:105220000700000000000000FA000000000000007D
:105230004800000000000000100000000000000016
:10524000F300000000000000570000000000000014
:105250001C00000000000000001200000000000020
:10526000000C000000000000002C00000000000006
:105270000086000000000000008100000000000027
:10528000003F0000000000000015000000000000CA
:1052900000F1000000000000005C000000000000C1
:1052A0000000EA00000000000000FA00000000001A
:1052B00000000B00000000000000010000000000E2
:1052C000000081000000000000004E00000000000F
:1052D00000000300000000000000E50000000000E6
:1052E00000001300000000000000000D000000009E
:1052F0000000000600000000000000F900000000AF
:10530000000000130000000000000060000000002A
:1053100000000081000000000000003200000000DA
:10532000000000E000000000000000D600000000C7
:10533000000000001A0000000000000081000000D2
:1053400000000000D200000000000000DF000000AC
:10535000000000000700000000000000DE00000068
:1053600000000000FA000000000000000C00000037
:1053700000000000D00000000000000000C7000096
:105380000000000000C80000000000000002000053
:1053900000000000008C0000000000000029000058
:1053A00000000000007F000000000000009D0000E1
:1053B00000000000001F000000000000007000005E
:1053C0000000000000003A00000000000000A800FB
:1053D0000000000000008C000000000000006600DB
:1053E00000000000000052000000000000008100EA
:1053F0000000000000007A000000000000003500FE
:10540000000000000000CA0000000000000000EDE5
:1054100000000000000000D8000000000000008133
:1054200000000000000000DB00000000000000029F
:10543000000000000000009100000000000000FAE1
:105440000000000000000006000000000000000650
:10545000FB00000000000000190000000000000038
:105460001800000000000000D10000000000000053
:10547000AD00000000000000D400000000000000AB
:10548000D4000000000000008100000000000000C7
:10549000E700000000000000007F000000000000A6
:1054A000005700000000000000D4000000000000D1
:1054B000002D00000000000000EC000000000000D3
:1054C00000D900000000000000C50000000000003E
:1054D00000C900000000000000F300000000000010
:1054E00000000B00000000000000EF0000000000C2
:1054F000000081000000000000000B000000000020
:105500000000F600000000000000C90000000000DC
:105510000000E400000000000000040000000000A3
:105520000000F70000000000000000B900000000CB
:10553000000000AB00000000000000C800000000F8
:10554000000000E0000000000000007F00000000FC
:10555000000000D400000000000000100000000067
:105560000000006B00000000000000FE00000000D2
:1055700000000000C700000000000000D80000008C
:10558000000000000100000000000000F100000029
:10559000000000008100000000000000D2000000B8
:1055A000000000001000000000000000E10000000A
:1055B00000000000190000000000000000F80000DA
:1055C00000000000008100000000000000C5000095
:1055D0000000000000B200000000000000EB00002E
:1055E0000000000000FA00000000000000E10000E0
:1055F0000000000000BB000000000000000A0000E6
:105600000000000000009500000000000000F30012
:105610000000000000002B00000000000000D4008B
:105620000000000000008100000000000000D90020
:10563000000000000000F400000000000000E7008F
:10564000000000000000E80000000000000000ADC5
:1056500000000000000000160000000000000071C3
:1056600000000000000000C80000000000000081F1
:10567000000000000000004900000000000000FAE7
:1056800000000000000000E40000000000000054E2
:1056900044BE3616E3BF33C62000AF45D52CD0E557
:1056A000BCD0E30B253F14EF13C029B26F4209FAB7
:1056B0001C1B0A0613F9E818F4FF2336FD28DCE169
:1056C00024D3FAC37C0AEAE5D4D009070C13F6A860
:1056D000C62AA7DDE14B0081F535271F15FA1ACB45
:1056E000EFF2D9FC070D39DB0B0B23020E60D9CD8D
:1056F00031F9ECF5CBFA2BB53AF6FACDFFB6DD0E63
:10570000E1D62BB6ECB61D08EBF6007F1EC616E5FB
:10571000F33CF527F1D9814500E12AE80EE52D2F6C
:10572000C6197F4CFB92B968DBF630071AEEF648D3
:105730002CC3C5011E6CFA970F0B2B140FF709141D
:10574000F8A9223917EB8D45597F4BF7F4237CC913
:105750006D1927F5C9DC51AA7913D9E10808F9C7F1
:1057600022134AEE81F2F24557E8AC0605D2F9A9B8
:10577000BC5FB1E8D4017FEA540B09DA26F0CFF41C
:105780004843D84835EE0D1AD91FC6FA75F7DEB072
:10579000D5F60D9EDDDEB02F1CC4120FD381EBC8F1
:1057A000F71EEDE94123EDC5012C21C48107260038
:1057B00023C915FA81E4DD1D191BE5216027DE31BF
:1057C000EEFFECEDFA81DC1706FE190D1D89D3F50D
:1057D000C2EEE9A2FDC10F50050DCD1516D443F55B
:1057E000D00A18B5B6F4223129816E18F726321185
:1057F000F00E49284EC119B7ED0DEC0B81E60B0DEB
:105800003611F600C123D643E7D3BE3F07E7CAFBF4
:10581000DAEC1C15CDE0C6E9156310EC1330EF0F80
:10582000F608E1120DD95FDB031948ADBE43D4E899
:10583000C9417FDFFC004309222BCDD21CF4287123
:105840007893A1D6F5793EDA410E17F5B8D74FB067
:10585000C3FDB311FD19F815FE0820533EDA298166
:10586000DEFF4D68FDE7ECC90BDE15F15EA827E40D
:10587000A56C015F232825D7D70A1EBAF3ACAB105D
:10588000FF38BFE7242F0084D2F843DE814921C0CE
:10589000811A0ADBB36B0D12227035AC2DBFC40325
:1058A000232556C800BC56CC38D70926A905F4676D
:1058B000EB6D02E5FD04E3C511CAFBCAD436003A1C
:1058C000FAAF1047D35600E881F329D2074019E315
:1058D0005D2323C0880C2BF44B19CF19A0EBEC0FE0
:1058E00004E20F1BD1DEFCFF1BFDF9C2BAF9E5F79C
:1058F0007A13BFE2DB9E06B9B6E9012D37CF3D0032
:105900003C1FB02EB6E9099BFD3731286F6FACE51F
:105910004ABC7245FBC5D1BC027FD5E33EF5692C7C
:105920002D01D2E75704689DDB81B9D0D5DF96E120
:105930007FAFDA3CF2E31619F406081BED286E235C
:105940001555B7E4FB348511CDC02CB4E424042EE6
:1059500005BDEE10E21AE1E80B04317FF209D1C96E
:1059600002F2F303E87FD5089FC1F898F83131754A
:10597000DE57DC3502F401D6FC0626F603E4C9F254
:10598000E3270BDF04EADDA51EF4284B0BFF981775
:10599000F24CFA74EBC7D5D3F30ED6E43C0CECFD15
:1059A00039F2C22311B1FBF41B008106DEE4C6DE2E
:1059B000D48932D3222AE023E781073464C9212E17
:1059C00001860ECD2FB0860516510725024D1E0803
:1059D00024081EA5C903D981CFEE08E7A88EF1DA05
:1059E000DE101D114BFD1966331DE50E81FA001CFA
:1059F00009F08153ED0522204AE21BE7CBC41E3A91
:105A0000DF10A881EA1FFFAF447A7A449F9FD82A0B
:105A1000161AA4F1C71AF4A721B10CF92D43CBBB78
:105A2000B50FEA02360C2FDDC0B20BF454E5B8CE48
:105A3000BEEA4330E0F745C9402A70D7F2ED2DE4C5
:105A400003E71D1C16DEFFE9C154FD81BA5D29057F
:105A5000B91AE1F2F0CBD70DFAD8E3640671F6F18A
:105A6000D12E58392214212E071065CEE545FB2290
:105A7000E2DEE6C281D7AE4047F421053738DEE3E7
:105A800012EC3EF31654BCD6F223E023811EFB1A1F
:105A900052EC6537C052BE253A6431057CEB704F3D
:105AA0006007EE4771ECCA7F433B08D301001EFB41
:105AB000B7D8201D693804EA0EB805D66E7F18E401
:105AC000EE67EC0D24F4F42D0EF2FB0819DDF30D56
:105AD00088F3E30793EBCADBAC59E7064F813CE060
:105AE000902A04702EB51FED6717F14A9564E319EB
:105AF000E5813BDAC3D210DC061DC53123DB489AB1
:105B0000FE1E5281EB1B670A16DD0B573310FCFAA1
:105B1000C2FFC2C6191064CCA3E8CA2F03D6BB00CB
:105B2000E6ED11CE540109EFD995440D2C0E0A1063
:105B300020020018E6117FF02AF7F760F4F0B4E1D4
:105B400043ED1D0CB70E0BFA1F671E3A6DFA7F5717
:105B500024C04C051CF712F903F0B3D6D2EEF6DFE1
:105B600029CEC218D44215E6EE467F033A2B36BC46
:105B700015DB32F8AC78D33431F904E3ACB791A338
:105B800010D9D67FED16C2FCCEF80AA64109DCE892
:105B9000ED97505581E508CC654B1ED7B6C7450D2E
:105BA000304C1D439D4839F540AED22AF7BA0B6EF2
:105BB000260BF0CBF73CD2FC1D20062CBE1FD518BF
:105BC00014107F45030A1EFB183EFDEDFFF304434E
:105BD000DAC71BD5986033C4132D1C3AA44D61421B
:105BE0009881DA119F147CFD343AE9CC1AF039D04F
:105BF000EDEDC3CDE5EDFCB71A63FE1DF5EA319876
:105C000004D90CFDCC1A1B0AE6EBD75B00C613EADD
:105C1000FA29F5EBEE1ECF2AF3F5DB4A0881AEEC4C
:105C2000FFF0DBFD1CE94333F819810F14DEA015EA
:105C3000CB220B0F25504D0A1315F516B3F600FBBA
:105C4000D683425CA20BE9972D4F3EE98FD857EEE1
:105C500021EFEA2AEA4BC2BC044D13F8107FB5DDF0
:105C6000CD640002E1A8B73B150A34C202FB21084B
:105C70002745F80D6CD97F32BE84EFEB7AA8EED0C1
:105C8000F605F7E1180012DE22022CDDC91CFAEA43
:105C9000DADED909137FD8EE1F193D0CF636F8FD70
:105CA000223ED87F9402E26A0D3D0D6CB2EB25EAEC
:105CB000FF131202D9B07FEF20D2EC6543FECB4632
:105CC000E17FBCED11D52CF234F624E9C002DBFAF9
:105CD00006C99DE0B21620ECFB3152E0FD1649E901
:105CE000EF2BFA19220FEFFAF4F9E31D2AEF04FD66
:105CF000AA25F113BA75C3AB1F2EF4C57F11144842
:105D0000E17F20E20D05F9EDE5FEF0FFF920DD4E23
:105D1000F8692D7FE6B3E10A12E99208321F27E500
:105D2000F4D6F712F3C000D1BE19E80A00810303CC
:105D3000F533F81DFAE713DB09027FC5CA400FF1FE
:105D40009D1D0453FA1A7FD2E820E106D7F20EDD3A
:105D5000C7BAF1ECE9E4EE2C086112F7160116DA85
:105D6000D0EC14FCC9BB1832F2DBFA111C39200C40
:105D700000D24E59F92ED20CD51BE09AED1EBB1164
:105D8000A12EF5DFF40BDB0BFBD62BE72C34F5173C
:105D9000F920041C1F12F5D6140215FB1CF440C395
:105DA000072207E417C129E86335CE89AABD451D3E
:105DB0005212DA31BCE10BF316F3AC4C06F619BF04
:105DC000F5EE0801F9EB0D2410F51CFAF23EC2E0E5
:105DD000D3272505D6DD2E51F90BD704F6E57F4BE9
:105DE0003EDFC0EFD213118102FB11FF2B15FAB673
:105DF000EDF56CF7C4552FBF15F979FFBB5C3F5A21
:105E0000F1CF3513E1050C0F772C36F1F5470F1361
:105E100039DC2D212B3EDCD953FF5BF6FAD8B44593
:105E20001BE8FAEBE6484A050FCBFFC3C75F3FD23A
:105E3000DDF537EFFFE54BAFF77CF8131F1C3D4452
:105E4000F9FEAAAA3ED20E023B0504202001EEEC88
:105E5000351E4AFF9A1AEC31DB3BCBF97F00BB4E73
:105E6000D8E0F2DC0FE4F47FD60BB50C86DD09FF39
:105E700029E2F6F49E81D644491510EC4EED07E177
:105E8000BE107F1DCCE5541C481BFE1ADC65236246
:105E9000B400000081000000BB000000E40000002E
:105EA00025000000EB00000043000000610000003E
:105EB0005300000000F5000000A5000000050000F0
:105EC00000EF00000081000000EB000000D50000A2
:105ED00000DC0000000200000000E6000000760088
:105EE00000000E000000E10000007D0000007F00C7
:105EF000000045000000B1000000FF0000000003AA
:105F0000000000AC00000081000000CE000000C9CD
:105F1000000000180000001800000018000000FB3E
:105F20000000000000000000000000000000000071
:105F30000000000000000000000000000000000061
:105F40000000000000000000000000000000000051
:105F50000000000000000000000000000000000041
:105F60000000000000000000000000000000000031
:105F70000000000000000000000000000000000021
:105F80000000000000000000000000000000000011
:105F90000000000000000000000000000000000001
:105FA00000000000000000000000000000000000F1
:105FB00000000000000000000000000000000000E1
:105FC00000000000000000000000000000000000D1
:105FD00000000000000000000000000000000000C1
:105FE00000000000000000000000000000000000B1
:105FF00000000000000000000000000000000000A1
:106000000000000000000000000000000000000090
:106010000000000000000000000000000000000080
:106020000000000000000000000000000000000070
:106030000000000000000000000000000000000060
:10604000D3000000CB000000D70000004F0000008C
:106050007F00000068000000DD000000BA000000C2
:10606000C1000000000A0000008D000000C6000012
:1060700000550000007F000000AA00000012000090
:106080000049000000FF000000002B00000091000C
:1060900000001B000000A500000081000000B1000E
:1060A0000000E9000000DC000000EB000000001C24
:1060B00000000019000000EF0000000E0000005476
:1060C00000000081000000140000002B000000B957
:1060D000100000001C00000012000000A9000000D9
:1060E000810000008D000000420000005A00000006
:1060F00043000000005C0000007000000008000089
:10610000002600000081000000C1000000D5000052
:1061100000DC000000EC00000000DF000000FC00DC
:10612000000035000000DA0000007F0000000A00D7
:106130000000050000000E00000015000000003304
:106140000000007F0000004E000000B800000019B1
:1061500000000023000000B900000089000000B921
:10616000000000000000000000000000000000002F
:10617000000000000000000000000000000000001F
:10618000000000000000000000000000000000000F
:1061900000000000000000000000000000000000FF
:1061A00000000000000000000000000000000000EF
:1061B00000000000000000000000000000000000DF
:1061C00000000000000000000000000000000000CF
:1061D00000000000000000000000000000000000BF
:1061E00000000000000000000000000000000000AF
:1061F000000000000000000000000000000000009F
:10620000000000000000000000000000000000008E
:10621000000000000000000000000000000000007E
:10622000000000000000000000000000000000006E
:10623000000000000000000000000000000000005E
:10624000000000000000000000000000000000004E
:10625000000000000000000000000000000000003E
:10626000000000000000000000000000000000002E
:10627000000000000000000000000000000000001E
:10628000E400000029000000EA0000001000000007
:106290007F00000043000000E30000002C0000002D
:1062A000F300000000050000000B000000090000E2
:1062B00000AB0000007F00000003000000B80000F9
:1062C00000F000000031000000001600000019007E
:1062D0000000F20000000E0000007F000000BE0081
:1062E0000000DC000000690000008200000000EDFA
:1062F000000000D50000000E000000810000003208
:106300000000004F000000D900000074000000F100
:10631000BF00000000000000AE0000000000000010
:10632000C400000000000000F600000000000000B3
:106330004100000000000000EB0000000000000031
:106340001D000000000000007F00000000000000B1
:106350001600000000000000001100000000000016
:10636000007F000000000000000C000000000000A2
:1063700000FB0000000000000026000000000000FC
:1063800000F300000000000000FE0000000000001C
:1063900000FC000000000000000100000000000000
:1063A000000014000000000000006F00000000006A
:1063B00000001300000000000000000000000000CA
:1063C0000000810000000000000007000000000045
:1063D0000000F700000000000000FB0000000000CB
:1063E0000000030000000000000000E800000000C2
:1063F0000000004500000000000000000000000058
:10640000000000CE000000000000007F000000003F
:106410000000001600000000000000F60000000070
:10642000000000BC00000000000000ED00000000C3
:1064300000000000F8000000000000000F00000055
:1064400000000000F500000000000000190000003E
:1064500000000000810000000000000010000000AB
:1064600000000000F900000000000000160000001D
:1064700000000000F500000000000000000B00001C
:106480000000000000810000000000000005000086
:1064900000000000000300000000000000A6000053
:1064A00000000000000800000000000000F70000ED
:1064B0000000000000FB00000000000000080000D9
:1064C0000000000000005B000000000000000F0062
:1064D0000000000000009D000000000000007F00A0
:1064E000000000000000E80000000000000087003D
:1064F0000000000000002C00000000000000FF0071
:10650000000000000000E40000000000000000FEA9
:106510000000000000000033000000000000000444
:106520000000000000000008000000000000007FE4
:10653000000000000000000C00000000000000FD52
:106540000000000000000000000000000000000546
:106550000E00000000000000E3000000000000004A
:106560001500000000000000F50000000000000021
:106570007F00000000000000040000000000000098
:10658000F5000000000000003500000000000000E1
:10659000ED0000000000000000FA00000000000014
:1065A000000000000000000000FD000000000000EE
:1065B00000F0000000000000007F0000000000006C
:1065C00000F50000000000000005000000000000D1
:1065D00000F20000000000000001000000000000C8
:1065E000000009000000000000001700000000008B
:1065F0000000EB000000000000002200000000008E
:1066000000007F000000000000009C00000000006F
:106610000000F500000000000000EA00000000009B
:106620000000E20000000000000000050000000083
:106630000000007F000000000000003600000000A5
:10664000000000F8000000000000007C00000000D6
:1066500000000021000000000000000A000000000F
:10666000000000FA00000000000000FC0000000034
:10667000000000000B000000000000006D000000A2
:1066800000000000FB0000000000000011000000FE
:10669000000000008100000000000000DF0000009A
:1066A00000000000070000000000000013000000D0
:1066B00000000000FA0000000000000000020000DE
:1066C00000000000000200000000000000FF0000C9
:1066D00000000000000B000000000000008100002E
:1066E00000000000000500000000000000FA0000AB
:1066F00000000000001A00000000000000FC000084
:10670000000000000000FA0000000000000011007E
:10671000000000000000F900000000000000F80088
:106720000000000000007F000000000000000200E8
:106730000000000000000800000000000000EB0066
:106740000000000000000500000000000000000C38
:1067500000000000000000FE000000000000000A31
:1067600000000000000000F4000000000000007FB6
:1067700000000000000000FA00000000000000EE31
:10678000000000000000000F00000000000000F208
:1067900010D310083214140FE0140AF5EA223AEF6D
:1067A00032BB000E2E0031D70416E304E2062304A8
:1067B000DDD914EFB2FC3201102081DFB8F4C11230
:1067C0005202BBEFEFB9BB52502315FE560030DB2F
:1067D000ED03EA05C098062F2518FADCDFD8C27A47
:1067E000ED1E1EF8EEEF152F070D25E02E57813414
:1067F000B60821F6EACD27817BF71EF625F4570966
:106800001FDEE2EDE2FCD7F606FC1007A481098149
:106810000026F009C409F7390181F9F6CAF23614E5
:10682000F4BB19F1F7F219F47FF4FBF5C7B8F206DF
:10683000E30F167F1C1CF30FE50F020C9FB1F81C31
:10684000B208E5092BE803D610DB060727F80F0B83
:10685000C7161DF70C37D1BEEE180EDBE70ADF3680
:10686000F9FF0020321C0132E3DCE91603CE001DE3
:10687000220C15F781E103A4FBB8F3FBE4E51DE866
:10688000072AEE5CC1EDF90A1A1D1015FFEE24EE81
:1068900031991004F1F3812A2B6303D2C4010FF55F
:1068A000F6E40A1E3E37F7CE0F044BD7E33CFD0C4F
:1068B000EB5DF1052E141FB754E92402F73F30DCDD
:1068C000E6D7DFE6F290DAFE3CED0D5917DD091848
:1068D0000940F4D881FB18E80FD4B82A4D17FDF809
:1068E000EF1ADEF23C2DE410DA73FF40280F2F661A
:1068F000F681D80701EA0415FA49F21502D937D012
:10690000D27881135E3693A2C92D1FFF069CF7280B
:1069100011D307D84B09B01500E11BE22BFDEB8426
:1069200003F617D9021839C91A111A381F511F1145
:106930003E38FEF01EF1192AEA0236C0D201F8FCF8
:10694000B4D93A05099609D81215F681DFF57AF31C
:106950007F992BE69DDFF57FE5FD05C814F9FC0E58
:106960002921D419108123261A441F15D206569DB9
:106970000CBA1800D901001AFA1AEFF8FB1717C45D
:10698000190B2FF40D0BD817EDF36FD1F215E81793
:1069900000030828F07FC6FB0D08110EF543BB2449
:1069A000FBFB0529DDC4640AF112E8EF030AEF0DD1
:1069B0001A0D0D1614544DC13228D11D7FF53A1809
:1069C000150ABEE0291DE31AE5DCC4AC0F857192FF
:1069D000F52FF1AF6856DEA3A1BECB1F40C57DAF3A
:1069E000E7DD27EE193BDDC12E810FF4EEA44478DC
:1069F000C402F6A8AEFF41DADF17EDE51F6AF6D450
:106A0000CBCDD02E41CE72D8170D0C9CA7AB502801
:106A10008EF17F03C91FAD7F020D1110EA4A0804F1
:106A20004BFE050CE91F14141606CD06DCEC7F9016
:106A3000BED7F8F222FC76D10419F0E81206DCFB8E
:106A400005E3D9392352006C3F03FF0BE8271E21D1
:106A500023082842B40C3540160634EE0727A4F26A
:106A600020F6E20903A4C62EAEFD26CF346C854D78
:106A7000E914F881C8EBF9F681051A10F779E91FD6
:106A80000C00F4FBF7C142050EDCC9FDE3E6242E41
:106A9000C5CFCA24F71404A70F121FF20253F8F14E
:106AA000002A1D01280F6514EEF3DA52FF19811434
:106AB000D5FCFFF2D20B2BB8EEF3721BDEBC13AC8D
:106AC00005D726FC2CE3BC4656E4E931261BE2F54B
:106AD0009D0AFD23010A152D1FE2EED217F30B7F4D
:106AE0003A048127F8E49144E60EFEE361CA220AE3
:106AF0003DF1C9F3227FDFB01518420618A222012A
:106B000027EA78E301D66DF21FF8DA5E21701E0ED7
:106B10003981353FE00A3FC4F5D7E233243BE00B2F
:106B2000D801E60C1711C2AAD638E1E5F6D50A1647
:106B3000E81F20B87FEE1122240B0C7FEC1C9A2357
:106B4000FD221859F916D12281EDEC131E293F06BA
:106B5000E5FAEAEB2A4BA8E0EEFAEA1FAC1B06388E
:106B6000070519F84BBD304257D63AFDD4D8ED2C65
:106B700045CBF1DBF70D272F5BEAE8ED0424A9B83C
:106B8000EFEEDF730CE88AEEDEC099191701120AE6
:106B9000D500000000000000000000000000000020
:106BA00007F81506F505F90DD2010DF139EB3CEEAC
:106BB00064EACF1657BCB9E60EFF0B03FCF3FFFFE8
:106BC0001B00F705F1F8ED01DD00E1F5E9FAFEE261
:106BD000B3113FF5A43E561A15ED1A0F0409EE2025
:106BE00008060103F8080E0809FF14FE04F8F70070
:106BF000FD05FBF90909FD0701FFF5020A0006047E
:106C00003DFDAA045AF0B2F2F4FCF90303F103FDCE
:106C1000FA0B01F8FB021711F5F53B06FD0D0E0B03
:106C2000060E0CF6FA02001DF605D8FEEB0912F668
:106C3000A0D92DF1E2D2F6DCED0201FDE3F50CEC7A
:106C4000FC01FDFC1F1304FE06FBF00709FA060118
:106C5000AA12E6F712ED5BF908F45201D3DBDFE983
:106C6000F2FC1303FB0003FC23F801F43813BCDD32
:106C700003FC93F42CD9DDF00FFB030406FDF2F9BD
:106C8000FC0BFCF3FFFE0300031FF6E6001C040EE2
:106C9000AF0F2614A2F77F01FD0906FDFE0CFC13C1
:106CA000EDEECA120CA80FAFFF050200F2EA0501D3
:106CB000F9ED000CFBEE02EFC97FC281056C1F15D8
:106CC000E7FED40004C4098B26FCF40B19EBF3FF98
:106CD0002E14D12206E13218F9FEED00F50204B9B6
:106CE000ED2FDDDAFA60283410DBF12C03EC00190B
:106CF00081F77FFE81DA76DB191A12E20356EB1C6C
:106D0000F50AF3F401DB09EEFF06FCFCFDFF0502CA
:106D1000D502E70B00C748E608FCE5000DFFF4FFCD
:106D20004C13DCEE5632AD0504CA202CF89DE2D699
:106D30000306F8FB00FA01081EFD1D10F0F41E0CFE
:106D4000070204FDFF0EFB0725F14F00F308C60400
:106D5000B9F89C101481408130FCFD02FEFFECFD6F
:106D6000EC6FDF94FF5A071107F9030A01FAFF09D4
:106D7000170E05E80B5BE447FC01EFFC0DF8FF0183
:106D800001DB052504C5FBDBEBF8E4F60C060E166B
:106D900007ECFC1101FCFAF9FD0905F8FB16070BDD
:106DA000000EFF0222E5F2FB0BFD17EDCD17F423D9
:106DB000F900ECFE0909080157F208FFF50BD10FA5
:106DC000E81925F52912FBEBFCFD07FE18F4DFF5A9
:106DD000FAFFFCF47FFEFEFB0202060884DDF60FDC
:106DE0002FB1F8FE05F434172B9207F6D0DB19BE4D
:106DF0000525051091E4F61E0BEF05FF0DD71D02CA
:106E00003902FBE2FC06BBFE0107E3165081FEFFE0
:106E10000B0FFE070F4F1D05F9DD522B0AFBFD0975
:106E20000000000000000000000000000000000062
:106E3000FFFE00FE010201FD00FFFFFF010201FD58
:106E40004F004B038505ABF100000000000000007F
:106E500016F22DF2DD0DE3F401FC00FD0112FFE658
:106E60000000000000000000000001000000000021
:106E70000AFC22FCE112EEEBE90003FFFC0004FE39
:106E8000F00C290CF90C07E303FEFEFE0001FEFFE7
:106E900000000100FF000000FF00FE00010003FFF2
:106EA000FF00FF0001FF00000000000000000000E4
:106EB00000000000FF0000FFF604DC0431FD1000BC
:106EC00028FC09FDF4FFE9FB00FF01FFFF0100FFC3
:106ED00002FCFEFD0000FF0208FC0AFCFB09F0F3C7
:106EE00081F781F47F117FEA00000200FF0100FDBD
:106EF00004FFF00114FF07FE03FEF2FE071006E296
:106F0000F5FB0EFC09080FEFFF010101020001FE75
:106F10000ADA1FDAF221F3EBFF01000100FF03FFA1
:106F200001FE10FEF8FEFE00FF010301000001FE5D
:106F30000000000000000000FE030202FEFE01014E
:106F400015812881DF7FE1810C05DE03230001FA32
:106F500000000000FF0100FF1DC131C2D442DFBDAF
:106F6000000000000000000004FA0DFAF808F9F42F
:106F700000FF01FF000100FF000000000000000012
:106F800002272A28ECF308FD05F903F9FF0300FAAC
:106F900000FE01FEFF04FFF90300FF00FF00FE00FA
:106FA000F6321032EED5F52902130613FDF5FF0374
:106FB000031D051C01F0040A00000100FF00000091
:106FC00004F909F9FE0DFDEE07E1FDE2F307E50B1B
:106FD000FBFE09FEFD00020300000100FF0000FFB0
:106FE000EADE02DF032C0CCB4DE860E9B71DB0E010
:106FF00008E40CE4F91DFCE204F70BF7F60BF3F4DC
:10700000FC1FFA1FFCE80A1100FF02FF020102FB4D
:107010000000000000000000000000000000000070
:10702000FEFFFCFFFE00FFFF00000000FEFE00026E
:1070300000030003490D00002C0D001900000000A2
:1070400021150301251DFE010100FE00FF000000C7
:107050000001DF0009020101FFFE0A0D8117020392
:10706000F301F21E0B0F02012018FF000D000301B7
:1070700000000200267FE30700012F4200000C0BF6
:1070800001010000250103060206FF0011D906FFD9
:1070900005F70100081100F307FE0101FF2F5F1F34
:1070A0000D1D0B0CF8F0010400000000FD0100FEB6
:1070B00000000000000000000000000000000000D0
:1070C000FE371BCB0D5CF90A02AC0004A00501F3EE
:1070D000E2BBF6C2C2F7C2F0FA08F7EB11FE84E594
:1070E000FCDC81FC02EFEFFA03CEFF40D012BF15AB
:1070F000E3BD05BBBC0DBDE4FCFDFAECF0FB84E791
:10710000F800D3E2021BE6150FC0006F8FF51AF5E9
:10711000EAD92EB4A803ACEFFBE6F8F318FFA9DD1B
:10712000F62A3DD8FD02E41916B6FE10A40F64EA53
:10713000DCDEEFC3C6FCAB0CF547D7F2EB01360B38
:10714000021E6B0A045326E9D64703A94AEA9C05A6
:10715000E40B4CB6941A8BDCF4CCF6131006C5C8BD
:10716000D70F06FEFFEF2A0F37FBF8DF0803AD1E2F
:10717000E402FE1FEC0005020028E3061510F100F2
:10718000DA17060DF21D11084B11FA0A04FB39FA41
:10719000F009F621E61AFA06012EE6F40615FB0CB4
:1071A000E115041AF6F9D10A3D02FA02FEFA1DFEB3
:1071B000EF2BFDF7FEF930030223E4FC0D0C1DDE7E
:1071C000DD1A0913FCEBE30D3603FCDA0806C3F8FD
:1071D000BDD20435073FD100FCE7C1061AFFF1DC40
:1071E00039C0F6DB0E0706F6AFF40EF3F4029F3457
:1071F000F45EEFDC08EB100AEF29E4EE161409E266
:107200000AE2D4F3691712140CDFD412D5FDC18E33
:10721000F01302C611E50BFA371400060DFEE9E47F
:1072200008F60EFA310509000E03071F0E059ECE63
:10723000E815FBCE0CE50B023804F4030FF7FAFF58
:10724000E9E3F1F928DE080C07FDFC29EB06878B42
:1072500013F235BD36170303380702FDFCF902E7C8
:1072600007DBD506EE180D13040FE72FCD15C88FD9
:10727000F3018112F7D613F92CFEE7170114F1E49C
:10728000EE200AFF1CF2EE03F5E7F3BBF8EA6458C0
:1072900024EC7F9A152D00003DF810EEF4F805114E
:1072A000DEEBDDEBF623ECDABC0716017FD217FA32
:1072B000EAE4CB12FF10FC0BEFF77F01F451E80377
:1072C000F905BD04FBC9FAE100D50CF811F0E7039C
:1072D000DFE7CF0EF9ED080FE7F77F00F340F00589
:1072E000FAF99CFD0102F1EBD6F1EAD27FF00F0131
:1072F00004FDCF0D09FE01FCEEFB7F03221D2904D6
:10730000DDEF0AEBE9F6E6E4CF09AEEB7FEF33F50C
:10731000E3E3ED12F7D2FE030C2DA9F8D1F833F90F
:1073200016FE02111B6C0B2C02287F2DB9100F00CA
:107330002AFC2EEB08ECF9F8F4E5700B5205000D71
:10734000CD81DBEB77CAE10205F743D3F00DE8B05E
:10735000EB7F1A02F164294C160FDE2AF11D090D8C
:10736000367F563FE3D6CBDB0978063E61CAED1A7D
:107370000D070FF88108F202F9FD0C06FF5111FE0E
:10738000107FF73C0DF40FE801A40C26F60206C3AB
:10739000E39DE9D00D0F3B81F900DF4BB6B4D0FE81
:1073A000343F7FC5DE24090E0059ED2457D23A023E
:1073B000E37FE2050204FA3A45320817027BE33A1A
:1073C00077E60E0BF7CD7FFBFF0D4C21F2E99E0611
:1073D0000CE104D7F6B702A80232F77FCEECFCF539
:1073E00062F11400FEFC81090045F8215DCBC81153
:1073F00015EEFEC0E8E1F63006F204E80BC5027FA8
:10740000D90EE272D8115B4A08A87F023EFA4716ED
:107410008107291E1ED1EEF7EFD51C00D72A0208DE
:10742000E381AA25D8B4234E0ED3E6B6EED7FBFDF2
:107430000A21FF4F00FB81F4FAF5BC1D0CF7F6049E
:10744000041FF9E6F97F02E80B0AF8E91DF30306C9
:1074500024FB3B819E5FF2C6012ED4FF24453BAE48
:10746000041503F611EFFE0281FCFF060CEC12512D
:107470002C4A43E215AAFBFE0F5BE720F27F1C417A
:10748000F3F607F2491C0AFC81F0F5FCFF1B04AB84
:10749000D714EFF87F03E3FD650C002FE27AB93AC9
:1074A0000AB2F731EB3CF6FDFDD787E8FEB07F0965
:1074B000FCFCFBFE81F0FA0019F60203F5FB011259
:1074C000112B42B1EBF4F6EB1BD5E62B1B007FF63C
:1074D000DDF4EC0A5CE816F1AFF00E7FA6371FBCB6
:1074E0007FE7021CFD2E1D16F1C70715200F43DD97
:1074F000CAE8F772F7CAD70DF0B02E28E2F67FFD82
:107500000E18D4FFF8FECCF105067F1D0EC3EFFA6E
:107510000F0808F57FFC051043FBE40DF9E0090BAB
:1075200011FC0CF67F07FD04B1F8FCFA090119B54E
:10753000BCA4A631BFA9093838BB49ABEB98CE7FB4
:107540002F5D54ECE5E3DBACB23E6D61D9CCCCBD34
:1075500081921A4143E7DAE54C1933C2E73BC1E9AE
:1075600039DAF231E8107FBBE651F00F68C6D3403C
:107570008292F7D7DE3217128E5441AB3424943402
:1075800020906C4BA7482A8C352D9C4A3490322091
:107590008100E2EF14F82924003C1C00FED7B9E07A
:1075A000AA81BB3B162418F52DD6A9F7C137F8CB15
:1075B0003803E84A18AB23E4A010DA95FBC5D9627A
:1075C0000DF97F32D65607254F2D5B7F3F4F733B1A
:1075D000DBE2E9D9D9C3F6FAECDACE03B7A2BAD81E
:1075E000C7E4CE40A5EB53ADE34ABC1071BB1D769A
:1075F000B2F854A71B76BA287FB4FD5AA635CB3B08
:1076000008A21E13AB151CBD18DE81E809A6013EB9
:10761000DD1D2DCE1947E023099E2523BF69229F3A
:1076200047F28C073CDB7F19943D1B9DE777FE7387
:1076300029890A370E2619140F022C1AB581A5C6FE
:10764000B9BB1B443518E916EADCE91D4041047A50
:107650007FCE3E34DF5356CE38478CF2F0AC182143
:10766000F84B7ED22443EE496EFACFF7A681AC19CF
:10767000021629132FEEE1003F424D1A0B1EE6E3DE
:10768000F50D18180B32293C6A711D46410103059E
:10769000E5E7F6FDFCFA09E3E2B38191FCCCCB010E
:1076A000A4F3F3B1C914FB00E581CED58CAD0BEF8B
:1076B0000B35B73708A4011CE145364E03083222CA
:1076C000151D2FF71316ED26610C2A7F16E2B2F86E
:1076D000E0E6390C25F8A8D10EB3EADD91D1FCCF54
:1076E000DFEDB1D9AE81B82B0A0B04D7F8BB97CD2B
:1076F00004FAFEFC31ED250F0CFA020003FFFF0334
:1077000034FD13015AF9C603F902FE02FA007F8123
:10771000FFFFFCFFF20AF90A0200FFFFFF0301FF6F
:1077200014FFFF01FC01FFFEE40DFA05D1001DF07E
:10773000FC2906E67FF4D903E8FFF301ECFD0CFE1B
:10774000C703DE03FF0801EDA0EBEB0A06FD000016
:10775000E2042304F000F80120FEF2040801020113
:1077600002FFFF0102EAFAEAEFFFFA02020CF3F766
:10777000F72DFDFFFE02070506FE0BFDFDFEF90BD2
:10778000FBBDFC1E0DF901FE0BFFFA010DB6F82C36
:1077900008FCF20608F7FE0703FFFE04000604FFDC
:1077A000FB7FFD35FF3B0026D0DDED11160226F0F4
:1077B000F2FBFF04FEF5FF0AFFE800FC0006F907F4
:1077C000050401FF0D0ADD21FB0FEF0A2B00270640
:1077D000F90FF90F01F700FE0D270DE30300FBFF82
:1077E000FEDA06ECFDFFFB09FFF303F2FE0700FCE7
:1077F0000000000000000000000000000000000089
:1078000004F1FF00FD010302F7FC0802FF04F6FD8E
:10781000040B1BFEFFF6FF03FA0AFDFA00F8FF0057
:107820000211F3F008FF0EE1FF09FFFEF706161143
:107830000005FEF6FA06EAFF0D0408E80001FBF970
:1078400001FFF304F60DF7E9090EE8DEFFFEF7038A
:10785000F50659490B00270BCEFF07050106FBF281
:1078600000FF0FF6090029F1F1FDC0990408F8FEA8
:1078700010C51D1701FCF8FA03F1E440F409F9FB07
:1078800005FF0001FCFFE7F901811510140507074A
:10789000FDFDFAFEF2BCDFE3FCFD0D0B0ABF170491
:1078A00001F9090501FE0209F74BBEBC0ADAE90736
:1078B00001031507F5031C1EFD2010080413F7E84B
:1078C000FD08EEEC06FCFAFEF7F7F407FC0D7F7FEF
:1078D000F4F3E1F006FF0AF200F5060D7F00160949
:1078E00011F1E2E600F74540F115D4E9FBF6D6DDEB
:1078F00000FF000001FF04010206F2EAFE0FFAFD9C
:107900000000000000000000000000000000000077
:1079100036736D001448D9FFBEC25BFF57959EFFBA
:107920006665D6FFD96D66FFCBBC6FFF0F9C29FF44
:10793000B6B802FF9E30C8FFB1BC73FF49BEB9FFA5
:10794000B2C86FFF1D487CFF36D3A7FFB99868FF08
:107950002DBD6CFFC3E927FFC3F4E6FF5F5289FF2B
:1079600059B788FFCEE911FFA33781FF00F795FFD4
:10797000A3BBBBFF41E91800BD81E8FE11AD66FF66
:10798000179791FFCE4496FEF1C1B7FF21A4E6FE02
:10799000902EA5FFB8A98EFF4ECFA2FF16E5D2FE0E
:1079A00010D49CFF7DA40EFF81B280FFB8BC37FFCE
:1079B0006913BDFF5B97F6FE7F81B6FFF47AACFFDB
:1079C000341F57FF9AC470FF3EA724FF723A97FEF8
:1079D000B734B3FF25E9AFFF09291800470D96FF1B
:1079E00030DB6EFF04D981FF005A56FF42A09EFF94
:1079F00056AE39FF4C62A3FF8B88F0FE7F2D4CFF03
:107A0000E860EFFF202638FF64D764FF8206E1FEBE
:107A100059BE58001A0DF6FF6EF2EAFE8727A20142
:107A20002DCE82FFA4222B00F4D7CC005B7E360043
:107A300082A759002FCD1400C7FA2A00D92B46007F
:107A4000745AFCFF3062FEFF03BFCD00644A25017B
:107A5000E3E299009A85A9FF1B829400B24D86004B
:107A60003C46C9FF21564A0088691700BB4E870073
:107A700093BA950027535CFF65AE42000AB59401A6
:107A8000D0EF94FFBDD33D0025406500B3DB05007A
:107A90006A6A300061654FFF7E9DCC004FE3610054
:107AA0007231A4001BC5A5FFE05B8400D97DB20044
:107AB00044C3ADFF1B90F8FF960A9AFFE957E0FF19
:107AC0007A0864FF12F4BCFF4B386EFFBFC07B0026
:107AD0005D2EB7FF39AABBFFE044230067B549001C
:107AE00097242E003278D100D3CFFBFFCF3A41004C
:107AF0006BD792FE48C3420043FA04008D6EBC006F
:107B0000E7C70600BC3E49003ADCDC00C220410069
:107B10006420F7FFAD08B100D79FE700541534018A
:107B200003083C0063A137000FFC4FFF023724011C
:107B3000297AF60005F80501916F24001E48F5FF2B
:107B40005E29CC00D3171E016E5DB8FFB940A600B8
:107B500048E5C50090FF9A00A10593FFC48FF1008E
:107B60007694D400919924013B2FFB00608E67FF2F
:107B7000F17EA901727A1800A1CCA201A5EF5800EC
:107B80007D419D00503C1D0161D3DA017394840056
:107B9000BA856E01C69A190053CF0B00583BAF004F
:107BA000353519011EC26000D39D980018CE0C0017
:107BB000A76382007F5DD700E3E61000F18C1F0011
:107BC0003F53E6FF8A265100991A8700DEFFCF0057
:107BD000DFA2E0003D9A3800B849DA00880AED00DB
:107BE00023EBB50050365D00C3F85700AD8AFFFFA8
:107BF0005349D2001218FA00191F8600BBDFD101C9
:107C0000D1E9A5009C8EF500CD84F0FF950214000B
:107C100037189D007BFF78003D7E8600F8D56A000E
:107C2000BA2D63003CD78400AF3560009949A000AD
:107C300090B6820042067400B7AE870038E56B004C
:107C400030FB8500F4D8C5001F986D002ED7850045
:107C50007C896C00C2AC590041768200CA24A30022
:107C6000C4F75D0076C57800803C8D000C2F920033
:107C70002682BA004F768F003ED7830002FE720044
:107C80003A778000621E8D00D1F47B00D45EAF0095
:107C9000A8783B00850A660087F28800BE689700D6
:107CA0004F6EBF003EA75F00D1C7790060547A00D5
:107CB00026936B001A967E006CAF7D000BCC8B0078
:107CC000EA0C850048957900B2FAA400FEED7B002D
:107CD000656E7B0035047A0019689200C2FDD600FB
:107CE0008A95AC00C1CC9200EF7B6D00AE0D7400A4
:107CF000ED4A5900CCBC74004F0C8800179CBA00A8
:107D000021479E00EEE658006C0F85004F8F6D00F6
:107D1000606607F96759C4F84AC131FA14CB95FA7D
:107D200055CC0E0104A2D9F8FE4459F8A6781AF8E9
:107D30005CED71F9AA70A0F51E9C9EF9FB6D72F6C0
:107D4000B4A904F90B2835FAD7B307F73EB476F98E
:107D500093B548F9349E14F53772CFF7DE4369F6D0
:107D60003B484CF879183FF74305A4F9D4A3B10078
:107D70001E4A28F88B0C15F97F9D3FF73F1045F8F8
:107D8000D2AA96FA8284E9F586FDF4FB874FD6F2F3
:107D9000E361B0F8F2F087F5A323BDF6CF1513F633
:107DA000894CCCF73AA850FC0399D5F9F012FBFCAA
:107DB00020B4A0FD467C12FB7DAF05F5B806B0FAF5
:107DC000344E69F8848B58FCBBFF0CFB54E4B3F9C8
:107DD000C77E75F9B41347F9002118F938DAC8F9E4
:107DE00098D37AF25663DAF8D5375BFA76D51FF076
:107DF0004329E7FA4E4210F58EFBC0FA4AA681FAF3
:107E0000C7FDF4F6DF4946F8DC8C44F7F326DAF7D1
:107E100031D885F82B9BB9F97FA3A2F92BC5BCF803
:107E20004120BBF816419FF7756F54FAD87100F8DE
:107E3000209CDBF8556C07FAC467A1FAFEB1C6F8BE
:107E400015B264F8AA0409F83FADCFF9DB6300FA74
:107E50008ECFE0F98DD323F905C3C1F7099FD4F97B
:107E60007141C8FAF246A3F8DBA854F9DE4A2DF7AF
:107E700020068CF9180B47F814F0DEF887711DF80E
:107E800051EB9BF973D301F5D36FD6F885152EF816
:107E900068ED9FFAA72856F97FBCD7F9A3A261FA2B
:107EA0007AC995FBD2F4B4F901CFBCF69921B0F7A9
:107EB00006CF7BF7052234F6ECB5E9F880B424F858
:107EC000040956F73F2253F51685EAF9224D66F963
:107ED000E91CC6FBD292CBF7CEC120F8ADD5C8FDC8
:107EE000D2DA81F93F12D1F76C59D6F8B0C017F940
:107EF00069DB2BF8986647F7089693F900EC26F7AC
:107F0000127CB1F9087A55FAD58477F843EFC2F6B6
:107F10003DBD7C01495594006F4BBD00B817C800AA
:107F2000767F05013D452DFF3F13B300A5F64201C5
:107F3000372C61013246EA00CEFCEEFF47C835001F
:107F4000D7B48D000B637C007F85B6013423E1FF3D
:107F5000521A0000584176004E2159000D0A82FF46
:107F6000B67A2100533783FF69A53D00B30AA70005
:107F7000E4E78B0044F84101B1BD85006377A501BA
:107F80009364D200257A8F00D67E5DFFCA84D60026
:107F9000375F13007F33D0002DA001010DD9AB0056
:107FA000F034C8FED520C000A1467901EE6EFB0179
:107FB000A03384008F4BAA0058E96300A25E5100F1
:107FC000DB3D41017E4D76FF5A99F400F8B7190167
:107FD000A7DC1B00FBFED300DD860E00F9F29A0140
:107FE000BFDAC3FF8DECA700DD12EFFFA171940192
:107FF000A829F400360645008F36F2FF8AD4C9FF5F
:10800000F70146018771B001EC31E8FF968E8AFFD7
:108010002244B2FFE8F48C003FC919003603B6FED3
:10802000BF95E4FF2F7F4CFF58D1F3FEDC542FFFA8
:10803000887FB2FFD553A6FFA5070000DE17D2FF49
:108040005D27E6FE88FE2A001D4532FFF530B1FFB0
:10805000CF8B8DFF90BA2300852173FFE47CD10084
:10806000F04F81FFFE6D50FF4C59340039C667FF59
:10807000AE15F5FF14DFC5FFF5127B00C4DC33003D
:10808000D3096AFF31E0930030C12300464C4DFF15
:1080900067D5FFFF96157900807C89FF0D47110099
:1080A00038234300787D95FF44E24300A66ADBFF56
:1080B00076B8FAFE8EE964FFC260F7FF6B41E90013
:1080C00049F199FFBDC10C0044ACCDFEFB5BEFFF55
:1080D000D82EE3FF953CE2FF6C25FF00215D2700D1
:1080E000E6C44C003FC6CCFE23E2A0FF9F4BD1FE6E
:1080F000866BCCFFCF035400B6F1F6FF79C0ECFFDE
:1081000046A1990092F7B7FF64EBDC00174E0C0014
:108110000A8B94FFCEC16EFF55D790FF518CC9FFDB
:108120001435C9FFE28DA7FFE79F310067E683FFA3
:108130003E85ABFFA936D5FF2E76B5FF515E9AFF7F
:10814000163689FFD95628FF50C611006F0D64FFFF
:10815000BA92CBFFDA888EFF52ACD3FF7B1688FF32
:1081600092FD6CFF1774C6FF3A58A9FFEB099EFFFA
:108170005AE7B7FFC27E4BFF94BB68FF6B04270032
:108180007521C2FF5634B3FF260DB0FF8299DBFF85
:108190005489E9FF1A32F8FFCE61BCFFD496B2FFD2
:1081A000AD5FD1FFCC97B0FFB830EFFF77B89DFF40
:1081B000F61DCCFFF430CDFF9672D1FF407351FF16
:1081C00090FF4A00E2CEC3FF7FCFC2FFCC8685FF7F
:1081D000476A78FF1DED01003EA25CFFBFF33EFF42
:1081E00004B594FF153228FF41E94F002D19D6FF41
:1081F000E1D686FF253E3000629973FFA672A0FF8C
:108200007689C5FF5B0B09FF804175FF5B59D3FF82
:1082100060724EFB8BCF96F8722734F63C4385F99B
:1082200012966CFA6C0A36F6C92131F84A2938F9E7
:10823000C00DC6F93950FAF6F54A2AF9C88312F684
:10824000A63714F7DDCF8CF741CB97F68667CBF9CD
:108250005656A2F76C852CF764C594F7276169FB25
:10826000C955A7F961859BF930F11DFA328860F88C
:1082700012DE79F70E5347FA8C5235F883410FF727
:108280001CF8E4FA66D09DF65740F4F15D70CBF629
:10829000C30477F665F4DBF848C6E1FCAEED03F6FF
:1082A0001E3F4CFD8C66E9FA3E2B62F8F93695FAD2
:1082B0006B7A17FA8E2B63F7EA1918F9AF87E8F58E
:1082C000C324ADF91FDF49F2C67D63F886B633F7E4
:1082D000A2562FF8EE4AFEFC885C16F92A9CB8FBE1
:1082E00086D3C9F993B36EF4FF73E4F9EF66E0F94E
:1082F000917D78FA60388AFA11382FF58AA5DEF672
:10830000181C43F8C7B7A7F7E1207DF75A243FF7B9
:10831000C4C3B6F80A88E5F7804B57F868A7F7FD9D
:108320001EBF1FF86DC002F84DDD6CF7DAD8E0F81B
:10833000B348BAFBA899D8F67D54B7F98E3B87F9B4
:1083400085D604FA14A6CAF703E5B3F51083F9F845
:10835000FD8604F8785086F71F1098F8E40E7CF834
:1083600018755AF87F3651F82D03FCF6B9B6DFFAC6
:10837000F61187FBFB7A3BF896327CF5BB7D51F812
:10838000ACC791FB17A97CFA534B55F7E5DD3BF8D9
:10839000E76EF4F7183360F74186D5F93F0710FB15
:1083A0000C195EF964F9A4F4CA49F0F0BD4A18F951
:1083B0004897EBFC88FD76F6F0316CFAD45AF8F663
:1083C000E1FE54FBA18FBAFA8827A4F7FF2F68F9C2
:1083D000A5A1E7F834A924F8B93BC8F63EEF5EF84A
:1083E000DFEE63F89B91F5F6482DEFF49CC679F724
:1083F00006AA56FA7CB8AAF718CD71F865D91CF808
:108400008E1E78F884C63CF8462DC5F8E89CAAFB79
:108410004721F6FD1238E1FDC43BDAFE41BA1AFEEF
:10842000DE6F4AFEC00A46FED8FCADFE7417B1FEF0
:108430002B0B50FE333114FE030FF8FD9F0864FE32
:108440008D9472FEB8E995FDC2E967FE441016FEF0
:10845000858760FED1166EFEF5E7C3FDECBC15FE08
:10846000C3466AFE260752FE81A130FEBF4122FEAE
:10847000577100FEC5F1A9FEF37D1EFEEFDF25FE5C
:10848000F96E41FE26285BFE29220BFE63F92CFEC5
:10849000F921DDFE7B9EAAFD05086CFE42F863FE15
:1084A000712692FE9A366EFEF7C53FFE6BBF5DFEEB
:1084B000302379FD4E8F4FFEC66B3CFE777149FE2F
:1084C0001ED929FEA9E4CDFD7575BAFD27E148FE48
:1084D000EEAF9BFEA4AF99FE4C6DB4FE8F0BC6FDB4
:1084E000E73C04FE57DC76FEC90A25FE32B086FE64
:1084F000646EFFFD84C74BFE58129CFE555D20FE46
:10850000E8C37BFEAD3C61FD519816FED681DAFDD5
:1085100011E995FEB1B2DBFE2B819AFFED33ABFD85
:10852000E54C61FF09CB6CFE84E639FFD50160FFA5
:1085300040DF06006B988AFEB8FDDEFE8BFFEBFE87
:10854000FE7888FE45E7B8FF9AE200FFB6C0FAFE63
:10855000582669FFC646D4FF9D3F20FFF815E7FE69
:10856000C3C1C3FE43AA79FF57747AFFC2CDA8FEE8
:108570000C5858FE78907CFE41E727FF58C3010055
:10858000DF7B1000E1A379FFB198EAFF14DA18FF4E
:1085900030DF1FFF2C2B11002A27BEFF92AB2FFFCD
:1085A000BACC73FF0FF0F4FFEE873FFFF64529FFCB
:1085B00069CED9FF6E78C4FF25963EFF39C12EFFE4
:1085C000D96BADFE2A11AEFFCC6112FF670E04FF1E
:1085D00090310A00584913FF6B708BFEB78BD3FFA5
:1085E00030B922FFD05705004C4D7FFEB72558FE0D
:1085F000BC3959FF05A32AFF5730CEFF884309FF36
:10860000CC9AE6FF6EA14EFE1E98AFFE4D42420090
:108610008183D7001B5A4901F2675401C98DC602F4
:10862000DE39D30174E93801122C3B01DD984A0090
:108630009AA0A80168A437017B113A016872580119
:1086400022A4A80113A9C802E7908C0187BC53019A
:10865000ABB5E501B11EEB01FC336B01849D42011A
:108660006A103601204213011441EF0066661E01B4
:108670007C097802CAE5B4004D97C70171B2450183
:1086800081161E019CB13600F8917B00820705011E
:10869000A5F26701886A1401AE056F012CB3CE0103
:1086A0001B8C8801A8BD1B0174835E01E65608027D
:1086B000DA76430109C83901AAFAA1001E87B2017E
:1086C000CD128F000D5EC000094B7602ACB92B00B5
:1086D0006E7E7F01D1690401F75051FF6D0BD6000A
:1086E000136FFB00A4F07600707844020922D801D1
:1086F000D258FF006C08C90000CA5E010977670103
:10870000C4768FFFE230D500BBB39B0164E6C001A5
:10871000A280AFF8B38F0CF90E4FBAF9F3182EFD03
:108720008CB122FA77A31DFA0B7B7EF8E9AD19FD17
:108730001D59A5F764AA89F8BE6CC9F7C9C455F9D3
:10874000E23905FB25622DF83FA458F7CD8C1BFBC1
:108750007E1B68F7F10F7AF8A116DBFA8C7A1EFA05
:108760007099F4F98FD583F8E66DCDF888A69BF95A
:1087700016BB2DF7CF6618F83AE171F81674CCF7EE
:10878000561856F7B85AD7F95588F9F8A3C699FA82
:10879000DA0ADEF922EFC1F849CDADF7A27FBEF7C4
:1087A0000A1FEEFBEBFAF0F885A7FAF807CDEEF812
:1087B000DD4A2FF9E9EFD7F8E8A02BF77D5B0EFA39
:1087C0008AF415F94C413FF9B3837CF74DC8A1FBFE
:1087D0007E8DA2F8285D61FA49AD47FD08B786F99C
:1087E00032D557F7BDEC33F9EAEB53F8AD3D89F9D3
:1087F000F3B73BFABFA78FFA945C0CFB9EA879F7FE
:108800006324E1F619E75DFAB6CDB7FA14AAB5F814
:10881000362889F7052701F9B0DB46F7B779D4FB8D
:108820001D3865FA6CAB5EF746A168F441CC81F760
:10883000E6F53EF7EE29FAF851AB09FC639C9AFA8B
:1088400094AF41F2A88D7DF68A5D2FF3B943DAF635
:10885000C3A1CDF6C9B61BF966CDEFF6DF040BF365
:108860001CA0E5F84B5EBCF6050D7AF7BDF9D9F80A
:10887000A07F98F7083B32F91F58C9F664B3B8F7E0
:10888000BD4CCBF61399DBF6B8C57DF812AF14F8E2
:10889000326B54FB3A49A9F3B176BFF55B3DBBFEA1
:1088A0000EBD3AF2871FF6F8B4EFB2FC220327F6AA
:1088B0002261F8FAEBFA3FFB248B0AF8FC9364F888
:1088C00034482EF528032CF8EE9B0CF801CF18F550
:1088D0009D5A82F74D8DBCF7BC038AF9A96B65F7E9
:1088E000184B51F563E009F77800B7F799E1C0F349
:1088F000809784F930CAF0EE5B2F10FDC806D5F7DB
:1089000022B573FADBA250FCFB69C8F43B925EF817
:108910008CD243FB19C2FDF8923090FBBF9B62FDE5
:1089200064E0C2F91D543BF8A167A8F9FDC456FBE9
:10893000B7B5CBF7B2B50BF19EFC1EF84D93CAF755
:108940005059A6F89DCA15FB3E1086F93F0AF0F66D
:10895000F7E427F7132EEFF79D46DDF9F1F59DF6C5
:108960007879CEF84705DBF993FD21F851B34CFC3B
:10897000BA5473FC066FC6F8A8F6AEF8B266A4F354
:108980001396AFFA9B1375F6536B63F99408DCF8F2
:10899000591AC9F604A3DEF9078B38F83438DFFB1F
:1089A0005A4DFCFBC566E2F7C5998BFB10D485F8E0
:1089B000668379F763B9A6F8F8D38CF99FFA1CFAA5
:1089C000FD7D74FA22E4C0F67C2F4CF7224430FB84
:1089D00096E7E1F8268202F9E610B7F6365F74F7FB
:1089E0002D11EDF9BB870DFAD8E499F7E3A674F5DC
:1089F000EEFF60F562FE73F8592387F9A2AAC9F960
:108A000075C5AAF8A143E5F6A937F8F73E7AB8F795
:108A1000EE8102F800D1B1FAB71219FBFE468BF8CD
:108A2000CA4696F742622BF91E16BDF6AA7922F9BC
:108A30004A82DCF96CB02BF9A09DF3F93CFE48F9B1
:108A40001B42ACF99BF282F7E04747FAB94186F83E
:108A500029DDCAF83CA0D0F8E288DAF773DF94F990
:108A6000EFFDB9FC03823DF7628A21F9B8EA65F8A7
:108A700078245FF33F0028F9083093F91C677AFBEC
:108A8000240F1CF6020495F779C3A9F98E08C1F8E2
:108A9000EF4AC7F80A9C4DF988405CF666BC2CF892
:108AA000FA56D2F6CC805BF6F93630FA21548EF7BE
:108AB000812E71F659B953F83E7CFBF8541742F9F0
:108AC000396E87FC286132FB9739CFFBD7848AE85F
:108AD000F6B392F8AF9B71F76D1A85F619CDC6FB08
:108AE00093D5B1FBB49F0BFA9DB649F9D5AA97F07F
:108AF00096CAFFF5C2BEFDF7775235F74F8A76F377
:108B0000799D07F839E2D8FA83EEE4F829B59BFAA3
:108B100011CE57F793049EF7C773F4F6D074E7F5B8
:108B200043E413F928FE7FF322C853F618B1D7F6B1
:108B300068AAFFF7BF48A4F6E1F199F8371A6CF874
:108B40009AF551F84E4F91F7CB1699F78DAB33F359
:108B500026845CF9BEF823F85DF7F5F617DA19F903
:108B6000B887FBF6EB1A93F7F8A269F97C1B94F926
:108B70007DE96CF41E795AF7A57730F9B41C7AF8C0
:108B8000E560D0F9D18BBEF7018321F8F87B9CF822
:108B9000545C54F8836328F58D2958F70B094CF879
:108BA00065D34FF7040B6BF9187B08F8B5CF37F88E
:108BB00033DA05F97F0747F722E79CF66A156CF868
:108BC000B1E84BF78E6D49F9338BE5F70DAC79F8C9
:108BD000098D8FF9DC2021F74526BBF821494AF998
:108BE000D8B2C9F8E5FCC2F6783FA8F83399D4F7B3
:108BF000A52DE3F7EC6318F7151EB4F7ED66DBF867
:108C000030CAC4F7A46B76F9D8B7A1F646F2DDF501
:108C1000C2F1C1F63DD904F6337BB7F77BAF05FC53
:108C2000AC52C9F79F623BF9CB0EA5F904EE1DF8D3
:108C30008A8A10F660518CF2FBBC03F8E1DE7BF50A
:108C4000CE9907F80396DAF747B158F8C03FAFF866
:108C5000A4E650F810DC73F99F7326F8EC2F9DF80A
:108C6000FA22E5F7555E3EF7CC08C6F9478C55F673
:108C700084EA35F568591CF6A0ADBEFAAC3AC6F8E0
:108C8000609F92F56EF96EFB536A00FA8E73D9F706
:108C90006B8B6FFBD3B79DF89E1014F6F3993AF9DE
:108CA000DF8960F96D4945FC529CA5F76DF96CF8B8
:108CB0003DB23EF7FEEA5EF725C191F8FE21DFF8EE
:108CC000127A9AFBC8209BF758193CFBB622BDF9D3
:108CD00065FFB3F8C6C0F2F722E06EF739F976FA0D
:108CE000E7A690F95A1162F925DEE1F7B5A09CFAE2
:108CF000AE60CDF98B3A5CF873C086F9825E7DF781
:108D000018166FF34DD069F90C5E3DF830B445F894
:108D1000FFF8F0E008F2FE010FF3FEF90FD47FB583
:108D2000D70302EBFDD0130DFE38443433137FE438
:108D3000080F5B2E96F2627F5B060A140C14040186
:108D40000E9EBAF399098155791632EBE911F1FFBC
:108D5000E42DEDAA98F323C300D72B03118F2381B1
:108D600036FB18131A73E811FCBA161E8102191B80
:108D700024FA1203F6C0F0FBECF1E7F145FA812882
:108D80007F24183BEBFA0A3CAEF6323A3E06EA5C28
:108D90002C333BCCDA4DDDB5D9E32C7F82380EEE97
:108DA000190CE619EAA81AF6F3EEEFE47FE0FEFAF2
:108DB000062CEC14E90E1121DB3A6210F07DD77F0E
:108DC00000FFF7D5F800F900FCF40BF5FDD57FC0E6
:108DD000F48148D6E807EBD5B903BEE9F7F1F3F81B
:108DE0006CE8F7471C29FCF715940CF881E1F14E6B
:108DF00088FFE3CBDFBB1F3A9C7F15513C5D19C553
:108E00005F1C125CE8CC0B0E10C426977FEDE12BA3
:108E1000227FF008FDFAAF15040244FA03EF08FBC5
:108E20003CE1090108DDF5951540041405A481F124
:108E30003E43DCECC5016FDD9911038126FAB1D9FF
:108E4000B77DD0F2DDDE81E8E9F1E291B3E3FEF136
:108E500004101625020100000204FCFF7F01FF033D
:108E6000D81E04098AFB242481AD2E020F2121F291
:108E7000105F0F060DFB81040A0A6818FF05040A3B
:108E8000E3270308CC81372ACF3F3AD907A4076DDF
:108E9000131AA67FFFF710FFFC0108F7FDFC03F48F
:108EA00081C0F6F8D7108EF8E4EEF043E4FAF9FA50
:108EB000076900FCFEFD81FA00FF2CDDE404F9EDFA
:108EC00012E803051164F4B711B5FB10FC44E98105
:108ED000E8D537182E05F1F4E281ABF92C02FF3505
:108EE000F5441B17022A2F11170F7FF9191C1008C0
:108EF0007F2202FD09FC3AEBF70507970100FB0F03
:108F000002C77F380B030EFB05FC280419FEF70788
:108F100014FF0201062510EE0C44171D08D112089B
:108F20001B06034D3C044CEB1A3AE20503F0FB39F7
:108F300007D8E20D0DF9FAF2FC130F050309EF1142
:108F400002B0F6F41DFF09F9FD3C0F01FAF5022A03
:108F50003CD0F104210590FFAFEF1637DBFA53F355
:108F6000178C0311150521FFFAF50D0A27E7ED37D8
:108F700003F006FEF27CB2F9291700F30903D9FFCA
:108F80000DD8FF0AF82BF5F80948FD01FE04F6FAA2
:108F900042511CFDA82BF0F8F7FD11ED13F930112B
:108FA0001A0C293636CEFD0AD2F819E216040D0E37
:108FB000FD44E727F1310306FA01100C0501FFFA21
:108FC000FD13E02F04E905FAFA030004030400FD91
:108FD00028118103134414561C12FC03DC2E040CCC
:108FE0002014A7FD09060E1212F3E8F6FA037F0516
:108FF000B2FFF17F05F1060507EC0C05DF77F8FD00
:10900000ABFDF47F07F4FE01EF29F9FFE757EC0011
:109010000000000000F00000000000F00000000070
:1090200000F00000000000F00000000000F0000070
:10903000000000F001FFF6FEE8EFE9005A019DF0A4
:1090400055050001B9F0001000F6A8F3551500EE23
:10905000A5F60000001C20DE00000024C0D50000A2
:10906000002840D100000030E0C70000003800BEFA
:109070000000004480AE00000050209E0000000070
:10908000E00F00000000E00F00000000E00F000013
:109090000000E00F00000000E00F00000000E00F03
:1090A00032E4F7FFD4F8BBFE0C4CFBFE7D007CFFE6
:1090B00054ACA6FE5BC920FF7BDADBFE4D8605FEC5
:1090C0005D76A7FE56DFEEFEAE48FDFEB706BAFEA1
:1090D000423EDCFE5292F2FECB2C03FF304FC2FE2A
:1090E000C7C7E9FE443C81FEC2B0B8FEE418EDFEFD
:1090F0008E3633FF5E1C58FED19ECCFE6619E8FE0C
:109100006F06DEFE73AC4AFF7B9ECDFF795685FE6F
:109110006154D3FE87FE4FFD1E627FFEF53E1DFFAC
:10912000F33A48015ED7CA008C9B7801DEED190145
:1091300010494A015EE78101FFF32E012F5B3901DF
:10914000CD58B20190A444017F7A3801E3B4E40021
:109150007C183A01B8D4730197F1F600F5A9CB0059
:109160002E7F1901BA21A1018028CD016D2C2B0180
:10917000F438060188E74A015878A901185F6201AE
:10918000CCBA220162C9A9008152C800E258140178
:1091900018C64A011A64410149A73C01ECD95C0197
:1091A00073900BF95DA172F12ACE49F7EC10B8F774
:1091B00042C183F7B3CF03FF728DA8FAE4323FFCBC
:1091C00020B6EFF8F30038F88CE6F6F746E314F82B
:1091D0004C0BB1FC5BE5EBF7CACEBDF5A7DF9DF606
:1091E00004BAD9FBF28A6EF86384CAF7CA1FEEFB91
:1091F000704A65F9BD2E0BF8360F56F532D556F983
:10920000247AD7F803C55DF94B42BDFFA4A800F945
:10921000BCD5C3F91FC9BFF78552F5F773AD35F853
:10922000BE4F92FAE7ABFDFA0F707EFA285FAFF7F8
:10923000E16DE0FB07D113FBED0233F657BE33F7C8
:10924000C395D5FA863793F7BEF996F9FEADC1F806
:109250003F78B7F532A718F9BB0971F9741BA8F864
:10926000A01313F7038EFDF7B89EC4F7F2619EF8C2
:10927000F426F0F72C9358F977B9CCF72E241FF485
:10928000FB0DE9EFD866D3FA75357AFA5E0636F942
:10929000DC07ECF93DD028FBA87DF0F9200D21F882
:1092A00027309747E13F3B45D34E544587452F45EF
:1092B0000D46F836FE4E3A2F8A39A72EAB38272DA9
:1092C000F72B3C3F913FB43DD429193E8324E12D37
:1092D000A5327F3D2845A42C3F491E2EC73AF132C6
:1092E00010308832153BF45F792BD2337346EB5341
:1092F000113ED7405249A82E733D6D3D762EC3488E
:10930000AA3DF426333E6545F33586629B2D754DA7
:109310009D3A8F4AA349A04A51430F47EC3B653B16
:1093200004257224FB2BD2399418F722EF19174B1E
:1093300098317F2BF7182526272D9857542B093263
:1093400079342033F329CF290450A727B766BF1AF1
:1093500034377D468C3EF532DE18A734A12CAA3373
:109360004147B1163B5C4223D76D97189517AA1653
:109370004D4F7C266A379F5A7E39BE29B653874C9B
:10938000A332CC2F7E2D6A34BF386222194C0211D1
:109390006C3A4D23D11F9219B319DE230D401733B8
:1093A0006455043C6A5ACC5E294942658A4B8172F5
:1093B000C24386491E539B4A493F6A5EF04C7E5524
:1093C000674CA53FCC59773E7645043D1D3DBC46D4
:1093D000D350E551DE5925486C335F5BEA4F0437C3
:1093E000EF50325E8A4E6C4B963C234A6039D03C3B
:1093F0005342F45A8855E942845CBE3D3B47F75ED0
:10940000E2465540A6451550CE4E263D3B383565C3
:109410006150403CA942CA4B1A3DBD518A4F0E448F
:10942000851BCC16551F8D25A021CE17BD0A011115
:10943000982D60152E1AA316F81ACD0F0D252D3470
:109440009A2AB5195525642A971F4B12EC147B11E3
:109450003D12B91A9C0B1714F40FC13B3016421D74
:109460007524490DAE11D01BE314F0295620281A9B
:10947000561E9415B61C9D11ED11DD477A19EF0C9F
:10948000441B36170C144E1CF82D2B153916691079
:10949000E23A15193C1715154014BB0CB7282319CF
:1094A000732432295E18082307215529E92EFB244D
:1094B00051261623B61E6E2665214925961AA52922
:1094C000F2318625D524A121312B601A7B25E22D8E
:1094D000AB25EA32182BE21CC82B031FF81F6023B0
:1094E000964D47330F20181FCA2697265728F72B6B
:1094F00092391126B91DE31E6B2C313332255620CB
:109500008828ED1C251E641CEE1FDE1C8029EA261F
:10951000AB1FE2281C262625302B42244726D929BA
:10952000A614D115FB213321191B35122D175130EB
:109530004E29F62A680F29524E1F77464218E40D2D
:109540008F1E423C1458F2116F65742358117B1022
:10955000281BFC161A21EC19AB2E082DA00BAE1DF2
:10956000A80CF81EED2D1F170F254C18A2488D12C0
:10957000E519801D7452390C7F1A9014D43DDF1107
:109580009F24BC170A16B228D50F8F22F7198D4DCC
:10959000C12A5428441353273255390D8119BB333E
:1095A0004C58304C6140DE4AFA526F4233492255E2
:1095B0006F4B1248575456592846C95CE558254CFC
:1095C0000D56AF597756167E24476B3A8F4D785516
:1095D0005D522350C33E0E5FDC446553564E245CFF
:1095E00000564B4B1D4FAC768746F745D14E6D4527
:1095F000C077883EBD676C4CB944395ABC42C746F7
:109600001B65DB47A04B05536C692C30D350B06A07
:10961000EB5A514001423E53BD4BD244FD4BB33D4A
:109620004532152ADC34B1355D3DCB309F1DBB2959
:10963000731D4D393328391E1B30322328456C45A4
:109640009D2D592C3E4660408D276F2B6A2CC435CA
:10965000264C724F35257F3EDC484F348A47B33A5B
:10966000A42DB123412F7F2C0E2E9F459E4DD83B1C
:10967000B63C8D26321ABD2AF6223833801CC62805
:10968000521D8E29054A732BF72A7F2AB025886A36
:109690009837C33A1B423932E332873F4B52A622F6
:1096A000DF32B16CBA473939AB467B28D94A8141A0
:1096B000EF3FD85E7155474326417C473E40634E9D
:1096C00063741E4B425EDF639151994E8A4B984FF3
:1096D000413B5D504F380642B347934BC837153670
:1096E0003C48673CD345AD34D248A15DC45EAD3A39
:1096F00006443853276F7E407E526C5F084F0D5BE7
:10970000383A69478E5A3A4F943FCD46C233AC3A05
:109710001257133C81326530C343BB50F144EE5ABB
:10972000D91FF81C640F4819C518BA2F503FE81309
:109730007E0A55205815542C351F371B9422892733
:10974000662EC4361310F11E800F1F14E413611827
:109750009E125215CD26151839356C1A91293D27C0
:109760000B1C411B7723011E660F53303D177810E9
:1097700017110C26FB17382A00424922084B79267C
:10978000201FE1220F395A2D4717051D482162334A
:10979000653507175D15B41D0219780E1B17BF1B21
:1097A000482988108F1DF41A2E1BD725F5235A1B24
:1097B0001200DE29811EE816122210205D22892166
:1097C000E3156D1CBB140B1CB61B92148219882563
:1097D0006E22A9151219A01AFD252D1C931A341AF0
:1097E000732EE0147415ED19B017FD1A40234717B6
:1097F0000F40BC1BCC11D51B0C20171D05212519B2
:1098000046198D25C9193F1C4E36CA1B4A244527C7
:10981000F81DE31863147C17321CD2100F235B254C
:10982000B822772B6B24002394258B39F719532EFC
:1098300000008D27B3185C188925902073218021A2
:109840003E0D981E42231F13930C4F43FC17CF214C
:10985000CB21D220C40CBC1B5B12D91EA829BB276C
:1098600090185A1D65280019431D871CED19BB155A
:10987000FC1414212C50FE138821B60F9616811D5E
:109880001C18572EB51BA927AE24F1203724E01E43
:10989000EE20F5263F19AD200F1A662969348C2C6D
:1098A0002A187619A017AA1E541CF11F0C1D0C199A
:1098B000771A0B19D018491FE7549D261816AD3E8C
:1098C0005F1BB018DC1D9818BB2FCD2D271C5B1516
:1098D00043125523A5241A204D18A416941A821158
:1098E000A5153313BB1811182B2B551C831A3E14C6
:1098F0003012571E921D3C181116C512F82969170F
:10990000AB19DC3D8E12C41639246C29B91FF81D21
:10991000821ABD145B164816E21AF61F063084132D
:109920003D412F39064F0842F634AF375A19673197
:109930000D36852A121A8F4CE63A8A512439CD26E3
:10994000BF4F683F3431AC35BC41841BBF37EC3A64
:10995000B437E769012BFD171822892E163D2C41DB
:109960009933A735CE2D5E286F1DCB27662B3D354D
:10997000504BC12BB328B73187488138FF14442995
:109980001525FD41E22C3827B9458A240830972156
:10999000B44312474229C144F5745F41A0256525AF
:1099A000A61E2C1C0828AF20EB221F46F81CA01F67
:1099B000131ED4255323FF2DF62FEA273114F03040
:1099C0008F201F34B1227A22612CA834F424411D47
:1099D0004E1A1D206B21172D712E9E2A7D28681A84
:1099E0005E25982C8D1D952FA834BE1B641F7F47C4
:1099F000751B751D9F3C421D9F4CDA44C22A3525BC
:109A0000951D471F66203E205123BC1CD028931A69
:109A1000143B5939DC3B9B1EAF1F821F4B22E127B1
:109A2000A2164D251022F73F7B1D2A0F451AB5219E
:109A3000C136481F262E60372B1B9E1149273F1F1A
:109A4000A72868293D25A216DE19961CD82FA12B20
:109A5000FC19F2229C3E536CB430A81C6720771985
:109A6000AD2D6117EB3EDC4E8F22341BFC284F10CE
:109A700029292418525CD21A8312041152168E130B
:109A8000BB3A161C2D2ACC0DB07C5A0EB036BD1335
:109A90007616692D931D862A17212F146B17E7411F
:109AA000FD219A3E9D3F4134B039392D40344F3825
:109AB0003A2E2A4B34311029ED25222870239B3869
:109AC0000D1F613EDE23A140183E452D20413A3D49
:109AD000044E5E1EA02EE8291D4056294F3AB5239C
:109AE0009F26D0567C337035FE4917388D22F83BBF
:109AF000882D37281A47C824592BA2206F3E9A2C4C
:109B00009A283122D4308A48842F752AC342C84DFE
:109B1000C435CC29AE2D3F29F3208B299329DC2392
:109B20003F108C14A65EA12EA44A5A569330D73308
:109B30001C2B903182285C227B41DF1F1233EA34D8
:109B4000681C692A6B2CAA197D23ED14F053D80EDA
:109B5000775450556820A43FEE2D4F39EB43993E82
:109B60008E1DEA0E8845254F7A227A2A4B1600145C
:109B7000B10EF12572159F2F0D1668392628AB26D8
:109B80004E4C31364715982179134B1C863CD22C0C
:109B90003D1EE615192F1335853292579B3EEB1D5E
:109BA000FA266F4CEE2D052B4C40121E5C4A0F39E5
:109BB0004A2577282C2B8420F9211C289832F53847
:109BC000BB383D3D8C1F5F3FF13BAD3CC72BDC1FDD
:109BD0001D3448457843CB399B26AA26973BCC2B8E
:109BE0003A21663C6F30B93D4A29C22C7E25B41C0F
:109BF00005260F273021524C59295C3291460D3EE3
:109C0000FE3B1C3798329741EA2C2B2343317031AD
:109C10003A264F277D3A20438C33C748763C202490
:109C200045265704E70C5A166520B91AF91D040990
:109C30004614D308EB78770D11246D0B2C188D1E6C
:109C4000183605085438050B1F10FC071B05BD59B5
:109C50009E3F2817B91E411BF75AB52A300D1D0E1D
:109C60003714A911350EB636EB16241BC929183B3B
:109C7000D348A442691E2A0A480FF736B9243C1A71
:109C8000D41AB91744071D132B099F15B925C711FD
:109C9000CB15D6100011AE0B6E08DE066508165FF8
:109CA0001CFB017F970127F003EF81F1FD4DFDF8CB
:109CB00001FB2114197FC820270C1DEF81F1FC4CFA
:109CC000FEF901FADCEEEE812AE6D6FCED117F0FFB
:109CD00008BA070D0C0DE0F7F3814CF1D403F3EF54
:109CE00081F0F435F5EFE6ED2013187FC41E280946
:109CF0001D117F0F0CCE0A1116120000000000008B
:109D00004148203D7F4035782EBDC7E19F81ACBAE8
:109D100096CFF3C0CAC781B3D593D028393C4C7FC6
:109D20006D366944232E283C6E41377F3DDCB8ED0B
:109D3000AE819DB6A1C0DED2E9C799C6C081C9EA8D
:109D4000BF02BD81B0B19BCB0B2522336B4D307F61
:109D500049F3BFF9C581A7BA9AC30000000000000B
:109D600081082784054AB9122CECB0E25B7F164FBC
:109D7000681B8F0A5081F972AAF936E5ACDC1F7FA7
:109D80004A15645697053481075D9B054404CAF85B
:109D9000327F2B2F5E2FBF091681104F8A0E4EA5E2
:109DA00081C3E8B9EE0B331347F5CF7FF28E7CE722
:109DB0008AFAE8F22C7F3C224938000000000000BB
:109DC0000000000000F00000000000F000000000B3
:109DD00020F000000001E4EF0000AB020BEF1C07D5
:109DE00000FA97F13313CDE3D5FB551555DF1BFE74
:109DF000DEFDAB2558C966E633776D8264F15F4AB4
:109E000041B013FD821186F564FF7004DE07000087
:109E10000000E00F00000000000000000000000053
:109E20000000000000FE0000000000FE0000000036
:109E300000FED8023FFD54FF890866F66C0300203F
:109E400095D85F16224226AAF63500E0803ED1C59D
:109E5000ABCA6B5F7BACABEAD527C1DC220226FC28
:109E60006E0500000000000000000000000000007F
:109E700006DE07FEF8EAF37FE01ADBDDF007E028F4
:109E8000FF09FDE800DEFF1DD0FCFAEABBC0FF348D
:109E9000F71CC2F9F71FF9DC09F9F01C0ADFE2FF31
:109EA000FC26003DE745E613EC0B0ED6E6EF240A50
:109EB00000000000000000000000000000000000A2
:109EC000BB0B018CE707DE1B3C92A9A7F81AC4F272
:109ED000C50705F3F646FC0A1921D1816F12F9E78F
:109EE000ECB93E00EFE71017E21902E9033226044D
:109EF00004DD94FF83172C0703C5F84EEDFDD6B2A1
:109F00000000000000000000000000000000000051
:109F1000A8C114FCA40B65FD7FFB76FEA361A9FD1F
:109F2000F6BFFAFDC36EE3FDBAD8F6FEF5790CFC78
:109F30002AD0ACFF29D608FF54C9C0FED26F7CFFDF
:109F40004CE797FE89DD67FFBC35EDFD1D72BFFD57
:109F500092B38B016033A301FC26A00182EC630263
:109F6000FEBF90013850C801FCCC57013290BE01B1
:109F7000357CBE0157C91E026B012F02C211C301FD
:109F8000468D15028E7480016F4FD10133F7940115
:109F9000DB1588F9E9F601F9D396D6F980B266FAAD
:109FA0006808F6F82BF208F6DC509BF8D0166DFB2B
:109FB000186157F872C331F93D9F2DF1F0F881F81F
:109FC00065BF81F9033AA8FA03DA7AF8B0EABEF974
:109FD000A23B0FF9F2E8CEFC2F10D1F59749CAF752
:109FE000316ADDF7F6AE28F825ED0FF9896BD4F765
:109FF000C06320F8F4E14BF82DAB02F904821EF99E
:10A00000431DECFCB62BD1F728E003F8306ADEF7ED
:10A01000674A7EF82F88C9FC0183C7F726ED4DFCFF
:10A020003441C6FFB0C672FB40D5A3F8FD7074F68C
:10A03000D2D670F80CE629FF6DEF76F9023A6FFB85
:10A040004D7618F8499E30FF5D7DCBF5832B61F787
:10A05000FA26B531F82384480930333979348B3006
:10A060002B363841882D58533C2CF44B7F3CCA5B2F
:10A070003657032B0E49682FCB4CD328392F9F64BA
:10A08000E346C821DC399030AB3BB35018437A1B10
:10A090004630E25A8136423A695C941B4F38BF1C05
:10A0A000941F851B863A9C2E051F204DD6196F37AD
:10A0B000841E9748EB34253BDB3E915A3330AE2E5D
:10A0C000004C6F3DA11F8B36A74C5058DC402B3401
:10A0D000982CE44573423C4F812B24309C39E02579
:10A0E000262E611FD42CB94700318D28353021240C
:10A0F000CA383D32EE285B259D26421C7422512E23
:10A10000203F8929072DB92E5234A627E42707239B
:10A11000C62CE4138C35111C555560246E2935402E
:10A12000D824F21E3427EC21A12F473FB91D6632F7
:10A13000EA38DE34E2469F52D42A0C236A24971E62
:10A14000C025AF2DC7302A33B91FBE1339169C2D39
:10A1500000F21DF70EF0CFE828B754EAF8FB08AA82
:10A1600081313508E5F91F5F21233EF3652620EF95
:10A1700011DED52B0326493C242BFC7BCE32FFFB82
:10A1800026F6F7A5FDFB19D40CE9E7DBFCF9E30B98
:10A1900011131B02FBFCFF01E5010CF200F6F101BB
:10A1A00001F8D7053216DA060501E20610F50D01B1
:10A1B000000B0A0D054B10330E0481F908F789E2F4
:10A1C000BC010A1BFB03B0F1E952BF040006FCFE10
:10A1D000B1D5F0F096EBFDFD1220E2D8FDEAFCF1DE
:10A1E000EEFD21E00EE0F5C912F9F9FCA4E6F9F163
:10A1F000FFC60BEA08A7FFA481FD3ED5D1F629DEF4
:10A20000D2F8D814D6F235EEC7EB10F501FA02E019
:10A21000D0ECF8ECFFDBF4BAC6F0C8E9FEC3FCE80A
:10A22000E034BBC0BE0708BEFE20BDCFCE8DFFCE42
:10A23000CFF2F0051803ACC7DA8BD354CB81F5F617
:10A24000F5C41D03C9DEC9E7E1DF02C401FEDFBBBF
:10A25000DC492902343F6601CBBB7D0147EB6F012E
:10A26000B2EFDF01CF8E3502655C0702B127DC005B
:10A27000F3FB5B00B100BB02000000000000000027
:10A2800066BA4BFD95EC95FDE406F3FE3D759AFD2F
:10A29000ED4D17FEBFBBF1FD4A828CFD6AC730FE53
:10A2A000A7C6D2FE821231FE0000000000000000AE
:10A2B00002CBFEFF08E1D2FF93B98C00ED88D3FFFB
:10A2C00038CB7DFF9AC93E00B06B97FFFD7A75FFD2
:10A2D000B73F8100D48F660000000000000000003E
:10A2E000DCFDF6FB35B697FA3FEB66FCD20091FA3F
:10A2F000799858FB0369C2FB6C6C4FFBC53104FCB9
:10A30000BEC84AFCB08EF6FB000000000000000052
:10A310009ADBC3FF532A3001084CBAFEA9A5F3FF0C
:10A320006E671C01FE49C4FF678CB700A8E348FEB6
:10A33000EC36F401750042FE000000000000000051
:10A34000766294FD1CEBB4FD9AE15DFEFE28B1FD42
:10A35000215BF6FDF0D531FE81A4ABFDD6B590FEB4
:10A36000C43337FE971E93FE00000000000000007B
:10A370001AF3F17FE1AA12F8F8077F07FB9FFCF9B7
:10A38000D6F7D1BE04BA81C8F195D4E1CCF0B7813B
:10A39000B4E592D5000000000000000000000000BD
:10A3A000142C152C7F2F105E15F1C6F8C681B9F25A
:10A3B000B1FAE2D4E5C381B0E4B1E117480C2E7FD5
:10A3C0003913580E000000000000000000000000DB
:10A3D000F903FF3181F8FDFBFEFF81FF045E06FFFC
:10A3E0001702F1E4F6E281F3FEC502EFF4F8E3812F
:10A3F000EAFFD70400000000000000000000000099
:10A400000A36D51BD317C62CFA31E150B221502C95
:10A41000482986517213C94828488A1B47140015D9
:10A420004D4E5E3ECB40D43812272A2E5647082484
:10A430002E235239F4395B47225305229E1D0325F2
:10A440004040FC173C1D3E1DDC760256E813337A73
:10A45000B150D84E2F3B5539841D39669356645AF6
:10A46000873AE53B7D1CDA25CD73BC3D7B2D473417
:10A47000534592378032103DE51E2134133CB150D4
:10A48000AC2149182032B622B12342142B1DB91F2A
:10A49000441B0241772EE3134436B1299E246E21DA
:10A4A0008929F03F472ACF408034C0275B2BDF3219
:10A4B000742B6F340000000000000000000000005A
:10A4C000CE67E767B575EC656F7B146AA37A04768F
:10A4D0002D7B3A7600000000000000000000000024
:10A4E000AD5D376BC452946B2354616E365AE86E7F
:10A4F000DA53877100000000000000000000000037
:10A50000103C4B4C2546BD4CFE49064EF140425492
:10A51000A044F25500000000000000000000000010
:10A520006459A75BA8711C5DAE60225813600E5F72
:10A530005E52E34400000000000000000000000044
:10A5400024471036C93C0137E0437E42CE46E646FA
:10A55000643C544C000000000000000000000000BB
:10A560005DD3CFFD64BBB1FD6AF567FFF70695FFCC
:10A570008EF248FF13A158FFC4E9CA018426A7023E
:10A580008C989EFE20DB04043EC412FFDD4A22FFAD
:10A590007F24E702EF6829035F92B7FD131578FF68
:10A5A00007CB8D006D0FC5FF5B6C0F001E0E5E00AC
:10A5B00089DE5FFFA8233DFF0A85E802D165870396
:10A5C00000010203040506070849CB1314151617EA
:10A5D000E7FF165C284EC6FF7E4E9C4D0000000033
:10A5E000F5FFB545BE4CE0FF9642834C00000000ED
:10A5F000FFFF00F97FF8FEF9FF00000000000000F7
:10A60000040D03017F0203070200000000000000A8
:10A610001B0C0EFF7FFF0815120000000000000059
:10A62000D9B7E2B781AFD58CD1000000000000009F
:10A63000F0ABF9EC81FC02E4000000000000000037
:10A640003D703F797E694F7F3C00000000000000B4
:10A65000C742FB4DB24F5750000000000000000001
:10A660003C731A794C40CB4300000000000000000E
:10A67000845B26350A3155310000000000000000DF
:10A68000046EE264134C79510000000000000000E9
:10A69000504FF1680F60FC6F0000000000000000E8
:10A6A000F94281473710AC0E0000000000000000A6
:10A6B00001004535F64900000000000000000000E0
:10A6C000000102C3000000000000000000000000C4
:10A6D0000001C28A0000000000000000000000002D
:10A6E000710A0000000000000000000000000000EF
:10A6F000DB0100000000000000000000000000007E
:10A700000100000000000000000000000000000048
:10A71000D959000000000000000000000000000007
:10A72000BB0000000000000000000000000000006E
:10A73000D86E0000000000000000000000000000D3
:10A74000C3FF000000000000000000000000000047
:10A75000EA7D000000000000000000000000000092
:10A76000D1F6000000000000000000000000000022
:10A77000834F000000000000000000000000000007
:10A7800012040000000000000000000000000000B3
:10A79000A3470000000000000000000000000000CF
:10A7A000EC45000000000000000000000000000078
:10A7B000B5FF0000000000000000000000000000E5
:10A7C00070550000000000000000000000000000C4
:10A7D00085FD0000000000000000000000000000F7
:10A7E000414C0000000000000000000000000000DC
:10A7F0000002000000000000000000000000000057
:10A800002A790000000000000000000000000000A5
:10A810009741000000000000000000000000000060
:10A8200017FE000000000000000000000000000013
:10A83000EB6F0000000000000000000000000000BE
:10A84000434900000000000000000000000000007C
:10A85000C90300000000000000000000000000002C
:10A8600000000000000000000000000000000000E8
:10A8700000000000000000000000000000000000D8
:10A8800000000000000000000000000000000000C8
:10A8900000000000000000000000000000000000B8
:10A8A00000000000000000000000000000000000A8
:10A8B0000000000000000000000000000000000098
:10A8C0000000000000000000000000000000000088
:10A8D0000000000000000000000000000000000078
:10A8E0000000000000000000000000000000000068
:10A8F0000000000000000000000000000000000058
:10A900000000000000000000000000000000000047
:10A910000000000000000000000000000000000037
:10A920000000000000000000000000000000000027
:10A930000000000000000000000000000000000017
:10A940000000000000000000000000000000000007
:10A9500000000000000000000000000000000000F7
:10A9600000000000000000000000000000000000E7
:10A9700000000000000000000000000000000000D7
:10A9800000000000000000000000000000000000C7
:10A9900000000000000000000000000000000000B7
:10A9A00000000000000000000000000000000000A7
:10A9B0000000000000000000000000000000000097
:10A9C0000000000000000000000000000000000087
:10A9D0000000000000000000000000000000000077
:10A9E0000000000000000000000000000000000067
:10A9F0000000000000000000000000000000000057
:10AA00000000000000000000000000000000000046
:10AA100040000000000000000000000000000000F6
:10AA20000000000000000000000000000000000026
:01AA300040E5
:040000057070000017
:00000001FF
