/*******************************************************************************
 * Eye-control UI font, 48 px, 1 bpp (generated - do not edit by hand)
 *
 * Glyphs : Noto Sans CJK Regular @ 48 px, binarized to 1 bpp.
 * Metrics: line_height = 70, base_line = 14 (read from the face).
 * Tool   : gen_eye_font.py
 ******************************************************************************/

#ifdef LV_LVGL_H_INCLUDE_SIMPLE
    #include "lvgl.h"
#else
    #include "lvgl/lvgl.h"
#endif

/*-----------------
 *    BITMAPS
 *----------------*/

static LV_ATTRIBUTE_LARGE_CONST const uint8_t glyph_bitmap[] = {
    /* U+0020 */

    /* ! */
    0x78,0x78,0x78,0x78,0x78,0x78,0x78,0x78,0x78,0x78,0x78,0x78,0x78,0x78,0x78,0x78,
    0x78,0x70,0x70,0x70,0x70,0x70,0x70,0x70,0x70,0x70,0x00,0x00,0x00,0x00,0x30,0xf8,
    0xfc,0xfc,0xfc,0xf8,0x70,

    /* \" */
    0xf8,0x3c,0xf8,0x3c,0xf8,0x3c,0xf8,0x3c,0xf8,0x3c,0xf8,0x3c,0x78,0x3c,0x78,0x3c,
    0x70,0x3c,0x70,0x3c,0x70,0x3c,0x70,0x1c,0x70,0x1c,0x70,0x18,

    /* # */
    0x01,0xc0,0x70,0x01,0xc0,0x70,0x01,0xc0,0x70,0x01,0xc0,0x70,0x01,0x80,0x60,0x03,
    0x80,0xe0,0x03,0x80,0xe0,0x03,0x80,0xe0,0x03,0x80,0xe0,0x03,0x80,0xe0,0x7f,0xff,
    0xfe,0x7f,0xff,0xfe,0x7f,0xff,0xfe,0x07,0x01,0xc0,0x07,0x01,0xc0,0x07,0x01,0xc0,
    0x07,0x01,0xc0,0x07,0x01,0xc0,0x07,0x01,0xc0,0x07,0x01,0xc0,0x06,0x01,0x80,0xff,
    0xff,0xfc,0xff,0xff,0xfc,0xff,0xff,0xfc,0x0e,0x03,0x80,0x0e,0x03,0x80,0x0e,0x03,
    0x80,0x0e,0x03,0x80,0x0c,0x03,0x00,0x1c,0x07,0x00,0x1c,0x07,0x00,0x1c,0x07,0x00,
    0x1c,0x07,0x00,0x1c,0x07,0x00,0x1c,0x07,0x00,

    /* $ */
    0x00,0x70,0x00,0x00,0x70,0x00,0x00,0x70,0x00,0x00,0x70,0x00,0x00,0x70,0x00,0x00,
    0x78,0x00,0x03,0xff,0x00,0x0f,0xff,0x80,0x1f,0xff,0xe0,0x1f,0x03,0xe0,0x3e,0x00,
    0xe0,0x3c,0x00,0x40,0x7c,0x00,0x00,0x7c,0x00,0x00,0x78,0x00,0x00,0x7c,0x00,0x00,
    0x7c,0x00,0x00,0x3e,0x00,0x00,0x3f,0x00,0x00,0x1f,0x80,0x00,0x0f,0xe0,0x00,0x07,
    0xf8,0x00,0x03,0xfe,0x00,0x00,0xff,0x00,0x00,0x3f,0x80,0x00,0x0f,0xc0,0x00,0x07,
    0xe0,0x00,0x03,0xf0,0x00,0x01,0xf0,0x00,0x00,0xf0,0x00,0x00,0xf0,0x00,0x00,0xf0,
    0x00,0x00,0xf0,0x00,0x00,0xf0,0x60,0x00,0xf0,0x70,0x01,0xf0,0xfc,0x03,0xe0,0x7f,
    0xff,0xc0,0x3f,0xff,0x80,0x0f,0xff,0x00,0x03,0xf8,0x00,0x00,0x70,0x00,0x00,0x70,
    0x00,0x00,0x70,0x00,0x00,0x70,0x00,0x00,0x70,0x00,

    /* % */
    0x07,0xc0,0x00,0x0e,0x00,0x1f,0xf0,0x00,0x1c,0x00,0x3f,0xf8,0x00,0x1c,0x00,0x3c,
    0x3c,0x00,0x38,0x00,0x78,0x1e,0x00,0x38,0x00,0x70,0x0e,0x00,0x70,0x00,0xf0,0x0e,
    0x00,0x70,0x00,0xf0,0x0e,0x00,0xe0,0x00,0xe0,0x0f,0x00,0xe0,0x00,0xe0,0x0f,0x01,
    0xc0,0x00,0xe0,0x07,0x01,0xc0,0x00,0xe0,0x0f,0x03,0x80,0x00,0xe0,0x0f,0x03,0x80,
    0x00,0xe0,0x0f,0x07,0x00,0x00,0xe0,0x0f,0x07,0x01,0xc0,0xf0,0x0e,0x0e,0x07,0xf0,
    0x70,0x0e,0x0e,0x1f,0xf8,0x70,0x1e,0x1c,0x3e,0x3c,0x78,0x1c,0x1c,0x3c,0x1e,0x3c,
    0x3c,0x38,0x78,0x0e,0x1f,0xf8,0x30,0x70,0x0f,0x0f,0xf0,0x70,0x70,0x07,0x03,0xc0,
    0xe0,0x70,0x07,0x00,0x00,0xe0,0xf0,0x07,0x00,0x01,0xc0,0xf0,0x07,0x00,0x01,0xc0,
    0xf0,0x07,0x00,0x03,0x80,0xf0,0x07,0x00,0x03,0x80,0xf0,0x07,0x00,0x07,0x00,0x70,
    0x07,0x00,0x07,0x00,0x70,0x07,0x00,0x0e,0x00,0x70,0x0f,0x00,0x0e,0x00,0x78,0x0e,
    0x00,0x1c,0x00,0x38,0x1e,0x00,0x1c,0x00,0x3c,0x1c,0x00,0x38,0x00,0x1f,0xfc,0x00,
    0x38,0x00,0x0f,0xf8,0x00,0x70,0x00,0x03,0xe0,

    /* & */
    0x00,0x3e,0x00,0x00,0x00,0xff,0x80,0x00,0x01,0xff,0xc0,0x00,0x03,0xe3,0xc0,0x00,
    0x07,0xc1,0xe0,0x00,0x07,0x80,0xe0,0x00,0x07,0x00,0xe0,0x00,0x0f,0x00,0xe0,0x00,
    0x0f,0x01,0xe0,0x00,0x0f,0x01,0xe0,0x00,0x07,0x01,0xe0,0x00,0x07,0x83,0xc0,0x00,
    0x07,0x87,0x80,0x00,0x07,0x9f,0x00,0x00,0x03,0xfe,0x00,0x00,0x03,0xfc,0x00,0x00,
    0x03,0xf8,0x00,0x00,0x03,0xf0,0x00,0x78,0x0f,0xf0,0x00,0x78,0x1f,0xf8,0x00,0x78,
    0x3f,0x78,0x00,0xf0,0x3e,0x3c,0x00,0xf0,0x7c,0x3e,0x01,0xe0,0xf8,0x1f,0x01,0xe0,
    0xf8,0x0f,0x83,0xe0,0xf0,0x07,0xc3,0xc0,0xf0,0x03,0xe7,0x80,0xf0,0x01,0xff,0x80,
    0xf0,0x00,0xff,0x00,0xf8,0x00,0x7f,0x00,0xf8,0x00,0x7f,0x00,0x7c,0x00,0x7f,0xc0,
    0x7e,0x01,0xff,0xf0,0x3f,0xff,0xf7,0xfc,0x1f,0xff,0xe1,0xf8,0x0f,0xff,0x80,0x78,
    0x01,0xfc,0x00,0x18,

    /* ' */
    0xf8,0xf8,0xf8,0xf8,0xf8,0xf8,0x78,0x78,0x70,0x70,0x70,0x70,0x70,0x70,

    /* ( */
    0x01,0x80,0x01,0xc0,0x03,0xc0,0x03,0x80,0x07,0x80,0x07,0x00,0x0f,0x00,0x0e,0x00,
    0x1e,0x00,0x1e,0x00,0x1c,0x00,0x3c,0x00,0x3c,0x00,0x38,0x00,0x38,0x00,0x78,0x00,
    0x78,0x00,0x78,0x00,0x70,0x00,0x70,0x00,0x70,0x00,0x70,0x00,0x70,0x00,0xf0,0x00,
    0xf0,0x00,0xf0,0x00,0x70,0x00,0x70,0x00,0x70,0x00,0x70,0x00,0x70,0x00,0x78,0x00,
    0x78,0x00,0x78,0x00,0x38,0x00,0x38,0x00,0x3c,0x00,0x3c,0x00,0x1c,0x00,0x1e,0x00,
    0x1e,0x00,0x0e,0x00,0x0f,0x00,0x07,0x00,0x07,0x80,0x03,0x80,0x03,0xc0,0x01,0xc0,

    /* ) */
    0x20,0x00,0xf0,0x00,0x70,0x00,0x78,0x00,0x38,0x00,0x3c,0x00,0x1c,0x00,0x1c,0x00,
    0x1e,0x00,0x0e,0x00,0x0f,0x00,0x0f,0x00,0x07,0x00,0x07,0x00,0x07,0x80,0x07,0x80,
    0x07,0x80,0x03,0x80,0x03,0x80,0x03,0x80,0x03,0xc0,0x03,0xc0,0x03,0xc0,0x03,0xc0,
    0x03,0xc0,0x03,0xc0,0x03,0xc0,0x03,0xc0,0x03,0xc0,0x03,0x80,0x03,0x80,0x03,0x80,
    0x07,0x80,0x07,0x80,0x07,0x80,0x07,0x00,0x07,0x00,0x0f,0x00,0x0f,0x00,0x0e,0x00,
    0x1e,0x00,0x1c,0x00,0x1c,0x00,0x3c,0x00,0x38,0x00,0x70,0x00,0x70,0x00,0xe0,0x00,
    0x20,0x00,

    /* * */
    0x01,0xc0,0x01,0xc0,0x01,0xc0,0x01,0xc0,0x01,0xc0,0x7b,0xdf,0xff,0xff,0x7f,0xfe,
    0x0f,0xf0,0x07,0xe0,0x0f,0xf0,0x0f,0x70,0x1e,0x78,0x1c,0x3c,0x18,0x18,

    /* + */
    0x00,0x38,0x00,0x00,0x38,0x00,0x00,0x38,0x00,0x00,0x38,0x00,0x00,0x38,0x00,0x00,
    0x38,0x00,0x00,0x38,0x00,0x00,0x38,0x00,0x00,0x38,0x00,0x00,0x38,0x00,0x00,0x78,
    0x00,0xff,0xff,0xfe,0xff,0xff,0xfe,0xff,0xff,0xfe,0x00,0x38,0x00,0x00,0x38,0x00,
    0x00,0x38,0x00,0x00,0x38,0x00,0x00,0x38,0x00,0x00,0x38,0x00,0x00,0x38,0x00,0x00,
    0x38,0x00,0x00,0x38,0x00,0x00,0x38,0x00,0x00,0x38,0x00,

    /* , */
    0x3c,0x7e,0x7e,0x7e,0x7f,0x3f,0x0e,0x0e,0x0e,0x1e,0x3c,0x78,0xf0,0xe0,0xc0,

    /* - */
    0xff,0xf0,0xff,0xf0,0xff,0xf0,

    /* . */
    0x30,0xf8,0xfc,0xfc,0xfc,0xf8,0x70,

    /* / */
    0x00,0x03,0x80,0x00,0x07,0x80,0x00,0x07,0x00,0x00,0x07,0x00,0x00,0x07,0x00,0x00,
    0x0e,0x00,0x00,0x0e,0x00,0x00,0x0e,0x00,0x00,0x1c,0x00,0x00,0x1c,0x00,0x00,0x1c,
    0x00,0x00,0x3c,0x00,0x00,0x38,0x00,0x00,0x38,0x00,0x00,0x78,0x00,0x00,0x70,0x00,
    0x00,0x70,0x00,0x00,0x70,0x00,0x00,0xe0,0x00,0x00,0xe0,0x00,0x00,0xe0,0x00,0x01,
    0xc0,0x00,0x01,0xc0,0x00,0x01,0xc0,0x00,0x03,0xc0,0x00,0x03,0x80,0x00,0x03,0x80,
    0x00,0x07,0x80,0x00,0x07,0x00,0x00,0x07,0x00,0x00,0x07,0x00,0x00,0x0e,0x00,0x00,
    0x0e,0x00,0x00,0x0e,0x00,0x00,0x1c,0x00,0x00,0x1c,0x00,0x00,0x1c,0x00,0x00,0x3c,
    0x00,0x00,0x38,0x00,0x00,0x38,0x00,0x00,0x78,0x00,0x00,0x70,0x00,0x00,0x70,0x00,
    0x00,0x70,0x00,0x00,0xe0,0x00,0x00,0xe0,0x00,0x00,0xe0,0x00,0x00,

    /* 0 */
    0x00,0xfc,0x00,0x03,0xff,0x00,0x07,0xff,0xc0,0x0f,0xff,0xc0,0x1f,0x83,0xe0,0x1e,
    0x01,0xf0,0x3e,0x00,0xf0,0x3c,0x00,0xf8,0x3c,0x00,0x78,0x7c,0x00,0x78,0x78,0x00,
    0x7c,0x78,0x00,0x7c,0x78,0x00,0x3c,0x78,0x00,0x3c,0x78,0x00,0x3c,0xf8,0x00,0x3c,
    0xf8,0x00,0x3c,0xf8,0x00,0x3c,0xf8,0x00,0x3c,0xf8,0x00,0x3c,0xf8,0x00,0x3c,0xf8,
    0x00,0x3c,0x78,0x00,0x3c,0x78,0x00,0x3c,0x78,0x00,0x3c,0x78,0x00,0x7c,0x78,0x00,
    0x7c,0x7c,0x00,0x78,0x3c,0x00,0x78,0x3c,0x00,0xf8,0x3e,0x00,0xf0,0x1e,0x01,0xf0,
    0x1f,0x03,0xe0,0x0f,0xff,0xc0,0x07,0xff,0xc0,0x03,0xff,0x00,0x00,0xfc,0x00,

    /* 1 */
    0x00,0xf0,0x00,0x03,0xf0,0x00,0x3f,0xf0,0x00,0x3f,0xf0,0x00,0x3f,0xf0,0x00,0x00,
    0xf0,0x00,0x00,0xf0,0x00,0x00,0xf0,0x00,0x00,0xf0,0x00,0x00,0xf0,0x00,0x00,0xf0,
    0x00,0x00,0xf0,0x00,0x00,0xf0,0x00,0x00,0xf0,0x00,0x00,0xf0,0x00,0x00,0xf0,0x00,
    0x00,0xf0,0x00,0x00,0xf0,0x00,0x00,0xf0,0x00,0x00,0xf0,0x00,0x00,0xf0,0x00,0x00,
    0xf0,0x00,0x00,0xf0,0x00,0x00,0xf0,0x00,0x00,0xf0,0x00,0x00,0xf0,0x00,0x00,0xf0,
    0x00,0x00,0xf0,0x00,0x00,0xf0,0x00,0x00,0xf0,0x00,0x00,0xf0,0x00,0xff,0xff,0xe0,
    0xff,0xff,0xf0,0xff,0xff,0xf0,0xff,0xff,0xf0,

    /* 2 */
    0x01,0xfc,0x00,0x0f,0xff,0x00,0x1f,0xff,0x80,0x3f,0xff,0xc0,0x7c,0x07,0xe0,0xf8,
    0x03,0xe0,0x70,0x01,0xf0,0x00,0x00,0xf0,0x00,0x00,0xf0,0x00,0x00,0xf0,0x00,0x00,
    0xf0,0x00,0x00,0xf0,0x00,0x00,0xf0,0x00,0x00,0xf0,0x00,0x00,0xf0,0x00,0x01,0xf0,
    0x00,0x01,0xe0,0x00,0x03,0xe0,0x00,0x03,0xc0,0x00,0x07,0xc0,0x00,0x0f,0x80,0x00,
    0x0f,0x00,0x00,0x1f,0x00,0x00,0x3e,0x00,0x00,0x7c,0x00,0x00,0xf8,0x00,0x01,0xf8,
    0x00,0x03,0xf0,0x00,0x07,0xe0,0x00,0x0f,0xc0,0x00,0x1f,0x80,0x00,0x3f,0x00,0x00,
    0x7f,0xff,0xfc,0xff,0xff,0xfc,0xff,0xff,0xfc,0xff,0xff,0xfc,

    /* 3 */
    0x01,0xfc,0x00,0x07,0xff,0x80,0x1f,0xff,0xc0,0x3f,0xff,0xe0,0x7e,0x03,0xf0,0x38,
    0x01,0xf0,0x10,0x00,0xf0,0x00,0x00,0xf8,0x00,0x00,0xf8,0x00,0x00,0xf8,0x00,0x00,
    0xf0,0x00,0x00,0xf0,0x00,0x01,0xf0,0x00,0x01,0xe0,0x00,0x07,0xe0,0x00,0x1f,0xc0,
    0x01,0xff,0x00,0x01,0xfe,0x00,0x01,0xff,0x80,0x00,0x7f,0xc0,0x00,0x07,0xe0,0x00,
    0x01,0xf0,0x00,0x00,0xf8,0x00,0x00,0x78,0x00,0x00,0x7c,0x00,0x00,0x7c,0x00,0x00,
    0x7c,0x00,0x00,0x7c,0x00,0x00,0x7c,0x00,0x00,0x7c,0x60,0x00,0xf8,0xf0,0x01,0xf8,
    0xfc,0x03,0xf0,0x7f,0xff,0xe0,0x3f,0xff,0xc0,0x0f,0xff,0x80,0x01,0xfc,0x00,

    /* 4 */
    0x00,0x03,0xe0,0x00,0x03,0xe0,0x00,0x07,0xe0,0x00,0x0f,0xe0,0x00,0x0f,0xe0,0x00,
    0x1f,0xe0,0x00,0x3d,0xe0,0x00,0x3d,0xe0,0x00,0x79,0xe0,0x00,0xf9,0xe0,0x00,0xf1,
    0xe0,0x01,0xf1,0xe0,0x01,0xe1,0xe0,0x03,0xc1,0xe0,0x07,0xc1,0xe0,0x07,0x81,0xe0,
    0x0f,0x01,0xe0,0x1f,0x01,0xe0,0x1e,0x01,0xe0,0x3c,0x01,0xe0,0x7c,0x01,0xe0,0x78,
    0x01,0xe0,0xff,0xff,0xff,0xff,0xff,0xff,0xff,0xff,0xff,0xff,0xff,0xff,0x00,0x01,
    0xe0,0x00,0x01,0xe0,0x00,0x01,0xe0,0x00,0x01,0xe0,0x00,0x01,0xe0,0x00,0x01,0xe0,
    0x00,0x01,0xe0,0x00,0x01,0xe0,0x00,0x01,0xe0,

    /* 5 */
    0x1f,0xff,0xf0,0x1f,0xff,0xf0,0x1f,0xff,0xf0,0x1f,0xff,0xf0,0x1e,0x00,0x00,0x1e,
    0x00,0x00,0x1e,0x00,0x00,0x1e,0x00,0x00,0x1e,0x00,0x00,0x1e,0x00,0x00,0x1e,0x00,
    0x00,0x3c,0x00,0x00,0x3c,0x00,0x00,0x3c,0xff,0x00,0x3f,0xff,0xc0,0x3f,0xff,0xe0,
    0x3e,0x07,0xf0,0x0c,0x01,0xf8,0x00,0x00,0xf8,0x00,0x00,0xf8,0x00,0x00,0x7c,0x00,
    0x00,0x7c,0x00,0x00,0x3c,0x00,0x00,0x3c,0x00,0x00,0x3c,0x00,0x00,0x7c,0x00,0x00,
    0x7c,0x00,0x00,0x7c,0x00,0x00,0xf8,0x60,0x00,0xf8,0xf0,0x01,0xf0,0xfc,0x03,0xf0,
    0x7f,0xff,0xe0,0x3f,0xff,0xc0,0x0f,0xff,0x00,0x03,0xfc,0x00,

    /* 6 */
    0x00,0x7f,0x00,0x01,0xff,0xc0,0x03,0xff,0xf0,0x0f,0xff,0xf8,0x0f,0x80,0xf0,0x1f,
    0x00,0x20,0x3e,0x00,0x00,0x3c,0x00,0x00,0x7c,0x00,0x00,0x78,0x00,0x00,0x78,0x00,
    0x00,0x78,0x00,0x00,0xf0,0x00,0x00,0xf0,0x00,0x00,0xf0,0x7e,0x00,0xf1,0xff,0x80,
    0xf3,0xff,0xe0,0xf7,0xc7,0xe0,0xfe,0x01,0xf0,0xfc,0x00,0xf0,0xf8,0x00,0xf8,0xf0,
    0x00,0x78,0xf0,0x00,0x78,0xf0,0x00,0x78,0xf0,0x00,0x78,0xf0,0x00,0x78,0xf8,0x00,
    0x78,0x78,0x00,0x78,0x78,0x00,0x78,0x7c,0x00,0x78,0x3c,0x00,0xf8,0x3e,0x00,0xf0,
    0x1f,0x03,0xe0,0x0f,0xef,0xe0,0x07,0xff,0xc0,0x03,0xff,0x00,0x00,0xfc,0x00,

    /* 7 */
    0xff,0xff,0xfc,0xff,0xff,0xfc,0xff,0xff,0xfc,0xff,0xff,0xfc,0x00,0x00,0x78,0x00,
    0x00,0xf0,0x00,0x00,0xf0,0x00,0x01,0xe0,0x00,0x03,0xc0,0x00,0x03,0xc0,0x00,0x07,
    0x80,0x00,0x07,0x80,0x00,0x0f,0x00,0x00,0x0f,0x00,0x00,0x1e,0x00,0x00,0x1e,0x00,
    0x00,0x1e,0x00,0x00,0x3c,0x00,0x00,0x3c,0x00,0x00,0x3c,0x00,0x00,0x7c,0x00,0x00,
    0x78,0x00,0x00,0x78,0x00,0x00,0x78,0x00,0x00,0x78,0x00,0x00,0xf8,0x00,0x00,0xf8,
    0x00,0x00,0xf8,0x00,0x00,0xf0,0x00,0x00,0xf0,0x00,0x00,0xf0,0x00,0x00,0xf0,0x00,
    0x00,0xf0,0x00,0x00,0xf0,0x00,0x00,0xf0,0x00,

    /* 8 */
    0x00,0xfe,0x00,0x03,0xff,0x80,0x07,0xff,0xc0,0x0f,0xc7,0xe0,0x1f,0x01,0xf0,0x1e,
    0x00,0xf0,0x3c,0x00,0x78,0x3c,0x00,0x78,0x3c,0x00,0x78,0x3c,0x00,0x78,0x3c,0x00,
    0x78,0x3c,0x00,0x78,0x1e,0x00,0x78,0x1f,0x00,0xf0,0x0f,0x80,0xf0,0x07,0xe1,0xe0,
    0x03,0xfb,0xc0,0x03,0xff,0x80,0x07,0xff,0x80,0x0f,0x3f,0xc0,0x1e,0x0f,0xe0,0x3c,
    0x03,0xf0,0x38,0x00,0xf8,0x78,0x00,0x78,0x78,0x00,0x7c,0xf0,0x00,0x3c,0xf0,0x00,
    0x3c,0xf0,0x00,0x3c,0xf0,0x00,0x3c,0xf8,0x00,0x3c,0x78,0x00,0x7c,0x7c,0x00,0x7c,
    0x3e,0x00,0xf8,0x1f,0xc7,0xf0,0x0f,0xff,0xe0,0x07,0xff,0xc0,0x00,0xfe,0x00,

    /* 9 */
    0x01,0xf8,0x00,0x07,0xff,0x00,0x0f,0xff,0x80,0x1f,0xff,0xc0,0x3e,0x03,0xe0,0x3c,
    0x01,0xe0,0x7c,0x00,0xf0,0x78,0x00,0xf0,0xf8,0x00,0x78,0xf8,0x00,0x78,0xf0,0x00,
    0x78,0xf0,0x00,0x78,0xf0,0x00,0x3c,0xf0,0x00,0x3c,0xf8,0x00,0x3c,0x78,0x00,0x7c,
    0x78,0x00,0x7c,0x7c,0x00,0xfc,0x3e,0x03,0xfc,0x3f,0x8f,0xbc,0x1f,0xff,0x3c,0x0f,
    0xfe,0x3c,0x01,0xf0,0x3c,0x00,0x00,0x78,0x00,0x00,0x78,0x00,0x00,0x78,0x00,0x00,
    0x78,0x00,0x00,0xf8,0x00,0x00,0xf0,0x00,0x01,0xf0,0x00,0x01,0xe0,0x30,0x03,0xe0,
    0x3c,0x0f,0xc0,0x7f,0xff,0x80,0x3f,0xff,0x00,0x0f,0xfe,0x00,0x03,0xf0,0x00,

    /* : */
    0x70,0xf8,0xfc,0xfc,0xfc,0xf8,0x30,0x00,0x00,0x00,0x00,0x00,0x00,0x00,0x00,0x00,
    0x00,0x00,0x00,0x30,0xf8,0xfc,0xfc,0xfc,0xf8,0x70,

    /* ; */
    0x18,0x7c,0x7e,0x7e,0x7e,0x7c,0x38,0x00,0x00,0x00,0x00,0x00,0x00,0x00,0x00,0x00,
    0x00,0x00,0x00,0x00,0x3c,0x7e,0x7e,0x7e,0x7f,0x3f,0x0e,0x0e,0x0e,0x1e,0x3c,0x78,
    0xf0,0xe0,0xc0,

    /* < */
    0x00,0x00,0x0e,0x00,0x00,0x7e,0x00,0x01,0xfe,0x00,0x0f,0xfc,0x00,0x3f,0xe0,0x01,
    0xff,0x80,0x07,0xfc,0x00,0x3f,0xe0,0x00,0xff,0x80,0x00,0xfc,0x00,0x00,0xf8,0x00,
    0x00,0xfe,0x00,0x00,0x7f,0xc0,0x00,0x0f,0xf8,0x00,0x03,0xff,0x00,0x00,0x7f,0xc0,
    0x00,0x1f,0xf8,0x00,0x03,0xfe,0x00,0x00,0xfe,0x00,0x00,0x1e,0x00,0x00,0x02,

    /* = */
    0xff,0xff,0xfe,0xff,0xff,0xfe,0xff,0xff,0xfe,0x00,0x00,0x00,0x00,0x00,0x00,0x00,
    0x00,0x00,0x00,0x00,0x00,0x00,0x00,0x00,0x00,0x00,0x00,0x00,0x00,0x00,0x00,0x00,
    0x00,0x00,0x00,0x00,0xff,0xff,0xfe,0xff,0xff,0xfe,0xff,0xff,0xfe,

    /* > */
    0xe0,0x00,0x00,0xf8,0x00,0x00,0xff,0x00,0x00,0xff,0xc0,0x00,0x1f,0xf8,0x00,0x03,
    0xfe,0x00,0x00,0x7f,0xc0,0x00,0x1f,0xf0,0x00,0x03,0xfe,0x00,0x00,0x7e,0x00,0x00,
    0x3e,0x00,0x01,0xfe,0x00,0x0f,0xf8,0x00,0x3f,0xe0,0x01,0xff,0x00,0x0f,0xfc,0x00,
    0x3f,0xe0,0x00,0xff,0x80,0x00,0xfc,0x00,0x00,0xf0,0x00,0x00,0x80,0x00,0x00,

    /* ? */
    0x03,0xf8,0x00,0x0f,0xfe,0x00,0x3f,0xff,0x00,0x7f,0xff,0x80,0xf8,0x0f,0x80,0x70,
    0x07,0xc0,0x00,0x07,0xc0,0x00,0x03,0xc0,0x00,0x03,0xc0,0x00,0x03,0xc0,0x00,0x03,
    0xc0,0x00,0x07,0xc0,0x00,0x07,0x80,0x00,0x0f,0x80,0x00,0x1f,0x00,0x00,0x3e,0x00,
    0x00,0x3c,0x00,0x00,0x7c,0x00,0x00,0xf8,0x00,0x00,0xf0,0x00,0x01,0xf0,0x00,0x01,
    0xe0,0x00,0x01,0xe0,0x00,0x01,0xe0,0x00,0x01,0xc0,0x00,0x01,0xc0,0x00,0x00,0x00,
    0x00,0x00,0x00,0x00,0x00,0x00,0x00,0x00,0x00,0x00,0x00,0xc0,0x00,0x03,0xe0,0x00,
    0x03,0xf0,0x00,0x07,0xf0,0x00,0x03,0xf0,0x00,0x03,0xe0,0x00,0x01,0xc0,0x00,

    /* @ */
    0x00,0x00,0x3f,0xc0,0x00,0x00,0x03,0xff,0xfc,0x00,0x00,0x0f,0xff,0xfe,0x00,0x00,
    0x3f,0xc0,0x3f,0x80,0x00,0x7e,0x00,0x07,0xc0,0x00,0xf8,0x00,0x01,0xe0,0x01,0xe0,
    0x00,0x00,0xf0,0x03,0xc0,0x00,0x00,0x78,0x07,0x80,0x00,0x00,0x38,0x0f,0x00,0x00,
    0x00,0x3c,0x1e,0x00,0x00,0x00,0x1c,0x1e,0x00,0x00,0x00,0x1e,0x3c,0x00,0x3e,0x30,
    0x0e,0x38,0x00,0xff,0x70,0x0e,0x78,0x01,0xff,0xf0,0x0e,0x70,0x03,0xe3,0xf0,0x0e,
    0x70,0x07,0x80,0xf0,0x0f,0x70,0x0f,0x00,0xe0,0x07,0xf0,0x0e,0x00,0xe0,0x07,0xe0,
    0x1e,0x00,0xe0,0x07,0xe0,0x1e,0x00,0xe0,0x0e,0xe0,0x1c,0x01,0xe0,0x0e,0xe0,0x3c,
    0x01,0xc0,0x0e,0xe0,0x3c,0x01,0xc0,0x0e,0xe0,0x3c,0x01,0xc0,0x1c,0xe0,0x1c,0x01,
    0xc0,0x1c,0xe0,0x1c,0x03,0xc0,0x3c,0xe0,0x1e,0x07,0xc0,0x78,0xf0,0x1f,0x1f,0xe1,
    0xf0,0xf0,0x0f,0xfc,0xff,0xe0,0x70,0x07,0xf8,0x7f,0xc0,0x78,0x03,0xe0,0x3f,0x00,
    0x78,0x00,0x00,0x00,0x00,0x3c,0x00,0x00,0x00,0x00,0x3c,0x00,0x00,0x00,0x00,0x1e,
    0x00,0x00,0x00,0x00,0x0f,0x00,0x00,0x00,0x00,0x07,0xc0,0x00,0x00,0x00,0x03,0xf0,
    0x00,0x30,0x00,0x01,0xfc,0x01,0xf0,0x00,0x00,0x7f,0xff,0xf0,0x00,0x00,0x1f,0xff,
    0xc0,0x00,0x00,0x03,0xfe,0x00,0x00,

    /* A */
    0x00,0x0f,0x80,0x00,0x00,0x0f,0xc0,0x00,0x00,0x1f,0xc0,0x00,0x00,0x1f,0xc0,0x00,
    0x00,0x1d,0xe0,0x00,0x00,0x3d,0xe0,0x00,0x00,0x3d,0xe0,0x00,0x00,0x38,0xf0,0x00,
    0x00,0x78,0xf0,0x00,0x00,0x78,0xf0,0x00,0x00,0x70,0x78,0x00,0x00,0xf0,0x78,0x00,
    0x00,0xf0,0x78,0x00,0x01,0xf0,0x3c,0x00,0x01,0xe0,0x3c,0x00,0x01,0xe0,0x3c,0x00,
    0x03,0xe0,0x3e,0x00,0x03,0xc0,0x1e,0x00,0x03,0xc0,0x1e,0x00,0x07,0xc0,0x1f,0x00,
    0x07,0x80,0x0f,0x00,0x07,0xff,0xff,0x00,0x0f,0xff,0xff,0x80,0x0f,0xff,0xff,0x80,
    0x0f,0xff,0xff,0x80,0x1f,0x00,0x07,0xc0,0x1e,0x00,0x03,0xc0,0x1e,0x00,0x03,0xc0,
    0x3e,0x00,0x03,0xe0,0x3c,0x00,0x01,0xe0,0x3c,0x00,0x01,0xe0,0x7c,0x00,0x01,0xf0,
    0x78,0x00,0x01,0xf0,0x78,0x00,0x00,0xf0,0xf8,0x00,0x00,0xf8,

    /* B */
    0xff,0xfe,0x00,0xff,0xff,0xc0,0xff,0xff,0xf0,0xff,0xff,0xf8,0xf0,0x01,0xf8,0xf0,
    0x00,0x7c,0xf0,0x00,0x7c,0xf0,0x00,0x3c,0xf0,0x00,0x3c,0xf0,0x00,0x3c,0xf0,0x00,
    0x3c,0xf0,0x00,0x7c,0xf0,0x00,0x78,0xf0,0x00,0xf8,0xf0,0x03,0xf0,0xff,0xff,0xe0,
    0xff,0xff,0xc0,0xff,0xff,0xf0,0xf8,0x07,0xf8,0xf0,0x00,0x7e,0xf0,0x00,0x3e,0xf0,
    0x00,0x1f,0xf0,0x00,0x0f,0xf0,0x00,0x0f,0xf0,0x00,0x0f,0xf0,0x00,0x0f,0xf0,0x00,
    0x0f,0xf0,0x00,0x1f,0xf0,0x00,0x1f,0xf0,0x00,0x3e,0xf0,0x00,0xfe,0xff,0xff,0xfc,
    0xff,0xff,0xf8,0xff,0xff,0xe0,0xff,0xff,0x00,

    /* C */
    0x00,0x0f,0xe0,0x00,0x00,0x7f,0xf8,0x00,0x01,0xff,0xfe,0x00,0x03,0xff,0xff,0x00,
    0x07,0xf0,0x1f,0x80,0x0f,0xc0,0x0f,0x00,0x1f,0x80,0x02,0x00,0x3f,0x00,0x00,0x00,
    0x3e,0x00,0x00,0x00,0x3c,0x00,0x00,0x00,0x7c,0x00,0x00,0x00,0x78,0x00,0x00,0x00,
    0x78,0x00,0x00,0x00,0xf8,0x00,0x00,0x00,0xf8,0x00,0x00,0x00,0xf8,0x00,0x00,0x00,
    0xf0,0x00,0x00,0x00,0xf0,0x00,0x00,0x00,0xf0,0x00,0x00,0x00,0xf0,0x00,0x00,0x00,
    0xf0,0x00,0x00,0x00,0xf8,0x00,0x00,0x00,0xf8,0x00,0x00,0x00,0xf8,0x00,0x00,0x00,
    0x78,0x00,0x00,0x00,0x78,0x00,0x00,0x00,0x7c,0x00,0x00,0x00,0x7c,0x00,0x00,0x00,
    0x3e,0x00,0x00,0x00,0x3f,0x00,0x01,0x00,0x1f,0x80,0x03,0x80,0x0f,0xc0,0x07,0x80,
    0x07,0xf0,0x1f,0x80,0x03,0xff,0xff,0x00,0x01,0xff,0xfe,0x00,0x00,0x7f,0xf8,0x00,
    0x00,0x1f,0xe0,0x00,

    /* D */
    0xff,0xf8,0x00,0x00,0xff,0xff,0x00,0x00,0xff,0xff,0xc0,0x00,0xff,0xff,0xf0,0x00,
    0xf0,0x07,0xf8,0x00,0xf0,0x01,0xfc,0x00,0xf0,0x00,0x7c,0x00,0xf0,0x00,0x3e,0x00,
    0xf0,0x00,0x3e,0x00,0xf0,0x00,0x1f,0x00,0xf0,0x00,0x1f,0x00,0xf0,0x00,0x0f,0x00,
    0xf0,0x00,0x0f,0x80,0xf0,0x00,0x0f,0x80,0xf0,0x00,0x0f,0x80,0xf0,0x00,0x07,0x80,
    0xf0,0x00,0x07,0x80,0xf0,0x00,0x07,0x80,0xf0,0x00,0x07,0x80,0xf0,0x00,0x0f,0x80,
    0xf0,0x00,0x0f,0x80,0xf0,0x00,0x0f,0x80,0xf0,0x00,0x0f,0x80,0xf0,0x00,0x0f,0x00,
    0xf0,0x00,0x1f,0x00,0xf0,0x00,0x1f,0x00,0xf0,0x00,0x3e,0x00,0xf0,0x00,0x3e,0x00,
    0xf0,0x00,0x7c,0x00,0xf0,0x01,0xfc,0x00,0xf0,0x07,0xf8,0x00,0xff,0xff,0xf0,0x00,
    0xff,0xff,0xc0,0x00,0xff,0xff,0x00,0x00,0xff,0xf8,0x00,0x00,

    /* E */
    0xff,0xff,0xf0,0xff,0xff,0xf0,0xff,0xff,0xf0,0xff,0xff,0xf0,0xf0,0x00,0x00,0xf0,
    0x00,0x00,0xf0,0x00,0x00,0xf0,0x00,0x00,0xf0,0x00,0x00,0xf0,0x00,0x00,0xf0,0x00,
    0x00,0xf0,0x00,0x00,0xf0,0x00,0x00,0xf0,0x00,0x00,0xf0,0x00,0x00,0xff,0xff,0xc0,
    0xff,0xff,0xc0,0xff,0xff,0xc0,0xff,0xff,0x80,0xf0,0x00,0x00,0xf0,0x00,0x00,0xf0,
    0x00,0x00,0xf0,0x00,0x00,0xf0,0x00,0x00,0xf0,0x00,0x00,0xf0,0x00,0x00,0xf0,0x00,
    0x00,0xf0,0x00,0x00,0xf0,0x00,0x00,0xf0,0x00,0x00,0xf0,0x00,0x00,0xff,0xff,0xf0,
    0xff,0xff,0xf8,0xff,0xff,0xf8,0xff,0xff,0xf8,

    /* F */
    0xff,0xff,0xf0,0xff,0xff,0xf0,0xff,0xff,0xf0,0xff,0xff,0xf0,0xf0,0x00,0x00,0xf0,
    0x00,0x00,0xf0,0x00,0x00,0xf0,0x00,0x00,0xf0,0x00,0x00,0xf0,0x00,0x00,0xf0,0x00,
    0x00,0xf0,0x00,0x00,0xf0,0x00,0x00,0xf0,0x00,0x00,0xf0,0x00,0x00,0xff,0xff,0xc0,
    0xff,0xff,0xc0,0xff,0xff,0xc0,0xff,0xff,0xc0,0xf0,0x00,0x00,0xf0,0x00,0x00,0xf0,
    0x00,0x00,0xf0,0x00,0x00,0xf0,0x00,0x00,0xf0,0x00,0x00,0xf0,0x00,0x00,0xf0,0x00,
    0x00,0xf0,0x00,0x00,0xf0,0x00,0x00,0xf0,0x00,0x00,0xf0,0x00,0x00,0xf0,0x00,0x00,
    0xf0,0x00,0x00,0xf0,0x00,0x00,0xf0,0x00,0x00,

    /* G */
    0x00,0x0f,0xf0,0x00,0x00,0x7f,0xfc,0x00,0x01,0xff,0xff,0x00,0x03,0xff,0xff,0x80,
    0x07,0xf0,0x1f,0xc0,0x0f,0xc0,0x07,0x80,0x1f,0x80,0x01,0x00,0x1f,0x00,0x00,0x00,
    0x3e,0x00,0x00,0x00,0x3c,0x00,0x00,0x00,0x7c,0x00,0x00,0x00,0x7c,0x00,0x00,0x00,
    0x78,0x00,0x00,0x00,0xf8,0x00,0x00,0x00,0xf8,0x00,0x00,0x00,0xf8,0x00,0x00,0x00,
    0xf0,0x00,0x00,0x00,0xf0,0x00,0x00,0x00,0xf0,0x01,0xff,0xe0,0xf0,0x01,0xff,0xe0,
    0xf0,0x01,0xff,0xe0,0xf8,0x01,0xff,0xe0,0xf8,0x00,0x03,0xe0,0xf8,0x00,0x03,0xe0,
    0xf8,0x00,0x03,0xe0,0x78,0x00,0x03,0xe0,0x7c,0x00,0x03,0xe0,0x7c,0x00,0x03,0xe0,
    0x3e,0x00,0x03,0xe0,0x3f,0x00,0x03,0xe0,0x1f,0x80,0x03,0xe0,0x0f,0xc0,0x03,0xe0,
    0x07,0xf0,0x0f,0xe0,0x03,0xff,0xff,0xc0,0x01,0xff,0xff,0x80,0x00,0x7f,0xfe,0x00,
    0x00,0x0f,0xf0,0x00,

    /* H */
    0xf0,0x00,0x07,0x80,0xf0,0x00,0x07,0x80,0xf0,0x00,0x07,0x80,0xf0,0x00,0x07,0x80,
    0xf0,0x00,0x07,0x80,0xf0,0x00,0x07,0x80,0xf0,0x00,0x07,0x80,0xf0,0x00,0x07,0x80,
    0xf0,0x00,0x07,0x80,0xf0,0x00,0x07,0x80,0xf0,0x00,0x07,0x80,0xf0,0x00,0x07,0x80,
    0xf0,0x00,0x07,0x80,0xf0,0x00,0x07,0x80,0xf0,0x00,0x07,0x80,0xff,0xff,0xff,0x80,
    0xff,0xff,0xff,0x80,0xff,0xff,0xff,0x80,0xff,0xff,0xff,0x80,0xf0,0x00,0x07,0x80,
    0xf0,0x00,0x07,0x80,0xf0,0x00,0x07,0x80,0xf0,0x00,0x07,0x80,0xf0,0x00,0x07,0x80,
    0xf0,0x00,0x07,0x80,0xf0,0x00,0x07,0x80,0xf0,0x00,0x07,0x80,0xf0,0x00,0x07,0x80,
    0xf0,0x00,0x07,0x80,0xf0,0x00,0x07,0x80,0xf0,0x00,0x07,0x80,0xf0,0x00,0x07,0x80,
    0xf0,0x00,0x07,0x80,0xf0,0x00,0x07,0x80,0xf0,0x00,0x07,0x80,

    /* I */
    0xf0,0xf0,0xf0,0xf0,0xf0,0xf0,0xf0,0xf0,0xf0,0xf0,0xf0,0xf0,0xf0,0xf0,0xf0,0xf0,
    0xf0,0xf0,0xf0,0xf0,0xf0,0xf0,0xf0,0xf0,0xf0,0xf0,0xf0,0xf0,0xf0,0xf0,0xf0,0xf0,
    0xf0,0xf0,0xf0,

    /* J */
    0x00,0x01,0xe0,0x00,0x01,0xe0,0x00,0x01,0xe0,0x00,0x01,0xe0,0x00,0x01,0xe0,0x00,
    0x01,0xe0,0x00,0x01,0xe0,0x00,0x01,0xe0,0x00,0x01,0xe0,0x00,0x01,0xe0,0x00,0x01,
    0xe0,0x00,0x01,0xe0,0x00,0x01,0xe0,0x00,0x01,0xe0,0x00,0x01,0xe0,0x00,0x01,0xe0,
    0x00,0x01,0xe0,0x00,0x01,0xe0,0x00,0x01,0xe0,0x00,0x01,0xe0,0x00,0x01,0xe0,0x00,
    0x01,0xe0,0x00,0x01,0xe0,0x00,0x01,0xe0,0x00,0x01,0xe0,0x00,0x01,0xe0,0x00,0x03,
    0xe0,0x00,0x03,0xe0,0x20,0x03,0xe0,0x70,0x03,0xc0,0xf8,0x07,0xc0,0xfc,0x0f,0xc0,
    0x7f,0xff,0x80,0x3f,0xff,0x00,0x0f,0xfe,0x00,0x03,0xf8,0x00,

    /* K */
    0xf0,0x00,0x1f,0x00,0xf0,0x00,0x3e,0x00,0xf0,0x00,0x7c,0x00,0xf0,0x00,0xf8,0x00,
    0xf0,0x01,0xf0,0x00,0xf0,0x01,0xf0,0x00,0xf0,0x03,0xe0,0x00,0xf0,0x07,0xc0,0x00,
    0xf0,0x0f,0x80,0x00,0xf0,0x1f,0x00,0x00,0xf0,0x3e,0x00,0x00,0xf0,0x3e,0x00,0x00,
    0xf0,0x7c,0x00,0x00,0xf0,0xf8,0x00,0x00,0xf1,0xfc,0x00,0x00,0xf3,0xfc,0x00,0x00,
    0xf7,0xfe,0x00,0x00,0xff,0xdf,0x00,0x00,0xff,0x9f,0x00,0x00,0xff,0x0f,0x80,0x00,
    0xfe,0x0f,0x80,0x00,0xfc,0x07,0xc0,0x00,0xf8,0x03,0xc0,0x00,0xf8,0x03,0xe0,0x00,
    0xf0,0x01,0xf0,0x00,0xf0,0x01,0xf0,0x00,0xf0,0x00,0xf8,0x00,0xf0,0x00,0x78,0x00,
    0xf0,0x00,0x7c,0x00,0xf0,0x00,0x3e,0x00,0xf0,0x00,0x3e,0x00,0xf0,0x00,0x1f,0x00,
    0xf0,0x00,0x1f,0x00,0xf0,0x00,0x0f,0x80,0xf0,0x00,0x07,0xc0,

    /* L */
    0xf0,0x00,0x00,0xf0,0x00,0x00,0xf0,0x00,0x00,0xf0,0x00,0x00,0xf0,0x00,0x00,0xf0,
    0x00,0x00,0xf0,0x00,0x00,0xf0,0x00,0x00,0xf0,0x00,0x00,0xf0,0x00,0x00,0xf0,0x00,
    0x00,0xf0,0x00,0x00,0xf0,0x00,0x00,0xf0,0x00,0x00,0xf0,0x00,0x00,0xf0,0x00,0x00,
    0xf0,0x00,0x00,0xf0,0x00,0x00,0xf0,0x00,0x00,0xf0,0x00,0x00,0xf0,0x00,0x00,0xf0,
    0x00,0x00,0xf0,0x00,0x00,0xf0,0x00,0x00,0xf0,0x00,0x00,0xf0,0x00,0x00,0xf0,0x00,
    0x00,0xf0,0x00,0x00,0xf0,0x00,0x00,0xf0,0x00,0x00,0xf0,0x00,0x00,0xff,0xff,0xe0,
    0xff,0xff,0xf0,0xff,0xff,0xf0,0xff,0xff,0xf0,

    /* M */
    0xf8,0x00,0x00,0xf8,0xfc,0x00,0x01,0xf8,0xfc,0x00,0x01,0xf8,0xfc,0x00,0x01,0xf8,
    0xfe,0x00,0x03,0xf8,0xfe,0x00,0x03,0xf8,0xef,0x00,0x07,0xf8,0xef,0x00,0x07,0xf8,
    0xe7,0x00,0x07,0x78,0xf7,0x80,0x0f,0x78,0xf7,0x80,0x0f,0x78,0xf3,0x80,0x0e,0x78,
    0xf3,0xc0,0x1e,0x78,0xf3,0xc0,0x1e,0x78,0xf1,0xc0,0x1c,0x78,0xf1,0xe0,0x3c,0x78,
    0xf1,0xe0,0x38,0x78,0xf0,0xe0,0x38,0x78,0xf0,0xf0,0x78,0x78,0xf0,0x70,0x70,0x78,
    0xf0,0x78,0xf0,0x78,0xf0,0x78,0xf0,0x78,0xf0,0x38,0xe0,0x78,0xf0,0x3d,0xe0,0x78,
    0xf0,0x3d,0xc0,0x78,0xf0,0x1d,0xc0,0x78,0xf0,0x1f,0xc0,0x78,0xf0,0x1f,0x80,0x78,
    0xf0,0x0f,0x80,0x78,0xf0,0x0f,0x80,0x78,0xf0,0x07,0x00,0x78,0xf0,0x00,0x00,0x78,
    0xf0,0x00,0x00,0x78,0xf0,0x00,0x00,0x78,0xf0,0x00,0x00,0x78,

    /* N */
    0xf8,0x00,0x07,0x80,0xf8,0x00,0x07,0x80,0xfc,0x00,0x07,0x80,0xfc,0x00,0x07,0x80,
    0xfe,0x00,0x07,0x80,0xff,0x00,0x07,0x80,0xff,0x00,0x07,0x80,0xf7,0x80,0x07,0x80,
    0xf7,0x80,0x07,0x80,0xf3,0xc0,0x07,0x80,0xf3,0xe0,0x07,0x80,0xf1,0xe0,0x07,0x80,
    0xf1,0xf0,0x07,0x80,0xf0,0xf0,0x07,0x80,0xf0,0xf8,0x07,0x80,0xf0,0x78,0x07,0x80,
    0xf0,0x3c,0x07,0x80,0xf0,0x3e,0x07,0x80,0xf0,0x1e,0x07,0x80,0xf0,0x1f,0x07,0x80,
    0xf0,0x0f,0x07,0x80,0xf0,0x0f,0x87,0x80,0xf0,0x07,0x87,0x80,0xf0,0x03,0xc7,0x80,
    0xf0,0x03,0xc7,0x80,0xf0,0x01,0xe7,0x80,0xf0,0x01,0xf7,0x80,0xf0,0x00,0xf7,0x80,
    0xf0,0x00,0x7f,0x80,0xf0,0x00,0x7f,0x80,0xf0,0x00,0x3f,0x80,0xf0,0x00,0x3f,0x80,
    0xf0,0x00,0x1f,0x80,0xf0,0x00,0x1f,0x80,0xf0,0x00,0x0f,0x80,

    /* O */
    0x00,0x1f,0xe0,0x00,0x00,0xff,0xf8,0x00,0x01,0xff,0xfe,0x00,0x07,0xff,0xff,0x00,
    0x0f,0xf0,0x3f,0x80,0x0f,0xc0,0x0f,0xc0,0x1f,0x00,0x07,0xe0,0x3e,0x00,0x03,0xe0,
    0x3e,0x00,0x01,0xf0,0x7c,0x00,0x01,0xf0,0x7c,0x00,0x00,0xf8,0x78,0x00,0x00,0xf8,
    0xf8,0x00,0x00,0x78,0xf8,0x00,0x00,0x78,0xf8,0x00,0x00,0x7c,0xf8,0x00,0x00,0x7c,
    0xf0,0x00,0x00,0x7c,0xf0,0x00,0x00,0x7c,0xf0,0x00,0x00,0x7c,0xf0,0x00,0x00,0x7c,
    0xf0,0x00,0x00,0x7c,0xf8,0x00,0x00,0x7c,0xf8,0x00,0x00,0x7c,0xf8,0x00,0x00,0x78,
    0x78,0x00,0x00,0xf8,0x78,0x00,0x00,0xf8,0x7c,0x00,0x00,0xf8,0x7c,0x00,0x01,0xf0,
    0x3e,0x00,0x01,0xf0,0x3f,0x00,0x03,0xe0,0x1f,0x00,0x07,0xe0,0x0f,0xc0,0x0f,0xc0,
    0x0f,0xf0,0x3f,0x80,0x07,0xff,0xff,0x00,0x01,0xff,0xfe,0x00,0x00,0xff,0xf8,0x00,
    0x00,0x1f,0xe0,0x00,

    /* P */
    0xff,0xfe,0x00,0xff,0xff,0xc0,0xff,0xff,0xf0,0xff,0xff,0xf8,0xf0,0x01,0xf8,0xf0,
    0x00,0x7c,0xf0,0x00,0x3c,0xf0,0x00,0x3e,0xf0,0x00,0x3e,0xf0,0x00,0x1e,0xf0,0x00,
    0x1e,0xf0,0x00,0x1e,0xf0,0x00,0x3e,0xf0,0x00,0x3e,0xf0,0x00,0x7c,0xf0,0x00,0x7c,
    0xf0,0x01,0xf8,0xff,0xff,0xf0,0xff,0xff,0xe0,0xff,0xff,0xc0,0xff,0xfe,0x00,0xf0,
    0x00,0x00,0xf0,0x00,0x00,0xf0,0x00,0x00,0xf0,0x00,0x00,0xf0,0x00,0x00,0xf0,0x00,
    0x00,0xf0,0x00,0x00,0xf0,0x00,0x00,0xf0,0x00,0x00,0xf0,0x00,0x00,0xf0,0x00,0x00,
    0xf0,0x00,0x00,0xf0,0x00,0x00,0xf0,0x00,0x00,

    /* Q */
    0x00,0x1f,0xe0,0x00,0x00,0xff,0xf8,0x00,0x01,0xff,0xfe,0x00,0x07,0xff,0xff,0x00,
    0x0f,0xf0,0x3f,0x80,0x0f,0xc0,0x0f,0xc0,0x1f,0x00,0x07,0xe0,0x3e,0x00,0x03,0xe0,
    0x3e,0x00,0x01,0xf0,0x7c,0x00,0x01,0xf0,0x7c,0x00,0x00,0xf8,0x78,0x00,0x00,0xf8,
    0xf8,0x00,0x00,0x78,0xf8,0x00,0x00,0x78,0xf8,0x00,0x00,0x7c,0xf8,0x00,0x00,0x7c,
    0xf0,0x00,0x00,0x7c,0xf0,0x00,0x00,0x7c,0xf0,0x00,0x00,0x7c,0xf0,0x00,0x00,0x7c,
    0xf0,0x00,0x00,0x7c,0xf8,0x00,0x00,0x7c,0xf8,0x00,0x00,0x7c,0xf8,0x00,0x00,0x78,
    0xf8,0x00,0x00,0x78,0x78,0x00,0x00,0xf8,0x7c,0x00,0x00,0xf8,0x7c,0x00,0x01,0xf0,
    0x3e,0x00,0x01,0xf0,0x3e,0x00,0x03,0xe0,0x1f,0x00,0x07,0xe0,0x1f,0x80,0x0f,0xc0,
    0x0f,0xe0,0x1f,0x80,0x07,0xfd,0xff,0x00,0x03,0xff,0xfe,0x00,0x00,0xff,0xfc,0x00,
    0x00,0x3f,0xe0,0x00,0x00,0x07,0xc0,0x00,0x00,0x07,0xc0,0x00,0x00,0x03,0xe0,0x00,
    0x00,0x01,0xf8,0x00,0x00,0x00,0xfe,0x00,0x00,0x00,0x7f,0xfc,0x00,0x00,0x3f,0xfc,
    0x00,0x00,0x0f,0xfc,0x00,0x00,0x01,0xf0,

    /* R */
    0xff,0xff,0x00,0xff,0xff,0xc0,0xff,0xff,0xf0,0xff,0xff,0xf8,0xf0,0x01,0xfc,0xf0,
    0x00,0x7c,0xf0,0x00,0x3e,0xf0,0x00,0x3e,0xf0,0x00,0x1e,0xf0,0x00,0x1e,0xf0,0x00,
    0x1e,0xf0,0x00,0x1e,0xf0,0x00,0x3e,0xf0,0x00,0x3c,0xf0,0x00,0x7c,0xf0,0x01,0xf8,
    0xff,0xff,0xf8,0xff,0xff,0xe0,0xff,0xff,0xc0,0xff,0xff,0x00,0xf0,0x1f,0x00,0xf0,
    0x1f,0x00,0xf0,0x0f,0x80,0xf0,0x07,0x80,0xf0,0x07,0xc0,0xf0,0x03,0xe0,0xf0,0x03,
    0xe0,0xf0,0x01,0xf0,0xf0,0x01,0xf0,0xf0,0x00,0xf8,0xf0,0x00,0x7c,0xf0,0x00,0x7c,
    0xf0,0x00,0x3e,0xf0,0x00,0x3e,0xf0,0x00,0x1f,

    /* S */
    0x00,0xff,0x00,0x03,0xff,0xc0,0x0f,0xff,0xf0,0x1f,0xff,0xf8,0x3f,0x81,0xfc,0x3e,
    0x00,0x38,0x7c,0x00,0x18,0x7c,0x00,0x00,0x7c,0x00,0x00,0x78,0x00,0x00,0x7c,0x00,
    0x00,0x7c,0x00,0x00,0x7e,0x00,0x00,0x3f,0x00,0x00,0x1f,0xc0,0x00,0x1f,0xf0,0x00,
    0x07,0xfc,0x00,0x03,0xff,0x80,0x00,0xff,0xc0,0x00,0x3f,0xf0,0x00,0x0f,0xf8,0x00,
    0x03,0xfc,0x00,0x00,0xfc,0x00,0x00,0x7e,0x00,0x00,0x3e,0x00,0x00,0x1e,0x00,0x00,
    0x1e,0x00,0x00,0x1e,0x00,0x00,0x1e,0x60,0x00,0x1e,0xf0,0x00,0x3e,0xfc,0x00,0x7c,
    0xff,0x01,0xfc,0x7f,0xff,0xf8,0x1f,0xff,0xf0,0x07,0xff,0xc0,0x00,0xfe,0x00,

    /* T */
    0xff,0xff,0xff,0xc0,0xff,0xff,0xff,0xc0,0xff,0xff,0xff,0xc0,0x7f,0xff,0xff,0xc0,
    0x00,0x1f,0x00,0x00,0x00,0x1f,0x00,0x00,0x00,0x1f,0x00,0x00,0x00,0x1f,0x00,0x00,
    0x00,0x1f,0x00,0x00,0x00,0x1f,0x00,0x00,0x00,0x1f,0x00,0x00,0x00,0x1f,0x00,0x00,
    0x00,0x1f,0x00,0x00,0x00,0x1f,0x00,0x00,0x00,0x1f,0x00,0x00,0x00,0x1f,0x00,0x00,
    0x00,0x1f,0x00,0x00,0x00,0x1f,0x00,0x00,0x00,0x1f,0x00,0x00,0x00,0x1f,0x00,0x00,
    0x00,0x1f,0x00,0x00,0x00,0x1f,0x00,0x00,0x00,0x1f,0x00,0x00,0x00,0x1f,0x00,0x00,
    0x00,0x1f,0x00,0x00,0x00,0x1f,0x00,0x00,0x00,0x1f,0x00,0x00,0x00,0x1f,0x00,0x00,
    0x00,0x1f,0x00,0x00,0x00,0x1f,0x00,0x00,0x00,0x1f,0x00,0x00,0x00,0x1f,0x00,0x00,
    0x00,0x1f,0x00,0x00,0x00,0x1f,0x00,0x00,0x00,0x1f,0x00,0x00,

    /* U */
    0xf0,0x00,0x07,0x80,0xf0,0x00,0x07,0x80,0xf0,0x00,0x07,0x80,0xf0,0x00,0x07,0x80,
    0xf0,0x00,0x07,0x80,0xf0,0x00,0x07,0x80,0xf0,0x00,0x07,0x80,0xf0,0x00,0x07,0x80,
    0xf0,0x00,0x07,0x80,0xf0,0x00,0x07,0x80,0xf0,0x00,0x07,0x80,0xf0,0x00,0x07,0x80,
    0xf0,0x00,0x07,0x80,0xf0,0x00,0x07,0x80,0xf0,0x00,0x07,0x80,0xf0,0x00,0x07,0x80,
    0xf0,0x00,0x07,0x80,0xf0,0x00,0x07,0x80,0xf0,0x00,0x07,0x80,0xf0,0x00,0x07,0x80,
    0xf0,0x00,0x07,0x80,0xf0,0x00,0x07,0x80,0xf0,0x00,0x07,0x80,0xf0,0x00,0x07,0x80,
    0xf0,0x00,0x0f,0x80,0xf8,0x00,0x0f,0x80,0xf8,0x00,0x0f,0x00,0x78,0x00,0x0f,0x00,
    0x7c,0x00,0x1f,0x00,0x7c,0x00,0x3e,0x00,0x3e,0x00,0x7e,0x00,0x3f,0x80,0xfc,0x00,
    0x1f,0xff,0xf8,0x00,0x0f,0xff,0xf0,0x00,0x03,0xff,0xe0,0x00,0x00,0xff,0x00,0x00,

    /* V */
    0xf8,0x00,0x01,0xe0,0x78,0x00,0x01,0xe0,0x78,0x00,0x03,0xe0,0x7c,0x00,0x03,0xc0,
    0x7c,0x00,0x03,0xc0,0x3c,0x00,0x07,0xc0,0x3e,0x00,0x07,0xc0,0x3e,0x00,0x07,0x80,
    0x1e,0x00,0x07,0x80,0x1f,0x00,0x0f,0x80,0x1f,0x00,0x0f,0x00,0x0f,0x00,0x0f,0x00,
    0x0f,0x00,0x1f,0x00,0x0f,0x80,0x1e,0x00,0x07,0x80,0x1e,0x00,0x07,0x80,0x3e,0x00,
    0x07,0xc0,0x3c,0x00,0x03,0xc0,0x3c,0x00,0x03,0xc0,0x3c,0x00,0x03,0xe0,0x78,0x00,
    0x01,0xe0,0x78,0x00,0x01,0xe0,0x78,0x00,0x01,0xe0,0xf0,0x00,0x00,0xf0,0xf0,0x00,
    0x00,0xf0,0xf0,0x00,0x00,0xf0,0xe0,0x00,0x00,0x79,0xe0,0x00,0x00,0x79,0xe0,0x00,
    0x00,0x79,0xc0,0x00,0x00,0x3f,0xc0,0x00,0x00,0x3f,0xc0,0x00,0x00,0x3f,0xc0,0x00,
    0x00,0x3f,0x80,0x00,0x00,0x1f,0x80,0x00,0x00,0x1f,0x80,0x00,

    /* W */
    0xf8,0x00,0x3c,0x00,0x1f,0x78,0x00,0x3e,0x00,0x1f,0x78,0x00,0x3e,0x00,0x1e,0x78,
    0x00,0x7e,0x00,0x1e,0x7c,0x00,0x7e,0x00,0x1e,0x7c,0x00,0x7f,0x00,0x1e,0x3c,0x00,
    0xff,0x00,0x3c,0x3c,0x00,0xff,0x00,0x3c,0x3c,0x00,0xe7,0x00,0x3c,0x3e,0x00,0xe7,
    0x80,0x3c,0x3e,0x01,0xe7,0x80,0x3c,0x1e,0x01,0xe7,0x80,0x78,0x1e,0x01,0xe3,0x80,
    0x78,0x1e,0x01,0xc3,0xc0,0x78,0x1f,0x03,0xc3,0xc0,0x78,0x0f,0x03,0xc3,0xc0,0x78,
    0x0f,0x03,0xc1,0xc0,0xf0,0x0f,0x03,0x81,0xe0,0xf0,0x0f,0x07,0x81,0xe0,0xf0,0x0f,
    0x87,0x81,0xe0,0xf0,0x07,0x87,0x80,0xe0,0xf0,0x07,0x87,0x00,0xf1,0xe0,0x07,0x87,
    0x00,0xf1,0xe0,0x07,0x8f,0x00,0xf1,0xe0,0x07,0x8f,0x00,0x71,0xe0,0x03,0xce,0x00,
    0x79,0xe0,0x03,0xce,0x00,0x79,0xc0,0x03,0xde,0x00,0x7b,0xc0,0x03,0xde,0x00,0x3b,
    0xc0,0x01,0xdc,0x00,0x3b,0xc0,0x01,0xfc,0x00,0x3f,0x80,0x01,0xfc,0x00,0x3f,0x80,
    0x01,0xfc,0x00,0x1f,0x80,0x01,0xf8,0x00,0x1f,0x80,0x00,0xf8,0x00,0x1f,0x80,

    /* X */
    0x7c,0x00,0x0f,0x80,0x7c,0x00,0x0f,0x00,0x3e,0x00,0x1f,0x00,0x3e,0x00,0x1e,0x00,
    0x1f,0x00,0x3c,0x00,0x0f,0x00,0x7c,0x00,0x0f,0x80,0x78,0x00,0x07,0x80,0xf8,0x00,
    0x07,0xc0,0xf0,0x00,0x03,0xc1,0xf0,0x00,0x03,0xe1,0xe0,0x00,0x01,0xf3,0xe0,0x00,
    0x00,0xf3,0xc0,0x00,0x00,0xff,0x80,0x00,0x00,0x7f,0x80,0x00,0x00,0x7f,0x00,0x00,
    0x00,0x3f,0x00,0x00,0x00,0x3f,0x00,0x00,0x00,0x7f,0x00,0x00,0x00,0x7f,0x80,0x00,
    0x00,0xf7,0x80,0x00,0x01,0xf7,0xc0,0x00,0x01,0xe3,0xc0,0x00,0x03,0xe1,0xe0,0x00,
    0x03,0xc1,0xf0,0x00,0x07,0xc0,0xf0,0x00,0x07,0x80,0xf8,0x00,0x0f,0x80,0x78,0x00,
    0x0f,0x00,0x7c,0x00,0x1e,0x00,0x3e,0x00,0x3e,0x00,0x3e,0x00,0x3c,0x00,0x1f,0x00,
    0x7c,0x00,0x1f,0x00,0x78,0x00,0x0f,0x80,0xf8,0x00,0x07,0x80,

    /* Y */
    0xf8,0x00,0x07,0x80,0x78,0x00,0x0f,0x80,0x7c,0x00,0x0f,0x00,0x3c,0x00,0x1f,0x00,
    0x3e,0x00,0x1e,0x00,0x1e,0x00,0x3e,0x00,0x1f,0x00,0x3c,0x00,0x0f,0x00,0x7c,0x00,
    0x0f,0x80,0x78,0x00,0x07,0x80,0x78,0x00,0x07,0x80,0xf0,0x00,0x03,0xc0,0xf0,0x00,
    0x03,0xc1,0xe0,0x00,0x01,0xe1,0xe0,0x00,0x01,0xe3,0xc0,0x00,0x00,0xf3,0xc0,0x00,
    0x00,0xf7,0x80,0x00,0x00,0x7f,0x80,0x00,0x00,0x7f,0x00,0x00,0x00,0x3f,0x00,0x00,
    0x00,0x3e,0x00,0x00,0x00,0x3e,0x00,0x00,0x00,0x1e,0x00,0x00,0x00,0x1e,0x00,0x00,
    0x00,0x1e,0x00,0x00,0x00,0x1e,0x00,0x00,0x00,0x1e,0x00,0x00,0x00,0x1e,0x00,0x00,
    0x00,0x1e,0x00,0x00,0x00,0x1e,0x00,0x00,0x00,0x1e,0x00,0x00,0x00,0x1e,0x00,0x00,
    0x00,0x1e,0x00,0x00,0x00,0x1e,0x00,0x00,0x00,0x1e,0x00,0x00,

    /* Z */
    0x3f,0xff,0xff,0x00,0x3f,0xff,0xff,0x00,0x3f,0xff,0xff,0x00,0x3f,0xff,0xff,0x00,
    0x00,0x00,0x1e,0x00,0x00,0x00,0x3e,0x00,0x00,0x00,0x7c,0x00,0x00,0x00,0x78,0x00,
    0x00,0x00,0xf8,0x00,0x00,0x01,0xf0,0x00,0x00,0x01,0xe0,0x00,0x00,0x03,0xe0,0x00,
    0x00,0x07,0xc0,0x00,0x00,0x07,0x80,0x00,0x00,0x0f,0x80,0x00,0x00,0x1f,0x00,0x00,
    0x00,0x1e,0x00,0x00,0x00,0x3e,0x00,0x00,0x00,0x7c,0x00,0x00,0x00,0x78,0x00,0x00,
    0x00,0xf8,0x00,0x00,0x01,0xf0,0x00,0x00,0x01,0xf0,0x00,0x00,0x03,0xe0,0x00,0x00,
    0x03,0xc0,0x00,0x00,0x07,0xc0,0x00,0x00,0x0f,0x80,0x00,0x00,0x0f,0x00,0x00,0x00,
    0x1f,0x00,0x00,0x00,0x3e,0x00,0x00,0x00,0x3c,0x00,0x00,0x00,0x7f,0xff,0xff,0x80,
    0xff,0xff,0xff,0x80,0xff,0xff,0xff,0x80,0xff,0xff,0xff,0x80,

    /* [ */
    0xff,0xc0,0xff,0xc0,0xf0,0x00,0xe0,0x00,0xe0,0x00,0xe0,0x00,0xe0,0x00,0xe0,0x00,
    0xe0,0x00,0xe0,0x00,0xe0,0x00,0xe0,0x00,0xe0,0x00,0xe0,0x00,0xe0,0x00,0xe0,0x00,
    0xe0,0x00,0xe0,0x00,0xe0,0x00,0xe0,0x00,0xe0,0x00,0xe0,0x00,0xe0,0x00,0xe0,0x00,
    0xe0,0x00,0xe0,0x00,0xe0,0x00,0xe0,0x00,0xe0,0x00,0xe0,0x00,0xe0,0x00,0xe0,0x00,
    0xe0,0x00,0xe0,0x00,0xe0,0x00,0xe0,0x00,0xe0,0x00,0xe0,0x00,0xe0,0x00,0xe0,0x00,
    0xe0,0x00,0xe0,0x00,0xe0,0x00,0xf0,0x00,0xff,0xc0,0xff,0xc0,

    /* \ */
    0xe0,0x00,0x00,0xe0,0x00,0x00,0xf0,0x00,0x00,0x70,0x00,0x00,0x70,0x00,0x00,0x78,
    0x00,0x00,0x38,0x00,0x00,0x38,0x00,0x00,0x38,0x00,0x00,0x1c,0x00,0x00,0x1c,0x00,
    0x00,0x1c,0x00,0x00,0x0e,0x00,0x00,0x0e,0x00,0x00,0x0e,0x00,0x00,0x0f,0x00,0x00,
    0x07,0x00,0x00,0x07,0x00,0x00,0x07,0x80,0x00,0x03,0x80,0x00,0x03,0x80,0x00,0x03,
    0x80,0x00,0x01,0xc0,0x00,0x01,0xc0,0x00,0x01,0xc0,0x00,0x00,0xe0,0x00,0x00,0xe0,
    0x00,0x00,0xe0,0x00,0x00,0xf0,0x00,0x00,0x70,0x00,0x00,0x70,0x00,0x00,0x78,0x00,
    0x00,0x38,0x00,0x00,0x38,0x00,0x00,0x38,0x00,0x00,0x1c,0x00,0x00,0x1c,0x00,0x00,
    0x1c,0x00,0x00,0x0e,0x00,0x00,0x0e,0x00,0x00,0x0e,0x00,0x00,0x07,0x00,0x00,0x07,
    0x00,0x00,0x07,0x00,0x00,0x07,0x80,0x00,0x03,0x80,0x00,0x03,0x80,

    /* ] */
    0xff,0x80,0xff,0x80,0x07,0x80,0x03,0x80,0x03,0x80,0x03,0x80,0x03,0x80,0x03,0x80,
    0x03,0x80,0x03,0x80,0x03,0x80,0x03,0x80,0x03,0x80,0x03,0x80,0x03,0x80,0x03,0x80,
    0x03,0x80,0x03,0x80,0x03,0x80,0x03,0x80,0x03,0x80,0x03,0x80,0x03,0x80,0x03,0x80,
    0x03,0x80,0x03,0x80,0x03,0x80,0x03,0x80,0x03,0x80,0x03,0x80,0x03,0x80,0x03,0x80,
    0x03,0x80,0x03,0x80,0x03,0x80,0x03,0x80,0x03,0x80,0x03,0x80,0x03,0x80,0x03,0x80,
    0x03,0x80,0x03,0x80,0x03,0x80,0x07,0x80,0xff,0x80,0xff,0x80,

    /* ^ */
    0x01,0xe0,0x00,0x01,0xf0,0x00,0x03,0xf0,0x00,0x03,0xf8,0x00,0x03,0xf8,0x00,0x07,
    0xb8,0x00,0x07,0x3c,0x00,0x0f,0x1c,0x00,0x0f,0x1e,0x00,0x0e,0x1e,0x00,0x1e,0x0e,
    0x00,0x1c,0x0f,0x00,0x3c,0x07,0x00,0x3c,0x07,0x80,0x38,0x07,0x80,0x78,0x03,0x80,
    0x78,0x03,0xc0,0xf0,0x03,0xc0,0xf0,0x01,0xe0,0xf0,0x01,0xe0,0xe0,0x00,0xe0,

    /* _ */
    0xff,0xff,0xff,0x80,0xff,0xff,0xff,0x80,0xff,0xff,0xff,0x80,

    /* ` */
    0x20,0x00,0x70,0x00,0xf8,0x00,0xfc,0x00,0x3e,0x00,0x1f,0x00,0x0f,0x00,0x07,0x80,
    0x03,0xc0,0x01,0xc0,0x00,0x80,

    /* a */
    0x00,0xfc,0x00,0x07,0xff,0x00,0x3f,0xff,0xc0,0x7f,0xff,0xc0,0x7c,0x07,0xe0,0x30,
    0x03,0xe0,0x00,0x01,0xf0,0x00,0x01,0xf0,0x00,0x00,0xf0,0x00,0x00,0xf0,0x00,0x01,
    0xf0,0x00,0x7f,0xf0,0x03,0xff,0xf0,0x0f,0xff,0xf0,0x3f,0xc0,0xf0,0x7e,0x00,0xf0,
    0x7c,0x00,0xf0,0xf8,0x00,0xf0,0xf0,0x00,0xf0,0xf0,0x00,0xf0,0xf0,0x00,0xf0,0xf0,
    0x01,0xf0,0xf8,0x03,0xf0,0xf8,0x0f,0xf0,0x7f,0xff,0xf0,0x3f,0xfc,0xf0,0x1f,0xf8,
    0x70,0x07,0xc0,0x00,

    /* b */
    0xf8,0x00,0x00,0xf8,0x00,0x00,0xf8,0x00,0x00,0xf8,0x00,0x00,0xf8,0x00,0x00,0xf8,
    0x00,0x00,0xf8,0x00,0x00,0xf8,0x00,0x00,0xf8,0x00,0x00,0xf8,0x00,0x00,0xf8,0x00,
    0x00,0xf8,0x3f,0x00,0xf8,0xff,0xc0,0xfb,0xff,0xe0,0xff,0xff,0xf0,0xff,0x81,0xf8,
    0xfe,0x00,0xfc,0xfc,0x00,0x7c,0xf8,0x00,0x3c,0xf8,0x00,0x3e,0xf8,0x00,0x3e,0xf8,
    0x00,0x3e,0xf8,0x00,0x3e,0xf8,0x00,0x1e,0xf8,0x00,0x1e,0xf8,0x00,0x1e,0xf8,0x00,
    0x1e,0xf8,0x00,0x3e,0xf8,0x00,0x3e,0xf8,0x00,0x3e,0xf8,0x00,0x3c,0xf8,0x00,0x7c,
    0xf8,0x00,0xfc,0xfc,0x00,0xf8,0xff,0x03,0xf0,0xff,0xff,0xf0,0xf3,0xff,0xc0,0xf1,
    0xff,0x80,0x00,0x7e,0x00,

    /* c */
    0x00,0x3f,0x00,0x01,0xff,0xc0,0x03,0xff,0xf0,0x0f,0xff,0xf0,0x0f,0xc0,0xf0,0x1f,
    0x00,0x20,0x3e,0x00,0x00,0x3e,0x00,0x00,0x7c,0x00,0x00,0x7c,0x00,0x00,0x78,0x00,
    0x00,0x78,0x00,0x00,0x78,0x00,0x00,0xf8,0x00,0x00,0xf8,0x00,0x00,0x78,0x00,0x00,
    0x78,0x00,0x00,0x78,0x00,0x00,0x7c,0x00,0x00,0x7c,0x00,0x00,0x3e,0x00,0x00,0x3e,
    0x00,0x00,0x1f,0x00,0x30,0x1f,0xc0,0x70,0x0f,0xff,0xf8,0x07,0xff,0xf0,0x01,0xff,
    0xc0,0x00,0x7f,0x00,

    /* d */
    0x00,0x00,0x3c,0x00,0x00,0x3c,0x00,0x00,0x3c,0x00,0x00,0x3c,0x00,0x00,0x3c,0x00,
    0x00,0x3c,0x00,0x00,0x3c,0x00,0x00,0x3c,0x00,0x00,0x3c,0x00,0x00,0x3c,0x00,0x00,
    0x3c,0x00,0xfc,0x3c,0x03,0xff,0x3c,0x0f,0xff,0xbc,0x1f,0xff,0xfc,0x3f,0x81,0xfc,
    0x3e,0x00,0x7c,0x7c,0x00,0x3c,0x7c,0x00,0x3c,0xf8,0x00,0x3c,0xf8,0x00,0x3c,0xf0,
    0x00,0x3c,0xf0,0x00,0x3c,0xf0,0x00,0x3c,0xf0,0x00,0x3c,0xf0,0x00,0x3c,0xf0,0x00,
    0x3c,0xf0,0x00,0x3c,0xf0,0x00,0x3c,0xf8,0x00,0x3c,0xf8,0x00,0x3c,0x78,0x00,0x3c,
    0x7c,0x00,0x7c,0x7e,0x00,0xfc,0x3f,0x03,0xfc,0x1f,0xff,0xfc,0x0f,0xff,0x9c,0x07,
    0xfe,0x1c,0x01,0xf8,0x00,

    /* e */
    0x00,0x7e,0x00,0x01,0xff,0xc0,0x07,0xff,0xe0,0x0f,0xff,0xf0,0x1f,0x80,0xf8,0x1f,
    0x00,0x78,0x3e,0x00,0x7c,0x3c,0x00,0x3c,0x7c,0x00,0x3c,0x78,0x00,0x3c,0x78,0x00,
    0x1c,0x78,0x00,0x1e,0x7f,0xff,0xfe,0xff,0xff,0xfe,0xff,0xff,0xfc,0x78,0x00,0x00,
    0x78,0x00,0x00,0x78,0x00,0x00,0x78,0x00,0x00,0x7c,0x00,0x00,0x3c,0x00,0x00,0x3e,
    0x00,0x00,0x1f,0x00,0x00,0x1f,0x80,0x38,0x0f,0xff,0xf8,0x07,0xff,0xf8,0x01,0xff,
    0xe0,0x00,0x3f,0x80,

    /* f */
    0x00,0xfc,0x03,0xfe,0x07,0xfe,0x0f,0xfc,0x0f,0x80,0x0f,0x00,0x1f,0x00,0x1f,0x00,
    0x1f,0x00,0x1e,0x00,0x1e,0x00,0x1e,0x00,0x1e,0x00,0xff,0xf8,0xff,0xf8,0xff,0xf8,
    0xff,0xf8,0x1e,0x00,0x1e,0x00,0x1e,0x00,0x1e,0x00,0x1e,0x00,0x1e,0x00,0x1e,0x00,
    0x1e,0x00,0x1e,0x00,0x1e,0x00,0x1e,0x00,0x1e,0x00,0x1e,0x00,0x1e,0x00,0x1e,0x00,
    0x1e,0x00,0x1e,0x00,0x1e,0x00,0x1e,0x00,0x1e,0x00,0x1e,0x00,0x1e,0x00,

    /* g */
    0x00,0xfc,0x00,0x03,0xff,0xff,0x0f,0xff,0xff,0x1f,0xc7,0xff,0x1f,0x01,0xe0,0x3e,
    0x01,0xe0,0x3c,0x00,0xf0,0x3c,0x00,0xf0,0x3c,0x00,0x78,0x7c,0x00,0x78,0x3c,0x00,
    0x78,0x3c,0x00,0xf8,0x3c,0x00,0xf0,0x3e,0x00,0xf0,0x1f,0x01,0xe0,0x0f,0x87,0xe0,
    0x0f,0xff,0xc0,0x0f,0xff,0x80,0x1e,0xfc,0x00,0x1c,0x00,0x00,0x3c,0x00,0x00,0x3c,
    0x00,0x00,0x3c,0x00,0x00,0x3e,0x00,0x00,0x1f,0xff,0xc0,0x0f,0xff,0xf8,0x0f,0xff,
    0xfe,0x1c,0xff,0xff,0x38,0x00,0x3f,0x78,0x00,0x0f,0x70,0x00,0x0f,0x70,0x00,0x0f,
    0xf0,0x00,0x0f,0x78,0x00,0x1f,0x7c,0x00,0x3e,0x3f,0x01,0xfc,0x1f,0xff,0xf8,0x0f,
    0xff,0xe0,0x01,0xff,0x00,

    /* h */
    0xf8,0x00,0x00,0xf8,0x00,0x00,0xf8,0x00,0x00,0xf8,0x00,0x00,0xf8,0x00,0x00,0xf8,
    0x00,0x00,0xf8,0x00,0x00,0xf8,0x00,0x00,0xf8,0x00,0x00,0xf8,0x00,0x00,0xf8,0x00,
    0x00,0xf8,0x3f,0x00,0xf8,0xff,0xc0,0xf9,0xff,0xe0,0xfb,0xff,0xf0,0xff,0x83,0xf0,
    0xfe,0x00,0xf8,0xfc,0x00,0xf8,0xf8,0x00,0xf8,0xf8,0x00,0x78,0xf8,0x00,0x78,0xf8,
    0x00,0x78,0xf8,0x00,0x78,0xf8,0x00,0x78,0xf8,0x00,0x78,0xf8,0x00,0x78,0xf8,0x00,
    0x78,0xf8,0x00,0x78,0xf8,0x00,0x78,0xf8,0x00,0x78,0xf8,0x00,0x78,0xf8,0x00,0x78,
    0xf8,0x00,0x78,0xf8,0x00,0x78,0xf8,0x00,0x78,0xf8,0x00,0x78,0xf8,0x00,0x78,0xf8,
    0x00,0x78,

    /* i */
    0x70,0xf8,0xf8,0xf8,0xf8,0x70,0x00,0x00,0x00,0x00,0x00,0xf8,0xf8,0xf8,0xf8,0xf8,
    0xf8,0xf8,0xf8,0xf8,0xf8,0xf8,0xf8,0xf8,0xf8,0xf8,0xf8,0xf8,0xf8,0xf8,0xf8,0xf8,
    0xf8,0xf8,0xf8,0xf8,0xf8,

    /* j */
    0x01,0xc0,0x03,0xe0,0x03,0xe0,0x03,0xe0,0x03,0xe0,0x01,0xc0,0x00,0x00,0x00,0x00,
    0x00,0x00,0x00,0x00,0x00,0x00,0x03,0xe0,0x03,0xe0,0x03,0xe0,0x03,0xe0,0x03,0xe0,
    0x03,0xe0,0x03,0xe0,0x03,0xe0,0x03,0xe0,0x03,0xe0,0x03,0xe0,0x03,0xe0,0x03,0xe0,
    0x03,0xe0,0x03,0xe0,0x03,0xe0,0x03,0xe0,0x03,0xe0,0x03,0xe0,0x03,0xe0,0x03,0xe0,
    0x03,0xe0,0x03,0xe0,0x03,0xe0,0x03,0xe0,0x03,0xe0,0x03,0xe0,0x03,0xe0,0x03,0xe0,
    0x03,0xe0,0x03,0xe0,0x03,0xe0,0x03,0xc0,0x07,0xc0,0x7f,0xc0,0xff,0x80,0xff,0x00,
    0x7e,0x00,

    /* k */
    0xf8,0x00,0x00,0xf8,0x00,0x00,0xf8,0x00,0x00,0xf8,0x00,0x00,0xf8,0x00,0x00,0xf8,
    0x00,0x00,0xf8,0x00,0x00,0xf8,0x00,0x00,0xf8,0x00,0x00,0xf8,0x00,0x00,0xf8,0x00,
    0x00,0xf8,0x00,0x00,0xf8,0x00,0xf0,0xf8,0x01,0xf0,0xf8,0x03,0xe0,0xf8,0x07,0xc0,
    0xf8,0x0f,0x80,0xf8,0x0f,0x00,0xf8,0x1e,0x00,0xf8,0x3e,0x00,0xf8,0x7c,0x00,0xf8,
    0xf8,0x00,0xf9,0xf0,0x00,0xf9,0xf8,0x00,0xfb,0xf8,0x00,0xff,0xfc,0x00,0xff,0xbe,
    0x00,0xff,0x1e,0x00,0xfe,0x1f,0x00,0xfc,0x0f,0x80,0xf8,0x07,0x80,0xf8,0x07,0xc0,
    0xf8,0x03,0xe0,0xf8,0x01,0xe0,0xf8,0x01,0xf0,0xf8,0x00,0xf0,0xf8,0x00,0xf8,0xf8,
    0x00,0x7c,

    /* l */
    0x78,0xf8,0xf8,0xf8,0xf8,0xf8,0xf8,0xf8,0xf8,0xf8,0xf8,0xf8,0xf8,0xf8,0xf8,0xf8,
    0xf8,0xf8,0xf8,0xf8,0xf8,0xf8,0xf8,0xf8,0xf8,0xf8,0xf8,0xf8,0xf8,0xf8,0xf8,0xf8,
    0xf8,0xf8,0x78,0x7e,0x7e,0x3e,0x1e,

    /* m */
    0x00,0x3f,0x00,0x3e,0x00,0xf0,0xff,0x80,0xff,0x80,0xf1,0xff,0xc1,0xff,0xc0,0xf3,
    0xff,0xe7,0xff,0xe0,0xff,0x83,0xff,0x83,0xe0,0xfe,0x01,0xfe,0x01,0xf0,0xfc,0x01,
    0xfc,0x01,0xf0,0xf8,0x00,0xf8,0x00,0xf0,0xf8,0x00,0xf8,0x00,0xf0,0xf8,0x00,0xf8,
    0x00,0xf0,0xf8,0x00,0xf8,0x00,0xf0,0xf8,0x00,0xf8,0x00,0xf0,0xf8,0x00,0xf8,0x00,
    0xf0,0xf8,0x00,0xf8,0x00,0xf0,0xf8,0x00,0xf8,0x00,0xf0,0xf8,0x00,0xf8,0x00,0xf0,
    0xf8,0x00,0xf8,0x00,0xf0,0xf8,0x00,0xf8,0x00,0xf0,0xf8,0x00,0xf8,0x00,0xf0,0xf8,
    0x00,0xf8,0x00,0xf0,0xf8,0x00,0xf8,0x00,0xf0,0xf8,0x00,0xf8,0x00,0xf0,0xf8,0x00,
    0xf8,0x00,0xf0,0xf8,0x00,0xf8,0x00,0xf0,0xf8,0x00,0xf8,0x00,0xf0,0xf8,0x00,0xf8,
    0x00,0xf0,0xf8,0x00,0xf8,0x00,0xf0,

    /* n */
    0x00,0x3f,0x00,0xf0,0xff,0xc0,0xf1,0xff,0xe0,0xf3,0xff,0xf0,0xff,0x83,0xf0,0xfe,
    0x00,0xf8,0xfc,0x00,0xf8,0xf8,0x00,0xf8,0xf8,0x00,0x78,0xf8,0x00,0x78,0xf8,0x00,
    0x78,0xf8,0x00,0x78,0xf8,0x00,0x78,0xf8,0x00,0x78,0xf8,0x00,0x78,0xf8,0x00,0x78,
    0xf8,0x00,0x78,0xf8,0x00,0x78,0xf8,0x00,0x78,0xf8,0x00,0x78,0xf8,0x00,0x78,0xf8,
    0x00,0x78,0xf8,0x00,0x78,0xf8,0x00,0x78,0xf8,0x00,0x78,0xf8,0x00,0x78,0xf8,0x00,
    0x78,

    /* o */
    0x00,0x7f,0x00,0x00,0x01,0xff,0xc0,0x00,0x07,0xff,0xf0,0x00,0x0f,0xff,0xf8,0x00,
    0x1f,0x80,0xfc,0x00,0x1f,0x00,0x7c,0x00,0x3e,0x00,0x3e,0x00,0x3e,0x00,0x1e,0x00,
    0x7c,0x00,0x1f,0x00,0x7c,0x00,0x1f,0x00,0x78,0x00,0x0f,0x00,0x78,0x00,0x0f,0x00,
    0x78,0x00,0x0f,0x80,0xf8,0x00,0x0f,0x80,0xf8,0x00,0x0f,0x80,0x78,0x00,0x0f,0x80,
    0x78,0x00,0x0f,0x00,0x78,0x00,0x0f,0x00,0x7c,0x00,0x1f,0x00,0x7c,0x00,0x1f,0x00,
    0x3c,0x00,0x1e,0x00,0x3e,0x00,0x3e,0x00,0x1f,0x00,0x7c,0x00,0x1f,0x80,0xfc,0x00,
    0x0f,0xff,0xf8,0x00,0x07,0xff,0xf0,0x00,0x01,0xff,0xc0,0x00,0x00,0x7f,0x00,0x00,

    /* p */
    0x00,0x3f,0x00,0xf0,0xff,0xc0,0xf3,0xff,0xe0,0xff,0xff,0xf0,0xff,0x81,0xf8,0xfe,
    0x00,0xfc,0xfc,0x00,0x7c,0xf8,0x00,0x3c,0xf8,0x00,0x3e,0xf8,0x00,0x3e,0xf8,0x00,
    0x3e,0xf8,0x00,0x3e,0xf8,0x00,0x1e,0xf8,0x00,0x1e,0xf8,0x00,0x1e,0xf8,0x00,0x1e,
    0xf8,0x00,0x3e,0xf8,0x00,0x3e,0xf8,0x00,0x3e,0xf8,0x00,0x3c,0xf8,0x00,0x7c,0xf8,
    0x00,0x7c,0xfc,0x00,0xf8,0xff,0x03,0xf0,0xff,0xff,0xf0,0xff,0xff,0xc0,0xf9,0xff,
    0x80,0xf8,0x7e,0x00,0xf8,0x00,0x00,0xf8,0x00,0x00,0xf8,0x00,0x00,0xf8,0x00,0x00,
    0xf8,0x00,0x00,0xf8,0x00,0x00,0xf8,0x00,0x00,0xf8,0x00,0x00,0xf8,0x00,0x00,0xf8,
    0x00,0x00,

    /* q */
    0x00,0xfc,0x00,0x03,0xff,0x1c,0x0f,0xff,0x9c,0x1f,0xff,0xfc,0x3f,0x81,0xfc,0x3e,
    0x00,0x7c,0x7c,0x00,0x3c,0x7c,0x00,0x3c,0xf8,0x00,0x3c,0xf8,0x00,0x3c,0xf0,0x00,
    0x3c,0xf0,0x00,0x3c,0xf0,0x00,0x3c,0xf0,0x00,0x3c,0xf0,0x00,0x3c,0xf0,0x00,0x3c,
    0xf0,0x00,0x3c,0xf0,0x00,0x3c,0xf8,0x00,0x3c,0xf8,0x00,0x3c,0xf8,0x00,0x3c,0x7c,
    0x00,0x7c,0x7e,0x00,0xfc,0x3f,0x03,0xfc,0x1f,0xff,0xfc,0x0f,0xff,0xbc,0x07,0xfe,
    0x3c,0x01,0xf8,0x3c,0x00,0x00,0x3c,0x00,0x00,0x3c,0x00,0x00,0x3c,0x00,0x00,0x3c,
    0x00,0x00,0x3c,0x00,0x00,0x3c,0x00,0x00,0x3c,0x00,0x00,0x3c,0x00,0x00,0x3c,0x00,
    0x00,0x3c,

    /* r */
    0x00,0x3c,0xf0,0xfe,0xf1,0xfc,0xf3,0xfc,0xf7,0x80,0xff,0x00,0xfe,0x00,0xfc,0x00,
    0xf8,0x00,0xf8,0x00,0xf8,0x00,0xf8,0x00,0xf8,0x00,0xf8,0x00,0xf8,0x00,0xf8,0x00,
    0xf8,0x00,0xf8,0x00,0xf8,0x00,0xf8,0x00,0xf8,0x00,0xf8,0x00,0xf8,0x00,0xf8,0x00,
    0xf8,0x00,0xf8,0x00,0xf8,0x00,

    /* s */
    0x03,0xf8,0x00,0x0f,0xff,0x00,0x1f,0xff,0x80,0x3f,0xff,0xc0,0x3e,0x03,0x80,0x7c,
    0x01,0x00,0x78,0x00,0x00,0x78,0x00,0x00,0x78,0x00,0x00,0x7c,0x00,0x00,0x3e,0x00,
    0x00,0x3f,0xc0,0x00,0x1f,0xf0,0x00,0x07,0xfc,0x00,0x01,0xff,0x00,0x00,0x7f,0x80,
    0x00,0x1f,0xc0,0x00,0x07,0xc0,0x00,0x03,0xe0,0x00,0x03,0xe0,0x00,0x03,0xe0,0x00,
    0x03,0xe0,0x60,0x03,0xc0,0xf8,0x07,0xc0,0xff,0x3f,0x80,0x7f,0xff,0x00,0x1f,0xfe,
    0x00,0x03,0xf8,0x00,

    /* t */
    0x07,0x80,0x07,0x80,0x07,0x80,0x07,0x80,0x07,0x80,0x0f,0x80,0x0f,0x80,0xff,0xff,
    0xff,0xff,0xff,0xff,0x7f,0xfe,0x0f,0x80,0x0f,0x80,0x0f,0x80,0x0f,0x80,0x0f,0x80,
    0x0f,0x80,0x0f,0x80,0x0f,0x80,0x0f,0x80,0x0f,0x80,0x0f,0x80,0x0f,0x80,0x0f,0x80,
    0x0f,0x80,0x0f,0x80,0x0f,0x80,0x0f,0x80,0x07,0x80,0x07,0xc0,0x07,0xff,0x03,0xff,
    0x01,0xff,0x00,0x7e,

    /* u */
    0xf0,0x00,0xf8,0xf0,0x00,0xf8,0xf0,0x00,0xf8,0xf0,0x00,0xf8,0xf0,0x00,0xf8,0xf0,
    0x00,0xf8,0xf0,0x00,0xf8,0xf0,0x00,0xf8,0xf0,0x00,0xf8,0xf0,0x00,0xf8,0xf0,0x00,
    0xf8,0xf0,0x00,0xf8,0xf0,0x00,0xf8,0xf0,0x00,0xf8,0xf0,0x00,0xf8,0xf0,0x00,0xf8,
    0xf0,0x00,0xf8,0xf0,0x00,0xf8,0xf8,0x00,0xf8,0xf8,0x00,0xf8,0xf8,0x01,0xf8,0x7c,
    0x03,0xf8,0x7e,0x0f,0xf8,0x7f,0xfe,0x78,0x3f,0xfc,0x78,0x1f,0xf8,0x78,0x07,0xe0,
    0x00,

    /* v */
    0xf0,0x00,0x1e,0xf8,0x00,0x1e,0x78,0x00,0x3c,0x78,0x00,0x3c,0x7c,0x00,0x3c,0x3c,
    0x00,0x78,0x3c,0x00,0x78,0x3e,0x00,0x78,0x1e,0x00,0xf0,0x1e,0x00,0xf0,0x1f,0x00,
    0xf0,0x0f,0x01,0xe0,0x0f,0x01,0xe0,0x0f,0x81,0xe0,0x07,0x83,0xc0,0x07,0x83,0xc0,
    0x03,0xc3,0x80,0x03,0xc7,0x80,0x03,0xc7,0x80,0x01,0xe7,0x00,0x01,0xef,0x00,0x01,
    0xef,0x00,0x00,0xfe,0x00,0x00,0xfe,0x00,0x00,0xfe,0x00,0x00,0x7c,0x00,

    /* w */
    0xf8,0x00,0xf8,0x00,0xf0,0x78,0x00,0xf8,0x00,0xf0,0x78,0x00,0xf8,0x01,0xf0,0x7c,
    0x01,0xf8,0x01,0xe0,0x3c,0x01,0xfc,0x01,0xe0,0x3c,0x01,0xdc,0x01,0xe0,0x3c,0x03,
    0xdc,0x03,0xc0,0x3e,0x03,0x9e,0x03,0xc0,0x1e,0x03,0x9e,0x03,0xc0,0x1e,0x03,0x8e,
    0x03,0xc0,0x1e,0x07,0x8e,0x07,0x80,0x1f,0x07,0x0f,0x07,0x80,0x0f,0x07,0x0f,0x07,
    0x80,0x0f,0x07,0x07,0x07,0x80,0x0f,0x0f,0x07,0x0f,0x00,0x07,0x8e,0x07,0x8f,0x00,
    0x07,0x8e,0x07,0x8f,0x00,0x07,0x8e,0x03,0x8e,0x00,0x07,0x9e,0x03,0x9e,0x00,0x03,
    0xdc,0x03,0xde,0x00,0x03,0xdc,0x03,0xde,0x00,0x03,0xdc,0x01,0xdc,0x00,0x01,0xfc,
    0x01,0xfc,0x00,0x01,0xf8,0x01,0xfc,0x00,0x01,0xf8,0x01,0xfc,0x00,0x01,0xf8,0x00,
    0xf8,0x00,

    /* x */
    0x78,0x00,0x78,0x7c,0x00,0xf8,0x3e,0x00,0xf0,0x1e,0x01,0xe0,0x1f,0x03,0xe0,0x0f,
    0x03,0xc0,0x07,0x87,0xc0,0x07,0xc7,0x80,0x03,0xcf,0x00,0x03,0xef,0x00,0x01,0xfe,
    0x00,0x00,0xfc,0x00,0x00,0xfc,0x00,0x00,0xfc,0x00,0x01,0xfe,0x00,0x03,0xfe,0x00,
    0x03,0xdf,0x00,0x07,0x8f,0x80,0x0f,0x87,0x80,0x0f,0x07,0xc0,0x1e,0x03,0xe0,0x1e,
    0x01,0xe0,0x3c,0x01,0xf0,0x7c,0x00,0xf8,0x78,0x00,0xf8,0xf8,0x00,0x7c,

    /* y */
    0xf0,0x00,0x1e,0xf8,0x00,0x1e,0x78,0x00,0x3c,0x78,0x00,0x3c,0x7c,0x00,0x3c,0x3c,
    0x00,0x78,0x3e,0x00,0x78,0x1e,0x00,0x78,0x1e,0x00,0xf0,0x1f,0x00,0xf0,0x0f,0x00,
    0xf0,0x0f,0x01,0xe0,0x07,0x81,0xe0,0x07,0x81,0xe0,0x07,0xc3,0xc0,0x03,0xc3,0xc0,
    0x03,0xc3,0xc0,0x01,0xe7,0x80,0x01,0xe7,0x80,0x01,0xe7,0x80,0x00,0xf7,0x00,0x00,
    0xff,0x00,0x00,0x7e,0x00,0x00,0x7e,0x00,0x00,0x3e,0x00,0x00,0x3c,0x00,0x00,0x3c,
    0x00,0x00,0x3c,0x00,0x00,0x78,0x00,0x00,0x78,0x00,0x00,0xf0,0x00,0x01,0xf0,0x00,
    0x03,0xe0,0x00,0x3f,0xe0,0x00,0x7f,0xc0,0x00,0x7f,0x80,0x00,0x7e,0x00,0x00,

    /* z */
    0x7f,0xff,0xe0,0x7f,0xff,0xe0,0x7f,0xff,0xe0,0x3f,0xff,0xc0,0x00,0x07,0x80,0x00,
    0x0f,0x80,0x00,0x1f,0x00,0x00,0x1e,0x00,0x00,0x3e,0x00,0x00,0x7c,0x00,0x00,0x78,
    0x00,0x00,0xf8,0x00,0x01,0xf0,0x00,0x01,0xe0,0x00,0x03,0xe0,0x00,0x07,0xc0,0x00,
    0x07,0x80,0x00,0x0f,0x80,0x00,0x1f,0x00,0x00,0x1e,0x00,0x00,0x3e,0x00,0x00,0x7c,
    0x00,0x00,0xff,0xff,0xe0,0xff,0xff,0xe0,0xff,0xff,0xe0,0xff,0xff,0xe0,

    /* { */
    0x01,0xf8,0x03,0xf8,0x07,0xe0,0x0f,0x80,0x0f,0x00,0x0f,0x00,0x0f,0x00,0x0f,0x00,
    0x0f,0x00,0x0f,0x00,0x0f,0x00,0x0f,0x00,0x0f,0x00,0x0f,0x00,0x0f,0x00,0x0f,0x00,
    0x0f,0x00,0x0f,0x00,0x0f,0x00,0x0f,0x00,0x0e,0x00,0x3e,0x00,0xfc,0x00,0xf8,0x00,
    0xfc,0x00,0x1e,0x00,0x0e,0x00,0x0f,0x00,0x0f,0x00,0x0f,0x00,0x0f,0x00,0x0f,0x00,
    0x0f,0x00,0x0f,0x00,0x0f,0x00,0x0f,0x00,0x0f,0x00,0x0f,0x00,0x0f,0x00,0x0f,0x00,
    0x0f,0x00,0x0f,0x00,0x0f,0x00,0x07,0xe0,0x03,0xf8,0x01,0xf8,

    /* | */
    0xe0,0xe0,0xe0,0xe0,0xe0,0xe0,0xe0,0xe0,0xe0,0xe0,0xe0,0xe0,0xe0,0xe0,0xe0,0xe0,
    0xe0,0xe0,0xe0,0xe0,0xe0,0xe0,0xe0,0xe0,0xe0,0xe0,0xe0,0xe0,0xe0,0xe0,0xe0,0xe0,
    0xe0,0xe0,0xe0,0xe0,0xe0,0xe0,0xe0,0xe0,0xe0,0xe0,0xe0,0xe0,0xe0,0xe0,0xe0,0xe0,
    0xe0,0xe0,0xe0,0xe0,0xe0,0xe0,

    /* } */
    0xf8,0x00,0xfe,0x00,0x7e,0x00,0x0f,0x00,0x0f,0x00,0x07,0x00,0x07,0x00,0x07,0x00,
    0x07,0x00,0x07,0x00,0x07,0x00,0x07,0x00,0x07,0x00,0x07,0x00,0x0f,0x00,0x0f,0x00,
    0x0f,0x00,0x0f,0x00,0x07,0x00,0x07,0x00,0x07,0x80,0x07,0xc0,0x03,0xf0,0x01,0xf0,
    0x03,0xf0,0x07,0xc0,0x07,0x80,0x07,0x00,0x0f,0x00,0x0f,0x00,0x0f,0x00,0x0f,0x00,
    0x07,0x00,0x07,0x00,0x07,0x00,0x07,0x00,0x07,0x00,0x07,0x00,0x07,0x00,0x07,0x00,
    0x07,0x00,0x0f,0x00,0x0f,0x00,0x7e,0x00,0xfe,0x00,0xf8,0x00,

    /* ~ */
    0x0f,0xc0,0x00,0x3f,0xe0,0x08,0x7f,0xf8,0x1c,0x78,0xfc,0x3c,0xe0,0x3f,0xf8,0x20,
    0x1f,0xf0,0x00,0x07,0xe0,

    /* U+4E2D */
    0x00,0x00,0x78,0x00,0x00,0x00,0x00,0x78,0x00,0x00,0x00,0x00,0x78,0x00,0x00,0x00,
    0x00,0x78,0x00,0x00,0x00,0x00,0x78,0x00,0x00,0x00,0x00,0x78,0x00,0x00,0x00,0x00,
    0x78,0x00,0x00,0x00,0x00,0x78,0x00,0x00,0x00,0x00,0x78,0x00,0x00,0xff,0xff,0xff,
    0xff,0xfc,0xff,0xff,0xff,0xff,0xfc,0xff,0xff,0xff,0xff,0xfc,0xe0,0x00,0x78,0x00,
    0x1c,0xe0,0x00,0x78,0x00,0x1c,0xe0,0x00,0x78,0x00,0x1c,0xe0,0x00,0x78,0x00,0x1c,
    0xe0,0x00,0x78,0x00,0x1c,0xe0,0x00,0x78,0x00,0x1c,0xe0,0x00,0x78,0x00,0x1c,0xe0,
    0x00,0x78,0x00,0x1c,0xe0,0x00,0x78,0x00,0x1c,0xe0,0x00,0x78,0x00,0x1c,0xe0,0x00,
    0x78,0x00,0x1c,0xe0,0x00,0x78,0x00,0x1c,0xe0,0x00,0x78,0x00,0x1c,0xff,0xff,0xff,
    0xff,0xfc,0xff,0xff,0xff,0xff,0xfc,0xff,0xff,0xff,0xff,0xfc,0xff,0xff,0xff,0xff,
    0xfc,0xe0,0x00,0x78,0x00,0x1c,0xe0,0x00,0x78,0x00,0x1c,0xe0,0x00,0x78,0x00,0x00,
    0x00,0x00,0x78,0x00,0x00,0x00,0x00,0x78,0x00,0x00,0x00,0x00,0x78,0x00,0x00,0x00,
    0x00,0x78,0x00,0x00,0x00,0x00,0x78,0x00,0x00,0x00,0x00,0x78,0x00,0x00,0x00,0x00,
    0x78,0x00,0x00,0x00,0x00,0x78,0x00,0x00,0x00,0x00,0x78,0x00,0x00,0x00,0x00,0x78,
    0x00,0x00,0x00,0x00,0x78,0x00,0x00,0x00,0x00,0x78,0x00,0x00,

    /* U+4E32 */
    0x00,0x00,0x78,0x00,0x00,0x00,0x00,0x78,0x00,0x00,0x00,0x00,0x78,0x00,0x00,0x00,
    0x00,0x78,0x00,0x00,0x00,0x00,0x78,0x00,0x00,0x3f,0xff,0xff,0xff,0xf0,0x3f,0xff,
    0xff,0xff,0xf0,0x3f,0xff,0xff,0xff,0xf0,0x3c,0x00,0x78,0x00,0xf0,0x3c,0x00,0x78,
    0x00,0xf0,0x3c,0x00,0x78,0x00,0xf0,0x3c,0x00,0x78,0x00,0xf0,0x3c,0x00,0x78,0x00,
    0xf0,0x3c,0x00,0x78,0x00,0xf0,0x3c,0x00,0x78,0x00,0xf0,0x3f,0xff,0xff,0xff,0xf0,
    0x3f,0xff,0xff,0xff,0xf0,0x3f,0xff,0xff,0xff,0xf0,0x00,0x00,0x78,0x00,0x00,0x00,
    0x00,0x78,0x00,0x00,0x00,0x00,0x78,0x00,0x00,0x00,0x00,0x78,0x00,0x00,0x00,0x00,
    0x78,0x00,0x00,0xff,0xff,0xff,0xff,0xfc,0xff,0xff,0xff,0xff,0xfc,0xff,0xff,0xff,
    0xff,0xfc,0xf0,0x00,0x78,0x00,0x3c,0xf0,0x00,0x78,0x00,0x3c,0xf0,0x00,0x78,0x00,
    0x3c,0xf0,0x00,0x78,0x00,0x3c,0xf0,0x00,0x78,0x00,0x3c,0xf0,0x00,0x78,0x00,0x3c,
    0xf0,0x00,0x78,0x00,0x3c,0xff,0xff,0xff,0xff,0xfc,0xff,0xff,0xff,0xff,0xfc,0xff,
    0xff,0xff,0xff,0xfc,0xf0,0x00,0x78,0x00,0x3c,0xf0,0x00,0x78,0x00,0x3c,0x00,0x00,
    0x78,0x00,0x00,0x00,0x00,0x78,0x00,0x00,0x00,0x00,0x78,0x00,0x00,0x00,0x00,0x78,
    0x00,0x00,0x00,0x00,0x78,0x00,0x00,0x00,0x00,0x78,0x00,0x00,

    /* U+4E8E */
    0x1f,0xff,0xff,0xff,0xfe,0x00,0x1f,0xff,0xff,0xff,0xfe,0x00,0x1f,0xff,0xff,0xff,
    0xfe,0x00,0x0f,0xff,0xff,0xff,0xfc,0x00,0x00,0x00,0x0e,0x00,0x00,0x00,0x00,0x00,
    0x0e,0x00,0x00,0x00,0x00,0x00,0x0e,0x00,0x00,0x00,0x00,0x00,0x0e,0x00,0x00,0x00,
    0x00,0x00,0x0e,0x00,0x00,0x00,0x00,0x00,0x0e,0x00,0x00,0x00,0x00,0x00,0x0e,0x00,
    0x00,0x00,0x00,0x00,0x0e,0x00,0x00,0x00,0x00,0x00,0x0e,0x00,0x00,0x00,0x00,0x00,
    0x0e,0x00,0x00,0x00,0x00,0x00,0x0e,0x00,0x00,0x00,0x00,0x00,0x0e,0x00,0x00,0x00,
    0xff,0xff,0xff,0xff,0xff,0xc0,0xff,0xff,0xff,0xff,0xff,0xc0,0xff,0xff,0xff,0xff,
    0xff,0xc0,0xff,0xff,0xff,0xff,0xff,0xc0,0x00,0x00,0x0e,0x00,0x00,0x00,0x00,0x00,
    0x0e,0x00,0x00,0x00,0x00,0x00,0x0e,0x00,0x00,0x00,0x00,0x00,0x0e,0x00,0x00,0x00,
    0x00,0x00,0x0e,0x00,0x00,0x00,0x00,0x00,0x0e,0x00,0x00,0x00,0x00,0x00,0x0e,0x00,
    0x00,0x00,0x00,0x00,0x0e,0x00,0x00,0x00,0x00,0x00,0x0e,0x00,0x00,0x00,0x00,0x00,
    0x0e,0x00,0x00,0x00,0x00,0x00,0x0e,0x00,0x00,0x00,0x00,0x00,0x0e,0x00,0x00,0x00,
    0x00,0x00,0x0e,0x00,0x00,0x00,0x00,0x00,0x0e,0x00,0x00,0x00,0x00,0x00,0x0e,0x00,
    0x00,0x00,0x00,0x00,0x0e,0x00,0x00,0x00,0x00,0x00,0x1e,0x00,0x00,0x00,0x00,0x3f,
    0xfe,0x00,0x00,0x00,0x00,0x3f,0xfe,0x00,0x00,0x00,0x00,0x1f,0xfc,0x00,0x00,0x00,
    0x00,0x1f,0xf0,0x00,0x00,0x00,

    /* U+4EAE */
    0x00,0x00,0x08,0x00,0x00,0x00,0x00,0x00,0x3c,0x00,0x00,0x00,0x00,0x00,0x1e,0x00,
    0x00,0x00,0x00,0x00,0x1e,0x00,0x00,0x00,0x00,0x00,0x0f,0x00,0x00,0x00,0xff,0xff,
    0xff,0xff,0xff,0xc0,0xff,0xff,0xff,0xff,0xff,0xc0,0xff,0xff,0xff,0xff,0xff,0xc0,
    0x00,0x00,0x00,0x00,0x00,0x00,0x00,0x00,0x00,0x00,0x00,0x00,0x00,0x00,0x00,0x00,
    0x00,0x00,0x01,0xff,0xff,0xff,0xf0,0x00,0x01,0xff,0xff,0xff,0xf0,0x00,0x01,0xff,
    0xff,0xff,0xf0,0x00,0x01,0xc0,0x00,0x00,0xf0,0x00,0x01,0xc0,0x00,0x00,0xf0,0x00,
    0x01,0xc0,0x00,0x00,0xf0,0x00,0x01,0xc0,0x00,0x00,0xf0,0x00,0x01,0xff,0xff,0xff,
    0xf0,0x00,0x01,0xff,0xff,0xff,0xf0,0x00,0x01,0xff,0xff,0xff,0xe0,0x00,0x00,0x00,
    0x00,0x00,0x00,0x00,0x00,0x00,0x00,0x00,0x00,0x00,0x00,0x00,0x00,0x00,0x00,0x00,
    0x7f,0xff,0xff,0xff,0xff,0x80,0x7f,0xff,0xff,0xff,0xff,0x80,0x7f,0xff,0xff,0xff,
    0xff,0x80,0x70,0x00,0x00,0x00,0x03,0x80,0x70,0x00,0x00,0x00,0x03,0x80,0x70,0x00,
    0x00,0x00,0x03,0x80,0x70,0x0f,0xff,0xfc,0x03,0x80,0x70,0x0f,0xff,0xfc,0x03,0x80,
    0x00,0x1f,0xff,0xfc,0x00,0x00,0x00,0x1e,0x00,0x1c,0x00,0x00,0x00,0x1e,0x00,0x1c,
    0x00,0x00,0x00,0x1e,0x00,0x1c,0x00,0x00,0x00,0x3c,0x00,0x1c,0x00,0x00,0x00,0x3c,
    0x00,0x1c,0x03,0xc0,0x00,0x78,0x00,0x1c,0x03,0xc0,0x00,0xf8,0x00,0x1c,0x03,0xc0,
    0x03,0xf0,0x00,0x1c,0x03,0x80,0x3f,0xe0,0x00,0x1f,0xff,0x80,0xff,0x80,0x00,0x1f,
    0xff,0x80,0x7e,0x00,0x00,0x0f,0xff,0x00,0x30,0x00,0x00,0x00,0x00,0x00,

    /* U+4EE4 */
    0x00,0x00,0x03,0x00,0x00,0x00,0x00,0x00,0x07,0x80,0x00,0x00,0x00,0x00,0x0f,0x80,
    0x00,0x00,0x00,0x00,0x1f,0x80,0x00,0x00,0x00,0x00,0x3f,0xc0,0x00,0x00,0x00,0x00,
    0x7f,0xe0,0x00,0x00,0x00,0x00,0xf9,0xf0,0x00,0x00,0x00,0x01,0xf0,0xfc,0x00,0x00,
    0x00,0x07,0xe0,0x3e,0x00,0x00,0x00,0x0f,0xc0,0x1f,0x00,0x00,0x00,0x1f,0x80,0x0f,
    0xc0,0x00,0x00,0x7e,0x10,0x07,0xe0,0x00,0x00,0xfc,0x38,0x03,0xf8,0x00,0x03,0xf8,
    0x3c,0x00,0xfe,0x00,0x0f,0xe0,0x1e,0x00,0x7f,0x80,0x3f,0xc0,0x0f,0x80,0x1f,0xe0,
    0xff,0x00,0x07,0xc0,0x0f,0xf0,0x7c,0x00,0x03,0xc0,0x03,0xe0,0x30,0x00,0x01,0xe0,
    0x00,0xe0,0x00,0x00,0x01,0xc0,0x00,0x00,0x00,0x00,0x00,0x80,0x00,0x00,0x00,0x00,
    0x00,0x00,0x00,0x00,0x03,0xff,0xff,0xff,0xf8,0x00,0x03,0xff,0xff,0xff,0xfe,0x00,
    0x03,0xff,0xff,0xff,0xfc,0x00,0x00,0x00,0x00,0x01,0xf8,0x00,0x00,0x00,0x00,0x01,
    0xf0,0x00,0x00,0x00,0x00,0x03,0xe0,0x00,0x00,0x00,0x00,0x07,0xc0,0x00,0x00,0x00,
    0x00,0x0f,0x80,0x00,0x00,0x00,0x00,0x1f,0x00,0x00,0x00,0x03,0x80,0x3e,0x00,0x00,
    0x00,0x07,0xe0,0x7c,0x00,0x00,0x00,0x07,0xf0,0xf8,0x00,0x00,0x00,0x01,0xfd,0xf0,
    0x00,0x00,0x00,0x00,0xff,0xe0,0x00,0x00,0x00,0x00,0x3f,0xc0,0x00,0x00,0x00,0x00,
    0x1f,0xc0,0x00,0x00,0x00,0x00,0x07,0xe0,0x00,0x00,0x00,0x00,0x03,0xf0,0x00,0x00,
    0x00,0x00,0x01,0xfc,0x00,0x00,0x00,0x00,0x00,0x7e,0x00,0x00,0x00,0x00,0x00,0x3c,
    0x00,0x00,0x00,0x00,0x00,0x18,0x00,0x00,

    /* U+4F59 */
    0x00,0x00,0x02,0x00,0x00,0x00,0x00,0x00,0x07,0x00,0x00,0x00,0x00,0x00,0x0f,0x00,
    0x00,0x00,0x00,0x00,0x1f,0x80,0x00,0x00,0x00,0x00,0x3f,0xc0,0x00,0x00,0x00,0x00,
    0x7f,0xe0,0x00,0x00,0x00,0x00,0xf9,0xf0,0x00,0x00,0x00,0x01,0xf0,0xf8,0x00,0x00,
    0x00,0x03,0xe0,0x7c,0x00,0x00,0x00,0x07,0xc0,0x3f,0x00,0x00,0x00,0x1f,0x80,0x1f,
    0x80,0x00,0x00,0x3e,0x00,0x07,0xc0,0x00,0x00,0xfc,0x00,0x03,0xf0,0x00,0x01,0xf8,
    0x00,0x01,0xfc,0x00,0x07,0xe0,0x00,0x00,0x7f,0x00,0x1f,0xc0,0x00,0x00,0x3f,0xc0,
    0x7f,0xbf,0xff,0xff,0xcf,0xf0,0xfe,0x3f,0xff,0xff,0xc3,0xf0,0xf8,0x3f,0xff,0xff,
    0xc0,0xe0,0x60,0x00,0x0f,0x00,0x00,0x00,0x00,0x00,0x0f,0x00,0x00,0x00,0x00,0x00,
    0x0f,0x00,0x00,0x00,0x00,0x00,0x0f,0x00,0x00,0x00,0x00,0x00,0x0f,0x00,0x00,0x00,
    0x00,0x00,0x0f,0x00,0x00,0x00,0x1f,0xff,0xff,0xff,0xff,0xc0,0x1f,0xff,0xff,0xff,
    0xff,0xc0,0x1f,0xff,0xff,0xff,0xff,0xc0,0x00,0x00,0x0f,0x00,0x00,0x00,0x00,0x00,
    0x0f,0x00,0x00,0x00,0x00,0x00,0x0f,0x00,0x00,0x00,0x00,0x00,0x0f,0x00,0x00,0x00,
    0x00,0x3c,0x0f,0x03,0x80,0x00,0x00,0x3c,0x0f,0x07,0xc0,0x00,0x00,0x78,0x0f,0x01,
    0xf0,0x00,0x00,0xf0,0x0f,0x00,0xf8,0x00,0x01,0xe0,0x0f,0x00,0x7c,0x00,0x03,0xc0,
    0x0f,0x00,0x3e,0x00,0x0f,0xc0,0x0f,0x00,0x1f,0x00,0x1f,0x80,0x0f,0x00,0x0f,0x80,
    0x3e,0x00,0x0f,0x00,0x07,0xc0,0x7c,0x00,0x0f,0x00,0x03,0xc0,0x38,0x07,0xff,0x00,
    0x03,0x80,0x00,0x03,0xff,0x00,0x00,0x00,0x00,0x03,0xfc,0x00,0x00,0x00,

    /* U+4F5C */
    0x00,0x1c,0x01,0x00,0x00,0x00,0x00,0x1e,0x01,0xc0,0x00,0x00,0x00,0x1e,0x03,0xc0,
    0x00,0x00,0x00,0x3c,0x03,0xc0,0x00,0x00,0x00,0x3c,0x03,0x80,0x00,0x00,0x00,0x78,
    0x07,0x80,0x00,0x00,0x00,0x78,0x07,0x80,0x00,0x00,0x00,0xf0,0x0f,0x00,0x00,0x00,
    0x00,0xf0,0x0f,0xff,0xff,0xf0,0x01,0xe0,0x1f,0xff,0xff,0xf0,0x01,0xe0,0x1f,0xff,
    0xff,0xf0,0x03,0xc0,0x3c,0x7c,0x00,0x00,0x07,0xc0,0x7c,0x38,0x00,0x00,0x07,0xc0,
    0x78,0x38,0x00,0x00,0x0f,0xc0,0xf0,0x38,0x00,0x00,0x1f,0xc1,0xf0,0x38,0x00,0x00,
    0x3f,0xc1,0xe0,0x38,0x00,0x00,0x7d,0xc3,0xc0,0x38,0x00,0x00,0xf9,0xc7,0xc0,0x3f,
    0xff,0xe0,0xf9,0xc3,0x80,0x3f,0xff,0xe0,0x71,0xc1,0x00,0x3f,0xff,0xe0,0x61,0xc0,
    0x00,0x38,0x00,0x00,0x01,0xc0,0x00,0x38,0x00,0x00,0x01,0xc0,0x00,0x38,0x00,0x00,
    0x01,0xc0,0x00,0x38,0x00,0x00,0x01,0xc0,0x00,0x38,0x00,0x00,0x01,0xc0,0x00,0x38,
    0x00,0x00,0x01,0xc0,0x00,0x38,0x00,0x00,0x01,0xc0,0x00,0x38,0x00,0x00,0x01,0xc0,
    0x00,0x3f,0xff,0xf0,0x01,0xc0,0x00,0x3f,0xff,0xf0,0x01,0xc0,0x00,0x3f,0xff,0xf0,
    0x01,0xc0,0x00,0x38,0x00,0x00,0x01,0xc0,0x00,0x38,0x00,0x00,0x01,0xc0,0x00,0x38,
    0x00,0x00,0x01,0xc0,0x00,0x38,0x00,0x00,0x01,0xc0,0x00,0x38,0x00,0x00,0x01,0xc0,
    0x00,0x38,0x00,0x00,0x01,0xc0,0x00,0x38,0x00,0x00,0x01,0xc0,0x00,0x38,0x00,0x00,
    0x01,0xc0,0x00,0x38,0x00,0x00,0x01,0xc0,0x00,0x38,0x00,0x00,0x01,0xc0,0x00,0x38,
    0x00,0x00,0x01,0xc0,0x00,0x38,0x00,0x00,

    /* U+4FDD */
    0x00,0x1c,0x00,0x00,0x00,0x00,0x00,0x1c,0x00,0x00,0x00,0x00,0x00,0x3c,0xff,0xff,
    0xff,0x80,0x00,0x3c,0xff,0xff,0xff,0x80,0x00,0x78,0xff,0xff,0xff,0x80,0x00,0x78,
    0xf0,0x00,0x07,0x80,0x00,0xf0,0xf0,0x00,0x07,0x80,0x00,0xf0,0xf0,0x00,0x07,0x80,
    0x01,0xe0,0xf0,0x00,0x07,0x80,0x01,0xe0,0xf0,0x00,0x07,0x80,0x03,0xc0,0xf0,0x00,
    0x07,0x80,0x07,0xc0,0xf0,0x00,0x07,0x80,0x07,0xc0,0xf0,0x00,0x07,0x80,0x0f,0xc0,
    0xf0,0x00,0x07,0x80,0x1f,0xc0,0xff,0xff,0xff,0x80,0x3f,0xc0,0xff,0xff,0xff,0x80,
    0x7f,0xc0,0xff,0xff,0xff,0x80,0x7b,0xc0,0x00,0x1c,0x00,0x00,0xfb,0xc0,0x00,0x1c,
    0x00,0x00,0xf3,0xc0,0x00,0x1c,0x00,0x00,0xe3,0xc0,0x00,0x1c,0x00,0x00,0x43,0xc0,
    0x00,0x1c,0x00,0x00,0x03,0xc0,0x00,0x1c,0x00,0x00,0x03,0xc0,0x00,0x3c,0x00,0x00,
    0x03,0xc7,0xff,0xff,0xff,0xf0,0x03,0xc7,0xff,0xff,0xff,0xf0,0x03,0xc7,0xff,0xff,
    0xff,0xf0,0x03,0xc0,0x00,0xff,0x80,0x00,0x03,0xc0,0x00,0xff,0x80,0x00,0x03,0xc0,
    0x01,0xff,0xc0,0x00,0x03,0xc0,0x03,0xdd,0xe0,0x00,0x03,0xc0,0x07,0x9c,0xf0,0x00,
    0x03,0xc0,0x0f,0x1c,0xf0,0x00,0x03,0xc0,0x1f,0x1c,0x78,0x00,0x03,0xc0,0x3e,0x1c,
    0x3c,0x00,0x03,0xc0,0x7c,0x1c,0x1e,0x00,0x03,0xc0,0xf8,0x1c,0x0f,0x80,0x03,0xc1,
    0xf0,0x1c,0x07,0xc0,0x03,0xc7,0xe0,0x1c,0x03,0xe0,0x03,0xcf,0xc0,0x1c,0x01,0xf8,
    0x03,0xcf,0x00,0x1c,0x00,0xf0,0x03,0xc6,0x00,0x1c,0x00,0x60,0x03,0xc0,0x00,0x1c,
    0x00,0x00,0x03,0xc0,0x00,0x1c,0x00,0x00,

    /* U+4FE1 */
    0x00,0x30,0x00,0x70,0x00,0x00,0x00,0x38,0x00,0xf0,0x00,0x00,0x00,0x78,0x00,0x78,
    0x00,0x00,0x00,0x78,0x00,0x78,0x00,0x00,0x00,0x70,0x00,0x3c,0x00,0x00,0x00,0xf0,
    0x00,0x3c,0x00,0x00,0x00,0xe0,0x00,0x1c,0x00,0x00,0x01,0xe0,0x00,0x00,0x00,0x00,
    0x01,0xe7,0xff,0xff,0xff,0xe0,0x03,0xc7,0xff,0xff,0xff,0xe0,0x03,0xc7,0xff,0xff,
    0xff,0xe0,0x07,0xc0,0x00,0x00,0x00,0x00,0x07,0xc0,0x00,0x00,0x00,0x00,0x0f,0xc0,
    0x00,0x00,0x00,0x00,0x0f,0xc0,0x00,0x00,0x00,0x00,0x1f,0xc0,0xff,0xff,0xff,0x00,
    0x3f,0xc0,0xff,0xff,0xff,0x00,0x7f,0xc0,0xff,0xff,0xff,0x00,0x7b,0xc0,0x00,0x00,
    0x00,0x00,0xf3,0xc0,0x00,0x00,0x00,0x00,0xf3,0xc0,0x00,0x00,0x00,0x00,0x63,0xc0,
    0x00,0x00,0x00,0x00,0x43,0xc0,0xff,0xff,0xff,0x00,0x03,0xc0,0xff,0xff,0xff,0x00,
    0x03,0xc0,0xff,0xff,0xff,0x00,0x03,0xc0,0x00,0x00,0x00,0x00,0x03,0xc0,0x00,0x00,
    0x00,0x00,0x03,0xc0,0x00,0x00,0x00,0x00,0x03,0xc0,0x00,0x00,0x00,0x00,0x03,0xc0,
    0xff,0xff,0xff,0x00,0x03,0xc0,0xff,0xff,0xff,0x00,0x03,0xc0,0xff,0xff,0xff,0x00,
    0x03,0xc0,0xe0,0x00,0x07,0x00,0x03,0xc0,0xe0,0x00,0x07,0x00,0x03,0xc0,0xe0,0x00,
    0x07,0x00,0x03,0xc0,0xe0,0x00,0x07,0x00,0x03,0xc0,0xe0,0x00,0x07,0x00,0x03,0xc0,
    0xe0,0x00,0x07,0x00,0x03,0xc0,0xe0,0x00,0x07,0x00,0x03,0xc0,0xff,0xff,0xff,0x00,
    0x03,0xc0,0xff,0xff,0xff,0x00,0x03,0xc0,0xff,0xff,0xff,0x00,0x03,0xc0,0xe0,0x00,
    0x07,0x00,0x03,0xc0,0xe0,0x00,0x07,0x00,

    /* U+5019 */
    0x00,0x60,0x00,0x00,0x00,0x00,0x00,0x70,0x00,0x00,0x00,0x00,0x00,0xf0,0x0f,0xff,
    0xfe,0x00,0x00,0xf0,0x0f,0xff,0xfe,0x00,0x00,0xe0,0x0f,0xff,0xfe,0x00,0x01,0xe0,
    0x00,0x00,0x0e,0x00,0x01,0xe0,0x00,0x00,0x1e,0x00,0x01,0xc0,0x00,0x00,0x1e,0x00,
    0x03,0xc0,0x00,0x00,0x1c,0x00,0x03,0x80,0x00,0x00,0x1c,0x00,0x07,0x8e,0x00,0x00,
    0x1c,0x00,0x07,0x8e,0x7f,0xff,0xff,0xe0,0x0f,0x0e,0x7f,0xff,0xff,0xe0,0x0f,0x0e,
    0x7f,0xff,0xff,0xe0,0x1f,0x0e,0x01,0x00,0x00,0x00,0x1f,0x0e,0x01,0xc0,0x00,0x00,
    0x3f,0x0e,0x03,0xc0,0x00,0x00,0x7f,0x0e,0x03,0x80,0x00,0x00,0x7f,0x0e,0x03,0x80,
    0x00,0x00,0xf7,0x0e,0x07,0xff,0xff,0xc0,0xf7,0x0e,0x07,0xff,0xff,0xc0,0x67,0x0e,
    0x0f,0xff,0xff,0xc0,0x47,0x0e,0x1e,0x07,0x00,0x00,0x07,0x0e,0x1e,0x07,0x00,0x00,
    0x07,0x0e,0x3c,0x07,0x00,0x00,0x07,0x0e,0x78,0x07,0x00,0x00,0x07,0x0e,0x38,0x07,
    0x00,0x00,0x07,0x0e,0x10,0x07,0x00,0x00,0x07,0x0e,0x00,0x07,0x00,0x00,0x07,0x0e,
    0x7f,0xff,0xff,0xf0,0x07,0x0e,0x7f,0xff,0xff,0xf0,0x07,0x0e,0x7f,0xff,0xff,0xf0,
    0x07,0x0e,0x00,0x0f,0x80,0x00,0x07,0x0e,0x00,0x0f,0x80,0x00,0x07,0x0e,0x00,0x1f,
    0xc0,0x00,0x07,0x00,0x00,0x3f,0xe0,0x00,0x07,0x00,0x00,0x3c,0xe0,0x00,0x07,0x00,
    0x00,0x78,0xf8,0x00,0x07,0x00,0x01,0xf0,0x7c,0x00,0x07,0x00,0x03,0xe0,0x3f,0x00,
    0x07,0x00,0x0f,0xc0,0x1f,0xc0,0x07,0x00,0x7f,0x80,0x0f,0xf0,0x07,0x00,0x7e,0x00,
    0x03,0xe0,0x07,0x00,0x78,0x00,0x00,0xe0,

    /* U+5165 */
    0x00,0x04,0x00,0x00,0x00,0x00,0x00,0x0e,0x00,0x00,0x00,0x00,0x00,0x0f,0x00,0x00,
    0x00,0x00,0x00,0x0f,0x80,0x00,0x00,0x00,0x00,0x07,0xc0,0x00,0x00,0x00,0x00,0x03,
    0xe0,0x00,0x00,0x00,0x00,0x01,0xf0,0x00,0x00,0x00,0x00,0x00,0xf8,0x00,0x00,0x00,
    0x00,0x00,0x7c,0x00,0x00,0x00,0x00,0x00,0x3c,0x00,0x00,0x00,0x00,0x00,0x1e,0x00,
    0x00,0x00,0x00,0x00,0x1f,0x00,0x00,0x00,0x00,0x00,0x3f,0x00,0x00,0x00,0x00,0x00,
    0x3f,0x80,0x00,0x00,0x00,0x00,0x3f,0x80,0x00,0x00,0x00,0x00,0x3f,0xc0,0x00,0x00,
    0x00,0x00,0x7b,0xc0,0x00,0x00,0x00,0x00,0x79,0xe0,0x00,0x00,0x00,0x00,0x79,0xe0,
    0x00,0x00,0x00,0x00,0xf0,0xf0,0x00,0x00,0x00,0x00,0xf0,0xf0,0x00,0x00,0x00,0x01,
    0xf0,0x78,0x00,0x00,0x00,0x01,0xe0,0x78,0x00,0x00,0x00,0x01,0xe0,0x3c,0x00,0x00,
    0x00,0x03,0xc0,0x3c,0x00,0x00,0x00,0x07,0xc0,0x1e,0x00,0x00,0x00,0x07,0x80,0x1f,
    0x00,0x00,0x00,0x0f,0x80,0x0f,0x00,0x00,0x00,0x0f,0x00,0x0f,0x80,0x00,0x00,0x1f,
    0x00,0x07,0xc0,0x00,0x00,0x3e,0x00,0x03,0xc0,0x00,0x00,0x7c,0x00,0x03,0xe0,0x00,
    0x00,0xfc,0x00,0x01,0xf0,0x00,0x01,0xf8,0x00,0x00,0xf8,0x00,0x03,0xf0,0x00,0x00,
    0xfc,0x00,0x07,0xe0,0x00,0x00,0x7e,0x00,0x0f,0xc0,0x00,0x00,0x3f,0x00,0x1f,0x80,
    0x00,0x00,0x1f,0xc0,0x7f,0x00,0x00,0x00,0x0f,0xe0,0xfe,0x00,0x00,0x00,0x07,0xc0,
    0xf8,0x00,0x00,0x00,0x01,0xc0,0x70,0x00,0x00,0x00,0x00,0xc0,

    /* U+5168 */
    0x00,0x00,0x04,0x00,0x00,0x00,0x00,0x00,0x07,0x00,0x00,0x00,0x00,0x00,0x0f,0x00,
    0x00,0x00,0x00,0x00,0x1f,0x00,0x00,0x00,0x00,0x00,0x3f,0x80,0x00,0x00,0x00,0x00,
    0x3f,0xc0,0x00,0x00,0x00,0x00,0x79,0xe0,0x00,0x00,0x00,0x00,0xf0,0xf0,0x00,0x00,
    0x00,0x01,0xf0,0x78,0x00,0x00,0x00,0x03,0xe0,0x3c,0x00,0x00,0x00,0x07,0xc0,0x1f,
    0x00,0x00,0x00,0x1f,0x80,0x0f,0x80,0x00,0x00,0x3f,0x00,0x07,0xc0,0x00,0x00,0x7c,
    0x00,0x03,0xe0,0x00,0x01,0xf8,0x00,0x01,0xf8,0x00,0x03,0xf0,0x00,0x00,0xfc,0x00,
    0x0f,0xe0,0x00,0x00,0x7f,0x00,0x1f,0x80,0x00,0x00,0x1f,0xc0,0x7f,0x00,0x00,0x00,
    0x0f,0xe0,0xfc,0xff,0xff,0xff,0xfb,0xf0,0x78,0xff,0xff,0xff,0xf9,0xf0,0x60,0xff,
    0xff,0xff,0xf8,0x60,0x00,0x00,0x0f,0x00,0x00,0x00,0x00,0x00,0x0f,0x00,0x00,0x00,
    0x00,0x00,0x0f,0x00,0x00,0x00,0x00,0x00,0x0f,0x00,0x00,0x00,0x00,0x00,0x0f,0x00,
    0x00,0x00,0x00,0x00,0x0f,0x00,0x00,0x00,0x00,0x00,0x0f,0x00,0x00,0x00,0x00,0x00,
    0x0f,0x00,0x00,0x00,0x00,0xff,0xff,0xff,0xf8,0x00,0x00,0xff,0xff,0xff,0xf8,0x00,
    0x00,0xff,0xff,0xff,0xf8,0x00,0x00,0x00,0x0f,0x00,0x00,0x00,0x00,0x00,0x0f,0x00,
    0x00,0x00,0x00,0x00,0x0f,0x00,0x00,0x00,0x00,0x00,0x0f,0x00,0x00,0x00,0x00,0x00,
    0x0f,0x00,0x00,0x00,0x00,0x00,0x0f,0x00,0x00,0x00,0x00,0x00,0x0f,0x00,0x00,0x00,
    0x00,0x00,0x0f,0x00,0x00,0x00,0x3f,0xff,0xff,0xff,0xff,0xc0,0x3f,0xff,0xff,0xff,
    0xff,0xc0,0x3f,0xff,0xff,0xff,0xff,0xc0,

    /* U+5173 */
    0x00,0x20,0x00,0x01,0x80,0x00,0x00,0xf0,0x00,0x03,0xe0,0x00,0x00,0xf8,0x00,0x03,
    0xc0,0x00,0x00,0x78,0x00,0x07,0xc0,0x00,0x00,0x3c,0x00,0x07,0x80,0x00,0x00,0x3c,
    0x00,0x0f,0x00,0x00,0x00,0x1e,0x00,0x0f,0x00,0x00,0x00,0x0e,0x00,0x1e,0x00,0x00,
    0x00,0x0e,0x00,0x1e,0x00,0x00,0x00,0x0c,0x00,0x3c,0x00,0x00,0x1f,0xff,0xff,0xff,
    0xfe,0x00,0x1f,0xff,0xff,0xff,0xfe,0x00,0x1f,0xff,0xff,0xff,0xfe,0x00,0x0f,0xff,
    0xff,0xff,0xfe,0x00,0x00,0x00,0x1e,0x00,0x00,0x00,0x00,0x00,0x1e,0x00,0x00,0x00,
    0x00,0x00,0x1e,0x00,0x00,0x00,0x00,0x00,0x1e,0x00,0x00,0x00,0x00,0x00,0x1e,0x00,
    0x00,0x00,0x00,0x00,0x1e,0x00,0x00,0x00,0x00,0x00,0x1e,0x00,0x00,0x00,0x00,0x00,
    0x1e,0x00,0x00,0x00,0x00,0x00,0x1f,0x00,0x00,0x00,0xff,0xff,0xff,0xff,0xff,0xc0,
    0xff,0xff,0xff,0xff,0xff,0xc0,0xff,0xff,0xff,0xff,0xff,0xc0,0x00,0x00,0x3f,0x00,
    0x00,0x00,0x00,0x00,0x3f,0x80,0x00,0x00,0x00,0x00,0x7f,0xc0,0x00,0x00,0x00,0x00,
    0x7b,0xc0,0x00,0x00,0x00,0x00,0xf9,0xe0,0x00,0x00,0x00,0x01,0xf0,0xf0,0x00,0x00,
    0x00,0x01,0xf0,0xf8,0x00,0x00,0x00,0x03,0xe0,0x7c,0x00,0x00,0x00,0x0f,0xc0,0x3e,
    0x00,0x00,0x00,0x1f,0x80,0x1f,0x00,0x00,0x00,0x3f,0x00,0x0f,0xc0,0x00,0x00,0xfe,
    0x00,0x07,0xe0,0x00,0x03,0xfc,0x00,0x03,0xf8,0x00,0x0f,0xf0,0x00,0x01,0xfe,0x00,
    0x7f,0xe0,0x00,0x00,0x7f,0xc0,0xff,0x80,0x00,0x00,0x3f,0xc0,0x7e,0x00,0x00,0x00,
    0x0f,0x80,0x30,0x00,0x00,0x00,0x01,0x80,

    /* U+51FA */
    0x00,0x00,0x78,0x00,0x00,0x00,0x00,0x78,0x00,0x00,0x00,0x00,0x78,0x00,0x00,0x00,
    0x00,0x78,0x00,0x00,0x3c,0x00,0x78,0x00,0xf0,0x3c,0x00,0x78,0x00,0xf0,0x3c,0x00,
    0x78,0x00,0xf0,0x3c,0x00,0x78,0x00,0xf0,0x3c,0x00,0x78,0x00,0xf0,0x3c,0x00,0x78,
    0x00,0xf0,0x3c,0x00,0x78,0x00,0xf0,0x3c,0x00,0x78,0x00,0xf0,0x3c,0x00,0x78,0x00,
    0xf0,0x3c,0x00,0x78,0x00,0xf0,0x3c,0x00,0x78,0x00,0xf0,0x3c,0x00,0x78,0x00,0xf0,
    0x3c,0x00,0x78,0x00,0xf0,0x3c,0x00,0xf8,0x00,0xf0,0x3f,0xff,0xff,0xff,0xf0,0x3f,
    0xff,0xff,0xff,0xf0,0x3f,0xff,0xff,0xff,0xf0,0x00,0x00,0x78,0x00,0x00,0x00,0x00,
    0x78,0x00,0x00,0x00,0x00,0x78,0x00,0x00,0xf0,0x00,0x78,0x00,0x3c,0xf0,0x00,0x78,
    0x00,0x3c,0xf0,0x00,0x78,0x00,0x3c,0xf0,0x00,0x78,0x00,0x3c,0xf0,0x00,0x78,0x00,
    0x3c,0xf0,0x00,0x78,0x00,0x3c,0xf0,0x00,0x78,0x00,0x3c,0xf0,0x00,0x78,0x00,0x3c,
    0xf0,0x00,0x78,0x00,0x3c,0xf0,0x00,0x78,0x00,0x3c,0xf0,0x00,0x78,0x00,0x3c,0xf0,
    0x00,0x78,0x00,0x3c,0xf0,0x00,0x78,0x00,0x3c,0xf0,0x00,0x78,0x00,0x3c,0xff,0xff,
    0xff,0xff,0xfc,0xff,0xff,0xff,0xff,0xfc,0xff,0xff,0xff,0xff,0xfc,0x7f,0xff,0xff,
    0xff,0xfc,0x00,0x00,0x00,0x00,0x3c,0x00,0x00,0x00,0x00,0x3c,

    /* U+5206 */
    0x00,0x0f,0x00,0x1c,0x00,0x00,0x00,0x0f,0x00,0x3c,0x00,0x00,0x00,0x1f,0x00,0x1e,
    0x00,0x00,0x00,0x1e,0x00,0x1e,0x00,0x00,0x00,0x3e,0x00,0x0f,0x00,0x00,0x00,0x3c,
    0x00,0x0f,0x80,0x00,0x00,0x7c,0x00,0x07,0x80,0x00,0x00,0x78,0x00,0x03,0xc0,0x00,
    0x00,0xf0,0x00,0x03,0xe0,0x00,0x01,0xf0,0x00,0x01,0xe0,0x00,0x01,0xe0,0x00,0x00,
    0xf0,0x00,0x03,0xe0,0x00,0x00,0xf8,0x00,0x07,0xc0,0x00,0x00,0x7c,0x00,0x0f,0x80,
    0x00,0x00,0x3e,0x00,0x1f,0x00,0x00,0x00,0x1f,0x00,0x3e,0x00,0x00,0x00,0x0f,0x80,
    0x7e,0x00,0x00,0x00,0x0f,0xc0,0xff,0xff,0xff,0xff,0xf7,0xe0,0xfb,0xff,0xff,0xff,
    0xf3,0xc0,0x73,0xff,0xff,0xff,0xf1,0x80,0x01,0xff,0xff,0xff,0xf0,0x00,0x00,0x01,
    0xe0,0x00,0xf0,0x00,0x00,0x01,0xe0,0x00,0xf0,0x00,0x00,0x01,0xe0,0x00,0xf0,0x00,
    0x00,0x01,0xc0,0x00,0xe0,0x00,0x00,0x03,0xc0,0x00,0xe0,0x00,0x00,0x03,0xc0,0x00,
    0xe0,0x00,0x00,0x03,0xc0,0x00,0xe0,0x00,0x00,0x07,0x80,0x00,0xe0,0x00,0x00,0x07,
    0x80,0x01,0xe0,0x00,0x00,0x07,0x80,0x01,0xe0,0x00,0x00,0x0f,0x00,0x01,0xe0,0x00,
    0x00,0x1f,0x00,0x01,0xe0,0x00,0x00,0x1e,0x00,0x01,0xe0,0x00,0x00,0x3e,0x00,0x01,
    0xe0,0x00,0x00,0x7c,0x00,0x01,0xe0,0x00,0x00,0xf8,0x00,0x01,0xc0,0x00,0x01,0xf0,
    0x00,0x03,0xc0,0x00,0x07,0xe0,0x00,0x03,0xc0,0x00,0x1f,0xc0,0x00,0x07,0xc0,0x00,
    0x7f,0x80,0x07,0xff,0x80,0x00,0x7e,0x00,0x07,0xff,0x80,0x00,0x38,0x00,0x07,0xfe,
    0x00,0x00,

    /* U+5230 */
    0x00,0x00,0x00,0x00,0x03,0x00,0x00,0x00,0x00,0x00,0x07,0x80,0x00,0x00,0x00,0x00,
    0x07,0x80,0x7f,0xff,0xff,0x80,0x07,0x80,0x7f,0xff,0xff,0x8e,0x07,0x80,0x7f,0xff,
    0xff,0x8e,0x07,0x80,0x00,0xf0,0x00,0x0e,0x07,0x80,0x01,0xe0,0x00,0x0e,0x07,0x80,
    0x01,0xe0,0xe0,0x0e,0x07,0x80,0x03,0xc0,0xe0,0x0e,0x07,0x80,0x03,0xc0,0xf0,0x0e,
    0x07,0x80,0x07,0x80,0x78,0x0e,0x07,0x80,0x07,0x00,0x3c,0x0e,0x07,0x80,0x0f,0x00,
    0x3c,0x0e,0x07,0x80,0x1e,0x03,0xfe,0x0e,0x07,0x80,0x3f,0xff,0xff,0x0e,0x07,0x80,
    0x3f,0xff,0xff,0x0e,0x07,0x80,0x3f,0xfc,0x07,0x8e,0x07,0x80,0x18,0x00,0x03,0x0e,
    0x07,0x80,0x00,0x00,0x02,0x0e,0x07,0x80,0x00,0x1e,0x00,0x0e,0x07,0x80,0x00,0x1e,
    0x00,0x0e,0x07,0x80,0x00,0x1e,0x00,0x0e,0x07,0x80,0x00,0x1e,0x00,0x0e,0x07,0x80,
    0x00,0x1e,0x00,0x0e,0x07,0x80,0x3f,0xff,0xff,0x0e,0x07,0x80,0x3f,0xff,0xff,0x0e,
    0x07,0x80,0x3f,0xff,0xff,0x0e,0x07,0x80,0x00,0x1e,0x00,0x0e,0x07,0x80,0x00,0x1e,
    0x00,0x0e,0x07,0x80,0x00,0x1e,0x00,0x0e,0x07,0x80,0x00,0x1e,0x00,0x0e,0x07,0x80,
    0x00,0x1e,0x00,0x0e,0x07,0x80,0x00,0x1e,0x00,0x00,0x07,0x80,0x00,0x1e,0x01,0x00,
    0x07,0x80,0x00,0x1e,0x3f,0x80,0x07,0x80,0x00,0x1f,0xff,0x80,0x07,0x80,0x01,0xff,
    0xff,0x00,0x07,0x80,0x7f,0xff,0xe0,0x00,0x07,0x80,0xff,0xfc,0x00,0x00,0x07,0x80,
    0x7f,0x80,0x00,0x03,0xff,0x00,0x70,0x00,0x00,0x01,0xff,0x00,0x00,0x00,0x00,0x01,
    0xfe,0x00,0x00,0x00,0x00,0x00,0x80,0x00,

    /* U+5236 */
    0x00,0x0e,0x00,0x00,0x01,0xc0,0x07,0x0e,0x00,0x00,0x01,0xc0,0x07,0x0e,0x00,0x00,
    0x01,0xc0,0x0f,0x0e,0x00,0x00,0x01,0xc0,0x0e,0x0e,0x00,0x03,0xc1,0xc0,0x0e,0x0e,
    0x00,0x03,0xc1,0xc0,0x1e,0x0f,0x00,0x03,0xc1,0xc0,0x1f,0xff,0xff,0x83,0xc1,0xc0,
    0x1f,0xff,0xff,0x83,0xc1,0xc0,0x3f,0xff,0xff,0x83,0xc1,0xc0,0x38,0x0e,0x00,0x03,
    0xc1,0xc0,0x78,0x0e,0x00,0x03,0xc1,0xc0,0x78,0x0e,0x00,0x03,0xc1,0xc0,0xf0,0x0e,
    0x00,0x03,0xc1,0xc0,0x20,0x0e,0x00,0x03,0xc1,0xc0,0xff,0xff,0xff,0xe3,0xc1,0xc0,
    0xff,0xff,0xff,0xe3,0xc1,0xc0,0xff,0xff,0xff,0xe3,0xc1,0xc0,0x00,0x0f,0x00,0x03,
    0xc1,0xc0,0x00,0x0e,0x00,0x03,0xc1,0xc0,0x00,0x0e,0x00,0x03,0xc1,0xc0,0x00,0x0e,
    0x00,0x03,0xc1,0xc0,0x00,0x0e,0x00,0x03,0xc1,0xc0,0x00,0x0f,0x00,0x03,0xc1,0xc0,
    0x1f,0xff,0xff,0x83,0xc1,0xc0,0x1f,0xff,0xff,0x83,0xc1,0xc0,0x1f,0xff,0xff,0x83,
    0xc1,0xc0,0x1c,0x0e,0x03,0x83,0xc1,0xc0,0x1c,0x0e,0x03,0x83,0xc1,0xc0,0x1c,0x0e,
    0x03,0x83,0xc1,0xc0,0x1c,0x0e,0x03,0x83,0xc1,0xc0,0x1c,0x0e,0x03,0x80,0x01,0xc0,
    0x1c,0x0e,0x03,0x80,0x01,0xc0,0x1c,0x0e,0x03,0x80,0x01,0xc0,0x1c,0x0e,0x03,0x80,
    0x01,0xc0,0x1c,0x0e,0x03,0x80,0x01,0xc0,0x1c,0x0e,0x03,0x80,0x01,0xc0,0x1c,0x0e,
    0x7f,0x80,0x01,0xc0,0x1c,0x0e,0x3f,0x80,0x01,0xc0,0x1c,0x0e,0x3f,0x00,0x01,0xc0,
    0x00,0x0e,0x00,0x00,0xff,0xc0,0x00,0x0e,0x00,0x00,0xff,0xc0,0x00,0x0e,0x00,0x00,
    0xff,0x80,0x00,0x0e,0x00,0x00,0x7f,0x00,

    /* U+524D */
    0x00,0xe0,0x00,0x01,0xc0,0x00,0x00,0xf0,0x00,0x01,0xe0,0x00,0x00,0xf8,0x00,0x03,
    0xc0,0x00,0x00,0x78,0x00,0x03,0xc0,0x00,0x00,0x3c,0x00,0x07,0x80,0x00,0x00,0x3e,
    0x00,0x0f,0x80,0x00,0x00,0x1e,0x00,0x0f,0x00,0x00,0x00,0x1c,0x00,0x1f,0x00,0x00,
    0xff,0xff,0xff,0xff,0xff,0xc0,0xff,0xff,0xff,0xff,0xff,0xc0,0xff,0xff,0xff,0xff,
    0xff,0xc0,0x00,0x00,0x00,0x00,0x00,0x00,0x00,0x00,0x00,0x00,0x00,0x00,0x00,0x00,
    0x00,0x00,0x00,0x00,0x00,0x00,0x00,0x00,0x0e,0x00,0x1f,0xff,0xf0,0x00,0x0e,0x00,
    0x1f,0xff,0xf0,0x38,0x0e,0x00,0x1f,0xff,0xf0,0x38,0x0e,0x00,0x1c,0x00,0x70,0x38,
    0x0e,0x00,0x1c,0x00,0x70,0x38,0x0e,0x00,0x1c,0x00,0x70,0x38,0x0e,0x00,0x1c,0x00,
    0x70,0x38,0x0e,0x00,0x1c,0x00,0x70,0x38,0x0e,0x00,0x1f,0xff,0xf0,0x38,0x0e,0x00,
    0x1f,0xff,0xf0,0x38,0x0e,0x00,0x1f,0xff,0xf0,0x38,0x0e,0x00,0x1c,0x00,0x70,0x38,
    0x0e,0x00,0x1c,0x00,0x70,0x38,0x0e,0x00,0x1c,0x00,0x70,0x38,0x0e,0x00,0x1c,0x00,
    0x70,0x38,0x0e,0x00,0x1c,0x00,0x70,0x38,0x0e,0x00,0x1f,0xff,0xf0,0x38,0x0e,0x00,
    0x1f,0xff,0xf0,0x38,0x0e,0x00,0x1f,0xff,0xf0,0x38,0x0e,0x00,0x1c,0x00,0x70,0x38,
    0x0e,0x00,0x1c,0x00,0x70,0x00,0x0e,0x00,0x1c,0x00,0x70,0x00,0x0e,0x00,0x1c,0x00,
    0x70,0x00,0x0e,0x00,0x1c,0x00,0x70,0x00,0x0e,0x00,0x1c,0x00,0x70,0x00,0x0e,0x00,
    0x1c,0x00,0x70,0x00,0x1e,0x00,0x1c,0x1f,0xf0,0x07,0xfe,0x00,0x1c,0x1f,0xf0,0x07,
    0xfc,0x00,0x1c,0x0f,0xc0,0x07,0xf8,0x00,

    /* U+5269 */
    0x00,0x00,0x07,0x00,0x03,0x80,0x00,0x00,0xff,0x80,0x03,0x80,0x01,0xff,0xff,0x80,
    0x03,0x80,0x7f,0xff,0xfc,0x00,0x03,0x80,0x3f,0xff,0x80,0x00,0x03,0x80,0x3f,0x0e,
    0x00,0x03,0x83,0x80,0x00,0x0e,0x00,0x03,0x83,0x80,0x00,0x0e,0x00,0x03,0x83,0x80,
    0x00,0x0e,0x00,0x03,0x83,0x80,0xff,0xff,0xff,0xf3,0x83,0x80,0xff,0xff,0xff,0xf3,
    0x83,0x80,0xff,0xff,0xff,0xf3,0x83,0x80,0x00,0x0f,0x00,0x03,0x83,0x80,0x01,0x8e,
    0x10,0x03,0x83,0x80,0x03,0x8e,0x38,0x03,0x83,0x80,0x03,0x8e,0x38,0x03,0x83,0x80,
    0x03,0x8e,0x38,0xc3,0x83,0x80,0x7f,0x8e,0x39,0xe3,0x83,0x80,0x7f,0x8e,0x3f,0xc3,
    0x83,0x80,0x7f,0x8e,0x3f,0x83,0x83,0x80,0x03,0x8e,0x3e,0x03,0x83,0x80,0x03,0x8e,
    0x38,0x03,0x83,0x80,0x03,0x8e,0x38,0x03,0x83,0x80,0x03,0x8e,0x38,0x43,0x83,0x80,
    0x1f,0x8e,0x38,0x73,0x83,0x80,0xff,0x8e,0x38,0x73,0x83,0x80,0xff,0x8e,0x38,0x63,
    0x83,0x80,0x43,0x8e,0x3f,0xe3,0x83,0x80,0x03,0x9f,0x1f,0xc3,0x83,0x80,0x00,0x3f,
    0x80,0x03,0x83,0x80,0x00,0x3f,0xe0,0x03,0x83,0x80,0x00,0x7f,0xf0,0x03,0x83,0x80,
    0x00,0xfe,0x78,0x03,0x83,0x80,0x01,0xee,0x3e,0x00,0x03,0x80,0x03,0xce,0x1f,0x00,
    0x03,0x80,0x07,0x8e,0x0f,0xc0,0x03,0x80,0x0f,0x8e,0x03,0xe0,0x03,0x80,0x1f,0x0e,
    0x01,0xc0,0x03,0x80,0x3e,0x0e,0x00,0xc0,0x03,0x80,0xfc,0x0e,0x00,0x00,0x03,0x80,
    0xf8,0x0e,0x00,0x00,0x07,0x80,0xe0,0x0e,0x00,0x01,0xff,0x80,0x40,0x0e,0x00,0x01,
    0xff,0x00,0x00,0x0e,0x00,0x01,0xfe,0x00,

    /* U+529F */
    0x00,0x00,0x00,0x1c,0x00,0x00,0x00,0x00,0x00,0x1c,0x00,0x00,0x00,0x00,0x00,0x1c,
    0x00,0x00,0x00,0x00,0x00,0x1c,0x00,0x00,0x00,0x00,0x00,0x1c,0x00,0x00,0x7f,0xff,
    0xc0,0x1c,0x00,0x00,0x7f,0xff,0xc0,0x1c,0x00,0x00,0x7f,0xff,0xc0,0x1c,0x00,0x00,
    0x00,0xe0,0x00,0x3c,0x00,0x00,0x00,0xe0,0x00,0x3c,0x00,0x00,0x00,0xe0,0x3f,0xff,
    0xff,0xe0,0x00,0xe0,0x3f,0xff,0xff,0xe0,0x00,0xe0,0x3f,0xff,0xff,0xe0,0x00,0xe0,
    0x00,0x3c,0x01,0xe0,0x00,0xe0,0x00,0x3c,0x01,0xe0,0x00,0xe0,0x00,0x3c,0x01,0xe0,
    0x00,0xe0,0x00,0x3c,0x01,0xe0,0x00,0xe0,0x00,0x38,0x01,0xe0,0x00,0xe0,0x00,0x38,
    0x01,0xe0,0x00,0xe0,0x00,0x38,0x01,0xe0,0x00,0xe0,0x00,0x78,0x01,0xe0,0x00,0xe0,
    0x00,0x78,0x01,0xc0,0x00,0xe0,0x00,0x78,0x01,0xc0,0x00,0xe0,0x00,0x78,0x01,0xc0,
    0x00,0xe0,0x00,0x70,0x01,0xc0,0x00,0xe0,0x00,0xf0,0x01,0xc0,0x00,0xe0,0xe0,0xf0,
    0x01,0xc0,0x00,0xef,0xe0,0xf0,0x01,0xc0,0x00,0xff,0xe1,0xe0,0x01,0xc0,0x07,0xff,
    0xc1,0xe0,0x03,0xc0,0x7f,0xfe,0x01,0xe0,0x03,0xc0,0xff,0xe0,0x03,0xc0,0x03,0xc0,
    0xff,0x00,0x07,0xc0,0x03,0xc0,0x78,0x00,0x07,0x80,0x03,0xc0,0x00,0x00,0x0f,0x80,
    0x03,0xc0,0x00,0x00,0x1f,0x00,0x03,0x80,0x00,0x00,0x3e,0x00,0x03,0x80,0x00,0x00,
    0x7e,0x00,0x07,0x80,0x00,0x00,0xfc,0x00,0x07,0x80,0x00,0x01,0xf8,0x00,0x0f,0x80,
    0x00,0x07,0xf0,0x0f,0xff,0x00,0x00,0x07,0xc0,0x07,0xfe,0x00,0x00,0x03,0x80,0x07,
    0xfc,0x00,

    /* U+52A0 */
    0x00,0xe0,0x00,0x00,0x00,0x00,0x01,0xe0,0x00,0x00,0x00,0x00,0x01,0xe0,0x00,0x00,
    0x00,0x00,0x01,0xe0,0x00,0x00,0x00,0x00,0x01,0xe0,0x00,0x00,0x00,0x00,0x01,0xe0,
    0x00,0x00,0x00,0x00,0x01,0xe0,0x00,0x7f,0xff,0xc0,0x01,0xe0,0x00,0x7f,0xff,0xc0,
    0x01,0xe0,0x00,0x7f,0xff,0xc0,0x7f,0xff,0xfc,0x78,0x03,0xc0,0x7f,0xff,0xfc,0x78,
    0x03,0xc0,0x7f,0xff,0xfc,0x78,0x03,0xc0,0x7f,0xff,0xf8,0x78,0x03,0xc0,0x01,0xe0,
    0x38,0x78,0x03,0xc0,0x01,0xe0,0x38,0x78,0x03,0xc0,0x01,0xe0,0x38,0x78,0x03,0xc0,
    0x01,0xe0,0x38,0x78,0x03,0xc0,0x01,0xc0,0x38,0x78,0x03,0xc0,0x01,0xc0,0x38,0x78,
    0x03,0xc0,0x01,0xc0,0x38,0x78,0x03,0xc0,0x01,0xc0,0x38,0x78,0x03,0xc0,0x01,0xc0,
    0x38,0x78,0x03,0xc0,0x01,0xc0,0x38,0x78,0x03,0xc0,0x01,0xc0,0x38,0x78,0x03,0xc0,
    0x03,0xc0,0x38,0x78,0x03,0xc0,0x03,0xc0,0x38,0x78,0x03,0xc0,0x03,0xc0,0x38,0x78,
    0x03,0xc0,0x03,0x80,0x38,0x78,0x03,0xc0,0x03,0x80,0x38,0x78,0x03,0xc0,0x03,0x80,
    0x38,0x78,0x03,0xc0,0x07,0x80,0x38,0x78,0x03,0xc0,0x07,0x80,0x78,0x78,0x03,0xc0,
    0x07,0x00,0x78,0x78,0x03,0xc0,0x0f,0x00,0x78,0x78,0x03,0xc0,0x0f,0x00,0x78,0x78,
    0x03,0xc0,0x0e,0x00,0x78,0x78,0x03,0xc0,0x1e,0x00,0x78,0x78,0x03,0xc0,0x1e,0x00,
    0x70,0x7f,0xff,0xc0,0x3c,0x00,0x70,0x7f,0xff,0xc0,0x7c,0x00,0xf0,0x7f,0xff,0xc0,
    0x78,0x3f,0xf0,0x78,0x03,0xc0,0xf0,0x3f,0xe0,0x78,0x03,0xc0,0xf0,0x3f,0xc0,0x78,
    0x03,0xc0,0x20,0x00,0x00,0x30,0x00,0x00,

    /* U+52A8 */
    0x00,0x00,0x00,0x0f,0x00,0x00,0x00,0x00,0x00,0x0f,0x00,0x00,0x00,0x00,0x00,0x0f,
    0x00,0x00,0x7f,0xff,0xf0,0x0f,0x00,0x00,0x7f,0xff,0xf0,0x0f,0x00,0x00,0x7f,0xff,
    0xf0,0x0f,0x00,0x00,0x00,0x00,0x00,0x0f,0x00,0x00,0x00,0x00,0x00,0x0f,0x00,0x00,
    0x00,0x00,0x00,0x0f,0x00,0x00,0x00,0x00,0x00,0x0f,0x00,0x00,0x00,0x00,0x07,0xff,
    0xff,0xc0,0x00,0x00,0x07,0xff,0xff,0xc0,0x00,0x00,0x07,0xff,0xff,0xc0,0x00,0x00,
    0x00,0x0f,0x03,0xc0,0xff,0xff,0xf8,0x0e,0x01,0xc0,0xff,0xff,0xf8,0x0e,0x01,0xc0,
    0xff,0xff,0xf8,0x0e,0x01,0xc0,0x03,0xc0,0x00,0x0e,0x01,0xc0,0x03,0xc0,0x00,0x0e,
    0x03,0xc0,0x03,0x80,0x00,0x1e,0x03,0xc0,0x03,0x80,0x00,0x1e,0x03,0xc0,0x07,0x80,
    0x00,0x1e,0x03,0xc0,0x07,0x83,0x80,0x1e,0x03,0xc0,0x07,0x03,0xc0,0x1c,0x03,0xc0,
    0x0f,0x01,0xc0,0x1c,0x03,0xc0,0x0f,0x01,0xc0,0x3c,0x03,0xc0,0x0e,0x01,0xe0,0x3c,
    0x03,0xc0,0x1e,0x00,0xe0,0x3c,0x03,0xc0,0x1e,0x00,0xe0,0x38,0x03,0x80,0x1c,0x00,
    0xf0,0x78,0x03,0x80,0x3c,0x07,0xf0,0x78,0x03,0x80,0x38,0x7f,0xf0,0x78,0x03,0x80,
    0x7f,0xff,0xf8,0xf0,0x03,0x80,0x7f,0xfe,0x38,0xf0,0x07,0x80,0x7f,0xc0,0x39,0xe0,
    0x07,0x80,0x7c,0x00,0x31,0xe0,0x07,0x80,0x60,0x00,0x03,0xe0,0x07,0x80,0x00,0x00,
    0x03,0xc0,0x07,0x00,0x00,0x00,0x07,0x80,0x0f,0x00,0x00,0x00,0x0f,0x8f,0xff,0x00,
    0x00,0x00,0x1f,0x07,0xfe,0x00,0x00,0x00,0x0e,0x07,0xfc,0x00,0x00,0x00,0x04,0x00,
    0x00,0x00,

    /* U+52A9 */
    0x00,0x00,0x00,0x0f,0x00,0x00,0x00,0x00,0x00,0x0f,0x00,0x00,0x1f,0xff,0xe0,0x0f,
    0x00,0x00,0x1f,0xff,0xe0,0x0f,0x00,0x00,0x1f,0xff,0xe0,0x0f,0x00,0x00,0x1e,0x01,
    0xe0,0x0f,0x00,0x00,0x1c,0x01,0xe0,0x0f,0x00,0x00,0x1c,0x01,0xe0,0x0f,0x00,0x00,
    0x1c,0x01,0xe0,0x0f,0x00,0x00,0x1c,0x01,0xe0,0x0f,0x00,0x00,0x1c,0x01,0xe0,0x0f,
    0x00,0x00,0x1c,0x01,0xef,0xff,0xff,0xc0,0x1e,0x01,0xef,0xff,0xff,0xc0,0x1f,0xff,
    0xef,0xff,0xff,0xc0,0x1f,0xff,0xe0,0x0e,0x01,0xc0,0x1f,0xff,0xe0,0x0e,0x01,0xc0,
    0x1c,0x01,0xe0,0x0e,0x01,0xc0,0x1c,0x01,0xe0,0x0e,0x01,0xc0,0x1c,0x01,0xe0,0x0e,
    0x01,0xc0,0x1c,0x01,0xe0,0x1e,0x01,0xc0,0x1c,0x01,0xe0,0x1e,0x01,0xc0,0x1c,0x01,
    0xe0,0x1e,0x01,0xc0,0x1e,0x01,0xe0,0x1e,0x01,0xc0,0x1f,0xff,0xe0,0x1c,0x01,0xc0,
    0x1f,0xff,0xe0,0x1c,0x01,0xc0,0x1f,0xff,0xe0,0x3c,0x01,0xc0,0x1c,0x01,0xe0,0x3c,
    0x01,0xc0,0x1c,0x01,0xe0,0x3c,0x01,0xc0,0x1c,0x01,0xe0,0x38,0x03,0xc0,0x1c,0x01,
    0xe0,0x78,0x03,0xc0,0x1c,0x01,0xe0,0x78,0x03,0xc0,0x1c,0x01,0xe8,0xf0,0x03,0xc0,
    0x1c,0x01,0xfc,0xf0,0x03,0xc0,0x1c,0x1f,0xfc,0xe0,0x03,0xc0,0x1f,0xff,0xf9,0xe0,
    0x03,0xc0,0x3f,0xff,0xc3,0xe0,0x03,0x80,0xff,0xfc,0x03,0xc0,0x03,0x80,0xff,0xc0,
    0x07,0x80,0x03,0x80,0xfc,0x00,0x0f,0x80,0x07,0x80,0x00,0x00,0x1f,0x00,0x07,0x80,
    0x00,0x00,0x3e,0x00,0x0f,0x80,0x00,0x00,0xfc,0x07,0xff,0x00,0x00,0x00,0x78,0x03,
    0xff,0x00,0x00,0x00,0x30,0x03,0xfc,0x00,

    /* U+5355 */
    0x00,0x30,0x00,0x01,0x80,0x00,0x00,0x78,0x00,0x03,0xc0,0x00,0x00,0x7c,0x00,0x03,
    0xc0,0x00,0x00,0x3c,0x00,0x07,0x80,0x00,0x00,0x1e,0x00,0x0f,0x80,0x00,0x00,0x0f,
    0x00,0x0f,0x00,0x00,0x00,0x0f,0x00,0x1e,0x00,0x00,0x00,0x07,0x00,0x1e,0x00,0x00,
    0x0f,0xff,0xff,0xff,0xfc,0x00,0x0f,0xff,0xff,0xff,0xfc,0x00,0x0f,0xff,0xff,0xff,
    0xfc,0x00,0x0f,0x00,0x1e,0x00,0x1c,0x00,0x0f,0x00,0x1e,0x00,0x1c,0x00,0x0f,0x00,
    0x1e,0x00,0x1c,0x00,0x0f,0x00,0x1e,0x00,0x1c,0x00,0x0f,0x00,0x1e,0x00,0x1c,0x00,
    0x0f,0xff,0xff,0xff,0xfc,0x00,0x0f,0xff,0xff,0xff,0xfc,0x00,0x0f,0xff,0xff,0xff,
    0xfc,0x00,0x0f,0x00,0x1e,0x00,0x1c,0x00,0x0f,0x00,0x1e,0x00,0x1c,0x00,0x0f,0x00,
    0x1e,0x00,0x1c,0x00,0x0f,0x00,0x1e,0x00,0x1c,0x00,0x0f,0x00,0x1e,0x00,0x1c,0x00,
    0x0f,0x00,0x1e,0x00,0x1c,0x00,0x0f,0xff,0xff,0xff,0xfc,0x00,0x0f,0xff,0xff,0xff,
    0xfc,0x00,0x0f,0xff,0xff,0xff,0xfc,0x00,0x00,0x00,0x1e,0x00,0x00,0x00,0x00,0x00,
    0x1e,0x00,0x00,0x00,0x00,0x00,0x1e,0x00,0x00,0x00,0x00,0x00,0x1e,0x00,0x00,0x00,
    0xff,0xff,0xff,0xff,0xff,0xc0,0xff,0xff,0xff,0xff,0xff,0xc0,0xff,0xff,0xff,0xff,
    0xff,0xc0,0x00,0x00,0x1e,0x00,0x00,0x00,0x00,0x00,0x1e,0x00,0x00,0x00,0x00,0x00,
    0x1e,0x00,0x00,0x00,0x00,0x00,0x1e,0x00,0x00,0x00,0x00,0x00,0x1e,0x00,0x00,0x00,
    0x00,0x00,0x1e,0x00,0x00,0x00,0x00,0x00,0x1e,0x00,0x00,0x00,0x00,0x00,0x1e,0x00,
    0x00,0x00,0x00,0x00,0x1e,0x00,0x00,0x00,

    /* U+5361 */
    0x00,0x00,0x3c,0x00,0x00,0x00,0x00,0x00,0x3c,0x00,0x00,0x00,0x00,0x00,0x3c,0x00,
    0x00,0x00,0x00,0x00,0x3c,0x00,0x00,0x00,0x00,0x00,0x3c,0x00,0x00,0x00,0x00,0x00,
    0x3c,0x00,0x00,0x00,0x00,0x00,0x3c,0x00,0x00,0x00,0x00,0x00,0x3f,0xff,0xf8,0x00,
    0x00,0x00,0x3f,0xff,0xf8,0x00,0x00,0x00,0x3f,0xff,0xf8,0x00,0x00,0x00,0x3c,0x00,
    0x00,0x00,0x00,0x00,0x3c,0x00,0x00,0x00,0x00,0x00,0x3c,0x00,0x00,0x00,0x00,0x00,
    0x3c,0x00,0x00,0x00,0x00,0x00,0x3c,0x00,0x00,0x00,0x00,0x00,0x3c,0x00,0x00,0x00,
    0x00,0x00,0x3c,0x00,0x00,0x00,0x00,0x00,0x3c,0x00,0x00,0x00,0xff,0xff,0xff,0xff,
    0xff,0xc0,0xff,0xff,0xff,0xff,0xff,0xc0,0xff,0xff,0xff,0xff,0xff,0xc0,0x00,0x00,
    0x3c,0x00,0x00,0x00,0x00,0x00,0x3c,0x00,0x00,0x00,0x00,0x00,0x3c,0x00,0x00,0x00,
    0x00,0x00,0x3c,0x00,0x00,0x00,0x00,0x00,0x3c,0x00,0x00,0x00,0x00,0x00,0x3c,0x00,
    0x00,0x00,0x00,0x00,0x3c,0xe0,0x00,0x00,0x00,0x00,0x3d,0xfc,0x00,0x00,0x00,0x00,
    0x3d,0xff,0x00,0x00,0x00,0x00,0x3c,0x3f,0xc0,0x00,0x00,0x00,0x3c,0x0f,0xf8,0x00,
    0x00,0x00,0x3c,0x03,0xfe,0x00,0x00,0x00,0x3c,0x00,0xff,0x00,0x00,0x00,0x3c,0x00,
    0x1e,0x00,0x00,0x00,0x3c,0x00,0x06,0x00,0x00,0x00,0x3c,0x00,0x00,0x00,0x00,0x00,
    0x3c,0x00,0x00,0x00,0x00,0x00,0x3c,0x00,0x00,0x00,0x00,0x00,0x3c,0x00,0x00,0x00,
    0x00,0x00,0x3c,0x00,0x00,0x00,0x00,0x00,0x3c,0x00,0x00,0x00,0x00,0x00,0x3c,0x00,
    0x00,0x00,0x00,0x00,0x3c,0x00,0x00,0x00,

    /* U+5373 */
    0x3f,0xff,0xf8,0x00,0x00,0x00,0x3f,0xff,0xf8,0x7f,0xff,0x80,0x3f,0xff,0xf8,0x7f,
    0xff,0x80,0x3c,0x00,0x78,0x7f,0xff,0x80,0x3c,0x00,0x78,0x78,0x07,0x80,0x3c,0x00,
    0x78,0x78,0x07,0x80,0x3c,0x00,0x78,0x78,0x07,0x80,0x3c,0x00,0x78,0x78,0x07,0x80,
    0x3c,0x00,0x78,0x78,0x07,0x80,0x3c,0x00,0x78,0x78,0x07,0x80,0x3f,0xff,0xf8,0x78,
    0x07,0x80,0x3f,0xff,0xf8,0x78,0x07,0x80,0x3f,0xff,0xf8,0x78,0x07,0x80,0x3c,0x00,
    0x78,0x78,0x07,0x80,0x3c,0x00,0x78,0x78,0x07,0x80,0x3c,0x00,0x78,0x78,0x07,0x80,
    0x3c,0x00,0x78,0x78,0x07,0x80,0x3c,0x00,0x78,0x78,0x07,0x80,0x3c,0x00,0x78,0x78,
    0x07,0x80,0x3c,0x00,0x78,0x78,0x07,0x80,0x3f,0xff,0xf8,0x78,0x07,0x80,0x3f,0xff,
    0xf8,0x78,0x07,0x80,0x3f,0xff,0xf8,0x78,0x07,0x80,0x3c,0x00,0x00,0x78,0x07,0x80,
    0x3c,0x00,0x00,0x78,0x07,0x80,0x3c,0x00,0x00,0x78,0x07,0x80,0x3c,0x03,0x00,0x78,
    0x07,0x80,0x3c,0x0f,0x00,0x78,0x07,0x80,0x3c,0x07,0x80,0x78,0x07,0x80,0x3c,0x07,
    0x80,0x78,0x07,0x80,0x3c,0x03,0xc0,0x79,0xff,0x80,0x3c,0x01,0xc0,0x78,0xff,0x00,
    0x3c,0x03,0xe0,0x78,0xfe,0x00,0x3c,0x1f,0xf0,0x78,0x00,0x00,0x3c,0xff,0xf0,0x78,
    0x00,0x00,0x3f,0xff,0xf8,0x78,0x00,0x00,0x7f,0xf8,0x78,0x78,0x00,0x00,0xff,0xc0,
    0x3c,0x78,0x00,0x00,0x7e,0x00,0x38,0x78,0x00,0x00,0x78,0x00,0x30,0x78,0x00,0x00,
    0x20,0x00,0x00,0x78,0x00,0x00,0x00,0x00,0x00,0x78,0x00,0x00,

    /* U+53CD */
    0x00,0x00,0x00,0x00,0x30,0x00,0x00,0x00,0x00,0x03,0xf8,0x00,0x00,0x00,0x01,0xff,
    0xfc,0x00,0x00,0x07,0xff,0xff,0xf8,0x00,0x07,0xff,0xff,0xff,0x00,0x00,0x07,0xff,
    0xff,0xc0,0x00,0x00,0x07,0xff,0x80,0x00,0x00,0x00,0x07,0x80,0x00,0x00,0x00,0x00,
    0x07,0x80,0x00,0x00,0x00,0x00,0x07,0x80,0x00,0x00,0x00,0x00,0x07,0x80,0x00,0x00,
    0x00,0x00,0x07,0x80,0x00,0x00,0x00,0x00,0x07,0x80,0x00,0x00,0x00,0x00,0x07,0x80,
    0x00,0x00,0x00,0x00,0x07,0x80,0x00,0x00,0x00,0x00,0x07,0xff,0xff,0xff,0xf8,0x00,
    0x07,0xff,0xff,0xff,0xf8,0x00,0x07,0xff,0xff,0xff,0xf8,0x00,0x07,0x8f,0x00,0x00,
    0x78,0x00,0x07,0x87,0x00,0x00,0xf0,0x00,0x07,0x87,0x80,0x00,0xf0,0x00,0x07,0x87,
    0x80,0x00,0xf0,0x00,0x07,0x83,0xc0,0x01,0xe0,0x00,0x07,0x83,0xc0,0x01,0xe0,0x00,
    0x07,0x81,0xe0,0x03,0xc0,0x00,0x07,0x01,0xe0,0x07,0xc0,0x00,0x07,0x00,0xf0,0x07,
    0x80,0x00,0x07,0x00,0x78,0x0f,0x00,0x00,0x07,0x00,0x78,0x1f,0x00,0x00,0x0f,0x00,
    0x3c,0x3e,0x00,0x00,0x0f,0x00,0x1e,0x7c,0x00,0x00,0x0f,0x00,0x1f,0xf8,0x00,0x00,
    0x0f,0x00,0x0f,0xf8,0x00,0x00,0x0e,0x00,0x07,0xf0,0x00,0x00,0x1e,0x00,0x07,0xf0,
    0x00,0x00,0x1e,0x00,0x1f,0xf8,0x00,0x00,0x1c,0x00,0x3f,0xfe,0x00,0x00,0x3c,0x00,
    0xfe,0x3f,0x80,0x00,0x3c,0x03,0xfc,0x1f,0xe0,0x00,0x78,0x0f,0xf0,0x07,0xf8,0x00,
    0x78,0x7f,0xc0,0x01,0xff,0x80,0xf8,0xff,0x00,0x00,0x7f,0x80,0xf0,0xfc,0x00,0x00,
    0x1f,0x00,0x20,0x60,0x00,0x00,0x03,0x00,

    /* U+53D6 */
    0xff,0xff,0xfc,0x00,0x00,0x00,0xff,0xff,0xfc,0x00,0x00,0x00,0xff,0xff,0xfc,0x00,
    0x00,0x00,0x1e,0x01,0xe3,0xff,0xff,0xc0,0x0e,0x01,0xe3,0xff,0xff,0xc0,0x0e,0x01,
    0xe3,0xff,0xff,0xc0,0x0e,0x01,0xe0,0xf0,0x03,0xc0,0x0e,0x01,0xe0,0x70,0x03,0xc0,
    0x0e,0x01,0xe0,0x70,0x03,0xc0,0x0e,0x01,0xe0,0x70,0x03,0x80,0x0f,0xff,0xe0,0x78,
    0x03,0x80,0x0f,0xff,0xe0,0x38,0x03,0x80,0x0f,0xff,0xe0,0x38,0x07,0x80,0x0e,0x01,
    0xe0,0x38,0x07,0x80,0x0e,0x01,0xe0,0x38,0x07,0x00,0x0e,0x01,0xe0,0x3c,0x07,0x00,
    0x0e,0x01,0xe0,0x1c,0x0f,0x00,0x0e,0x01,0xe0,0x1c,0x0f,0x00,0x0e,0x01,0xe0,0x1e,
    0x0e,0x00,0x0e,0x01,0xe0,0x1e,0x1e,0x00,0x0f,0xff,0xe0,0x0e,0x1e,0x00,0x0f,0xff,
    0xe0,0x0e,0x1c,0x00,0x0f,0xff,0xe0,0x0f,0x3c,0x00,0x0e,0x01,0xe0,0x07,0x3c,0x00,
    0x0e,0x01,0xe0,0x07,0xf8,0x00,0x0e,0x01,0xe0,0x03,0xf8,0x00,0x0e,0x01,0xe0,0x03,
    0xf0,0x00,0x0e,0x01,0xe0,0x03,0xf0,0x00,0x0e,0x01,0xe0,0x01,0xe0,0x00,0x0e,0x01,
    0xfe,0x01,0xe0,0x00,0x0e,0x3f,0xfe,0x03,0xf0,0x00,0x1f,0xff,0xfc,0x07,0xf0,0x00,
    0xff,0xff,0xe0,0x07,0xf8,0x00,0xff,0xf1,0xe0,0x0f,0x3c,0x00,0x7e,0x01,0xe0,0x1e,
    0x3e,0x00,0x00,0x01,0xe0,0x3e,0x1f,0x00,0x00,0x01,0xe0,0x7c,0x0f,0x80,0x00,0x01,
    0xe0,0xf8,0x07,0xc0,0x00,0x01,0xe1,0xf0,0x03,0xe0,0x00,0x01,0xe7,0xe0,0x01,0xf0,
    0x00,0x01,0xe3,0xc0,0x00,0xe0,0x00,0x01,0xe1,0x00,0x00,0x40,

    /* U+53E3 */
    0xff,0xff,0xff,0xff,0xf0,0xff,0xff,0xff,0xff,0xf0,0xff,0xff,0xff,0xff,0xf0,0xff,
    0xff,0xff,0xff,0xf0,0xf0,0x00,0x00,0x00,0xf0,0xf0,0x00,0x00,0x00,0xf0,0xf0,0x00,
    0x00,0x00,0xf0,0xf0,0x00,0x00,0x00,0xf0,0xf0,0x00,0x00,0x00,0xf0,0xf0,0x00,0x00,
    0x00,0xf0,0xf0,0x00,0x00,0x00,0xf0,0xf0,0x00,0x00,0x00,0xf0,0xf0,0x00,0x00,0x00,
    0xf0,0xf0,0x00,0x00,0x00,0xf0,0xf0,0x00,0x00,0x00,0xf0,0xf0,0x00,0x00,0x00,0xf0,
    0xf0,0x00,0x00,0x00,0xf0,0xf0,0x00,0x00,0x00,0xf0,0xf0,0x00,0x00,0x00,0xf0,0xf0,
    0x00,0x00,0x00,0xf0,0xf0,0x00,0x00,0x00,0xf0,0xf0,0x00,0x00,0x00,0xf0,0xf0,0x00,
    0x00,0x00,0xf0,0xf0,0x00,0x00,0x00,0xf0,0xf0,0x00,0x00,0x00,0xf0,0xf0,0x00,0x00,
    0x00,0xf0,0xf0,0x00,0x00,0x00,0xf0,0xf0,0x00,0x00,0x00,0xf0,0xf0,0x00,0x00,0x00,
    0xf0,0xf0,0x00,0x00,0x00,0xf0,0xff,0xff,0xff,0xff,0xf0,0xff,0xff,0xff,0xff,0xf0,
    0xff,0xff,0xff,0xff,0xf0,0xff,0xff,0xff,0xff,0xf0,0xf0,0x00,0x00,0x00,0xf0,0xf0,
    0x00,0x00,0x00,0xf0,0xf0,0x00,0x00,0x00,0xf0,0xf0,0x00,0x00,0x00,0xf0,

    /* U+53F3 */
    0x00,0x00,0x38,0x00,0x00,0x00,0x00,0x00,0x78,0x00,0x00,0x00,0x00,0x00,0x78,0x00,
    0x00,0x00,0x00,0x00,0x78,0x00,0x00,0x00,0x00,0x00,0x70,0x00,0x00,0x00,0x00,0x00,
    0xf0,0x00,0x00,0x00,0x00,0x00,0xf0,0x00,0x00,0x00,0x00,0x00,0xe0,0x00,0x00,0x00,
    0x00,0x01,0xf0,0x00,0x00,0x00,0x7f,0xff,0xff,0xff,0xff,0xe0,0x7f,0xff,0xff,0xff,
    0xff,0xe0,0x7f,0xff,0xff,0xff,0xff,0xe0,0x00,0x03,0xc0,0x00,0x00,0x00,0x00,0x07,
    0x80,0x00,0x00,0x00,0x00,0x07,0x80,0x00,0x00,0x00,0x00,0x07,0x80,0x00,0x00,0x00,
    0x00,0x0f,0x00,0x00,0x00,0x00,0x00,0x0f,0x00,0x00,0x00,0x00,0x00,0x1e,0x00,0x00,
    0x00,0x00,0x00,0x3e,0x00,0x00,0x00,0x00,0x00,0x3c,0x00,0x00,0x00,0x00,0x00,0x7c,
    0x00,0x00,0x00,0x00,0x00,0x7f,0xff,0xff,0xfe,0x00,0x00,0xff,0xff,0xff,0xfe,0x00,
    0x01,0xff,0xff,0xff,0xfe,0x00,0x03,0xfc,0x00,0x00,0x0e,0x00,0x07,0xdc,0x00,0x00,
    0x0e,0x00,0x07,0x9c,0x00,0x00,0x0e,0x00,0x0f,0x1c,0x00,0x00,0x0e,0x00,0x3f,0x1c,
    0x00,0x00,0x0e,0x00,0x7e,0x1c,0x00,0x00,0x0e,0x00,0xfc,0x1c,0x00,0x00,0x0e,0x00,
    0xf0,0x1c,0x00,0x00,0x0e,0x00,0x60,0x1c,0x00,0x00,0x0e,0x00,0x00,0x1c,0x00,0x00,
    0x0e,0x00,0x00,0x1c,0x00,0x00,0x0e,0x00,0x00,0x1c,0x00,0x00,0x0e,0x00,0x00,0x1c,
    0x00,0x00,0x0e,0x00,0x00,0x1f,0xff,0xff,0xfe,0x00,0x00,0x1f,0xff,0xff,0xfe,0x00,
    0x00,0x1f,0xff,0xff,0xfe,0x00,0x00,0x1e,0x00,0x00,0x1e,0x00,0x00,0x1c,0x00,0x00,
    0x0e,0x00,0x00,0x1c,0x00,0x00,0x0e,0x00,

    /* U+53F7 */
    0x03,0xff,0xff,0xff,0xf0,0x00,0x03,0xff,0xff,0xff,0xf0,0x00,0x03,0xff,0xff,0xff,
    0xf0,0x00,0x03,0xc0,0x00,0x00,0xf0,0x00,0x03,0xc0,0x00,0x00,0xf0,0x00,0x03,0xc0,
    0x00,0x00,0xf0,0x00,0x03,0xc0,0x00,0x00,0xf0,0x00,0x03,0xc0,0x00,0x00,0xf0,0x00,
    0x03,0xc0,0x00,0x00,0xf0,0x00,0x03,0xc0,0x00,0x00,0xf0,0x00,0x03,0xff,0xff,0xff,
    0xf0,0x00,0x03,0xff,0xff,0xff,0xf0,0x00,0x03,0xff,0xff,0xff,0xf0,0x00,0x00,0x00,
    0x00,0x00,0x00,0x00,0x00,0x00,0x00,0x00,0x00,0x00,0x00,0x00,0x00,0x00,0x00,0x00,
    0x00,0x00,0x00,0x00,0x00,0x00,0xff,0xff,0xff,0xff,0xff,0xc0,0xff,0xff,0xff,0xff,
    0xff,0xc0,0xff,0xff,0xff,0xff,0xff,0xc0,0x00,0x3c,0x00,0x00,0x00,0x00,0x00,0x3c,
    0x00,0x00,0x00,0x00,0x00,0x78,0x00,0x00,0x00,0x00,0x00,0x78,0x00,0x00,0x00,0x00,
    0x00,0x78,0x00,0x00,0x00,0x00,0x00,0xf0,0x00,0x00,0x00,0x00,0x00,0xff,0xff,0xff,
    0xf0,0x00,0x00,0xff,0xff,0xff,0xf0,0x00,0x01,0xff,0xff,0xff,0xf0,0x00,0x00,0x00,
    0x00,0x00,0xf0,0x00,0x00,0x00,0x00,0x00,0xe0,0x00,0x00,0x00,0x00,0x01,0xe0,0x00,
    0x00,0x00,0x00,0x01,0xe0,0x00,0x00,0x00,0x00,0x01,0xe0,0x00,0x00,0x00,0x00,0x01,
    0xe0,0x00,0x00,0x00,0x00,0x03,0xc0,0x00,0x00,0x00,0x00,0x03,0xc0,0x00,0x00,0x00,
    0x00,0x03,0xc0,0x00,0x00,0x00,0x00,0x07,0x80,0x00,0x00,0x00,0x1f,0xff,0x80,0x00,
    0x00,0x00,0x1f,0xff,0x00,0x00,0x00,0x00,0x1f,0xfe,0x00,0x00,

    /* U+540E */
    0x00,0x00,0x00,0x00,0x1c,0x00,0x00,0x00,0x00,0x03,0xfe,0x00,0x00,0x00,0x01,0xff,
    0xff,0x00,0x00,0x0f,0xff,0xff,0xfc,0x00,0x07,0xff,0xff,0xff,0x00,0x00,0x07,0xff,
    0xff,0x80,0x00,0x00,0x07,0xfc,0x00,0x00,0x00,0x00,0x07,0x80,0x00,0x00,0x00,0x00,
    0x07,0x80,0x00,0x00,0x00,0x00,0x07,0x80,0x00,0x00,0x00,0x00,0x07,0x80,0x00,0x00,
    0x00,0x00,0x07,0x80,0x00,0x00,0x00,0x00,0x07,0x80,0x00,0x00,0x00,0x00,0x07,0xff,
    0xff,0xff,0xff,0xf0,0x07,0xff,0xff,0xff,0xff,0xf0,0x07,0xff,0xff,0xff,0xff,0xf0,
    0x07,0x80,0x00,0x00,0x00,0x00,0x07,0x80,0x00,0x00,0x00,0x00,0x07,0x80,0x00,0x00,
    0x00,0x00,0x07,0x80,0x00,0x00,0x00,0x00,0x07,0x80,0x00,0x00,0x00,0x00,0x07,0x80,
    0x00,0x00,0x00,0x00,0x07,0x80,0x00,0x00,0x00,0x00,0x07,0x80,0x00,0x00,0x00,0x00,
    0x07,0x87,0xff,0xff,0xff,0x00,0x07,0x07,0xff,0xff,0xff,0x00,0x07,0x07,0xff,0xff,
    0xff,0x00,0x07,0x07,0x80,0x00,0x0f,0x00,0x07,0x07,0x80,0x00,0x0f,0x00,0x0f,0x07,
    0x80,0x00,0x0f,0x00,0x0f,0x07,0x80,0x00,0x0f,0x00,0x0f,0x07,0x80,0x00,0x0f,0x00,
    0x0e,0x07,0x80,0x00,0x0f,0x00,0x0e,0x07,0x80,0x00,0x0f,0x00,0x1e,0x07,0x80,0x00,
    0x0f,0x00,0x1e,0x07,0x80,0x00,0x0f,0x00,0x1c,0x07,0x80,0x00,0x0f,0x00,0x3c,0x07,
    0x80,0x00,0x0f,0x00,0x3c,0x07,0x80,0x00,0x0f,0x00,0x78,0x07,0xff,0xff,0xff,0x00,
    0x78,0x07,0xff,0xff,0xff,0x00,0xf0,0x07,0xff,0xff,0xff,0x00,0xf0,0x07,0x80,0x00,
    0x0f,0x00,0x20,0x07,0x80,0x00,0x0f,0x00,

    /* U+547D */
    0x00,0x00,0x02,0x00,0x00,0x00,0x00,0x00,0x07,0x00,0x00,0x00,0x00,0x00,0x0f,0x80,
    0x00,0x00,0x00,0x00,0x1f,0x00,0x00,0x00,0x00,0x00,0x3f,0x80,0x00,0x00,0x00,0x00,
    0x7f,0xc0,0x00,0x00,0x00,0x00,0xf9,0xe0,0x00,0x00,0x00,0x01,0xf0,0xf8,0x00,0x00,
    0x00,0x03,0xe0,0x7c,0x00,0x00,0x00,0x0f,0xc0,0x3f,0x00,0x00,0x00,0x1f,0x80,0x1f,
    0x80,0x00,0x00,0x7f,0x00,0x0f,0xe0,0x00,0x01,0xfc,0x00,0x03,0xf8,0x00,0x07,0xf8,
    0x00,0x01,0xfe,0x00,0x1f,0xef,0xff,0xfe,0x7f,0xc0,0xff,0x8f,0xff,0xfe,0x1f,0xf0,
    0x7f,0x0f,0xff,0xfe,0x0f,0xe0,0x78,0x00,0x00,0x00,0x01,0xc0,0x20,0x00,0x00,0x00,
    0x00,0x00,0x00,0x00,0x00,0x00,0x00,0x00,0x00,0x00,0x00,0x00,0x00,0x00,0x0f,0xff,
    0xe0,0xff,0xff,0x00,0x0f,0xff,0xe0,0xff,0xff,0x00,0x0f,0xff,0xe0,0xff,0xff,0x00,
    0x0f,0x01,0xe0,0xe0,0x07,0x00,0x0f,0x01,0xe0,0xe0,0x07,0x00,0x0f,0x01,0xe0,0xe0,
    0x07,0x00,0x0f,0x01,0xe0,0xe0,0x07,0x00,0x0f,0x01,0xe0,0xe0,0x07,0x00,0x0f,0x01,
    0xe0,0xe0,0x07,0x00,0x0f,0x01,0xe0,0xe0,0x07,0x00,0x0f,0x01,0xe0,0xe0,0x07,0x00,
    0x0f,0x01,0xe0,0xe0,0x07,0x00,0x0f,0x01,0xe0,0xe0,0x07,0x00,0x0f,0xff,0xe0,0xe0,
    0x07,0x00,0x0f,0xff,0xe0,0xe0,0x0f,0x00,0x0f,0xff,0xe0,0xe3,0xff,0x00,0x0f,0x00,
    0x00,0xe1,0xfe,0x00,0x0f,0x00,0x00,0xe1,0xfc,0x00,0x0f,0x00,0x00,0xe0,0x00,0x00,
    0x0f,0x00,0x00,0xe0,0x00,0x00,0x00,0x00,0x00,0xe0,0x00,0x00,0x00,0x00,0x00,0xe0,
    0x00,0x00,0x00,0x00,0x00,0xe0,0x00,0x00,0x00,0x00,0x00,0xe0,0x00,0x00,0x00,0x00,
    0x00,0xe0,0x00,0x00,

    /* U+56DE */
    0x7f,0xff,0xff,0xff,0xff,0xff,0xff,0xff,0xff,0xff,0xff,0xff,0xff,0xff,0xff,0xff,
    0xff,0xff,0xff,0xff,0xf0,0x00,0x00,0x00,0x0f,0xf0,0x00,0x00,0x00,0x0f,0xf0,0x00,
    0x00,0x00,0x0f,0xf0,0x00,0x00,0x00,0x0f,0xf0,0x00,0x00,0x00,0x0f,0xf0,0x00,0x00,
    0x00,0x0f,0xf0,0x00,0x00,0x00,0x0f,0xf0,0x00,0x00,0x00,0x0f,0xf0,0x1f,0xff,0xf8,
    0x0f,0xf0,0x1f,0xff,0xf8,0x0f,0xf0,0x1f,0xff,0xf8,0x0f,0xf0,0x1c,0x00,0x38,0x0f,
    0xf0,0x1c,0x00,0x38,0x0f,0xf0,0x1c,0x00,0x38,0x0f,0xf0,0x1c,0x00,0x38,0x0f,0xf0,
    0x1c,0x00,0x38,0x0f,0xf0,0x1c,0x00,0x38,0x0f,0xf0,0x1c,0x00,0x38,0x0f,0xf0,0x1c,
    0x00,0x38,0x0f,0xf0,0x1c,0x00,0x38,0x0f,0xf0,0x1c,0x00,0x38,0x0f,0xf0,0x1c,0x00,
    0x38,0x0f,0xf0,0x1f,0xff,0xf8,0x0f,0xf0,0x1f,0xff,0xf8,0x0f,0xf0,0x1f,0xff,0xf8,
    0x0f,0xf0,0x00,0x00,0x00,0x0f,0xf0,0x00,0x00,0x00,0x0f,0xf0,0x00,0x00,0x00,0x0f,
    0xf0,0x00,0x00,0x00,0x0f,0xf0,0x00,0x00,0x00,0x0f,0xf0,0x00,0x00,0x00,0x0f,0xf0,
    0x00,0x00,0x00,0x0f,0xf0,0x00,0x00,0x00,0x0f,0xff,0xff,0xff,0xff,0xff,0xff,0xff,
    0xff,0xff,0xff,0xff,0xff,0xff,0xff,0xff,0xf0,0x00,0x00,0x00,0x0f,0xf0,0x00,0x00,
    0x00,0x0f,0xf0,0x00,0x00,0x00,0x0f,

    /* U+56FE */
    0xff,0xff,0xff,0xff,0xff,0xff,0xff,0xff,0xff,0xff,0xff,0xff,0xff,0xff,0xff,0xf0,
    0x00,0x00,0x00,0x0f,0xf0,0x00,0x80,0x00,0x0f,0xf0,0x01,0xe0,0x00,0x0f,0xf0,0x03,
    0xc0,0x00,0x0f,0xf0,0x07,0x80,0x00,0x0f,0xf0,0x0f,0xff,0xfe,0x0f,0xf0,0x0f,0xff,
    0xff,0x0f,0xf0,0x3f,0xff,0xfe,0x0f,0xf0,0x7e,0x00,0x3c,0x0f,0xf0,0xff,0x00,0x78,
    0x0f,0xf1,0xf7,0x80,0xf0,0x0f,0xf3,0xc3,0xc3,0xe0,0x0f,0xf1,0x81,0xf7,0xc0,0x0f,
    0xf0,0x00,0xff,0x00,0x0f,0xf0,0x00,0x7f,0x00,0x0f,0xf0,0x01,0xff,0xc0,0x0f,0xf0,
    0x0f,0xf7,0xf8,0x0f,0xf0,0x7f,0xc1,0xff,0x0f,0xf7,0xff,0x00,0x7f,0xef,0xf7,0xf8,
    0x00,0x0f,0xcf,0xf3,0xc1,0xe0,0x00,0xcf,0xf0,0x03,0xfc,0x00,0x0f,0xf0,0x00,0xff,
    0x80,0x0f,0xf0,0x00,0x0f,0xe0,0x0f,0xf0,0x00,0x01,0xc0,0x0f,0xf0,0x00,0x00,0x00,
    0x0f,0xf0,0x3f,0x80,0x00,0x0f,0xf0,0x3f,0xfc,0x00,0x0f,0xf0,0x0f,0xff,0xc0,0x0f,
    0xf0,0x00,0x3f,0xf8,0x0f,0xf0,0x00,0x03,0xfc,0x0f,0xf0,0x00,0x00,0x38,0x0f,0xf0,
    0x00,0x00,0x00,0x0f,0xf0,0x00,0x00,0x00,0x0f,0xff,0xff,0xff,0xff,0xff,0xff,0xff,
    0xff,0xff,0xff,0xff,0xff,0xff,0xff,0xff,0xf0,0x00,0x00,0x00,0x0f,0xf0,0x00,0x00,
    0x00,0x0f,

    /* U+5728 */
    0x00,0x00,0x70,0x00,0x00,0x00,0x00,0x00,0xf0,0x00,0x00,0x00,0x00,0x00,0xf0,0x00,
    0x00,0x00,0x00,0x00,0xe0,0x00,0x00,0x00,0x00,0x01,0xe0,0x00,0x00,0x00,0x00,0x01,
    0xe0,0x00,0x00,0x00,0x00,0x03,0xc0,0x00,0x00,0x00,0x7f,0xff,0xff,0xff,0xff,0xe0,
    0x7f,0xff,0xff,0xff,0xff,0xe0,0x7f,0xff,0xff,0xff,0xff,0xe0,0x00,0x0f,0x80,0x00,
    0x00,0x00,0x00,0x0f,0x00,0x00,0x00,0x00,0x00,0x0f,0x00,0x00,0x00,0x00,0x00,0x1e,
    0x00,0x1c,0x00,0x00,0x00,0x1e,0x00,0x1c,0x00,0x00,0x00,0x3c,0x00,0x1c,0x00,0x00,
    0x00,0x7c,0x00,0x1c,0x00,0x00,0x00,0x78,0x00,0x1c,0x00,0x00,0x00,0xf0,0x00,0x1c,
    0x00,0x00,0x01,0xf0,0x00,0x1c,0x00,0x00,0x03,0xe0,0x00,0x1c,0x00,0x00,0x03,0xe0,
    0x00,0x1c,0x00,0x00,0x07,0xe0,0x00,0x3c,0x00,0x00,0x0f,0xe0,0xff,0xff,0xff,0x80,
    0x1f,0xe0,0xff,0xff,0xff,0x80,0x7f,0xe0,0xff,0xff,0xff,0x80,0xfd,0xe0,0x00,0x1c,
    0x00,0x00,0x79,0xe0,0x00,0x1c,0x00,0x00,0x71,0xe0,0x00,0x1c,0x00,0x00,0x01,0xe0,
    0x00,0x1c,0x00,0x00,0x01,0xe0,0x00,0x1c,0x00,0x00,0x01,0xe0,0x00,0x1c,0x00,0x00,
    0x01,0xe0,0x00,0x1c,0x00,0x00,0x01,0xe0,0x00,0x1c,0x00,0x00,0x01,0xe0,0x00,0x1c,
    0x00,0x00,0x01,0xe0,0x00,0x1c,0x00,0x00,0x01,0xe0,0x00,0x1c,0x00,0x00,0x01,0xe0,
    0x00,0x1c,0x00,0x00,0x01,0xe0,0x00,0x1c,0x00,0x00,0x01,0xe0,0x00,0x1c,0x00,0x00,
    0x01,0xe3,0xff,0xff,0xff,0xe0,0x01,0xe3,0xff,0xff,0xff,0xe0,0x01,0xe3,0xff,0xff,
    0xff,0xe0,0x01,0xe0,0x00,0x00,0x00,0x00,

    /* U+5806 */
    0x03,0xc0,0x01,0x81,0x00,0x00,0x03,0xc0,0x01,0xc7,0x80,0x00,0x03,0xc0,0x03,0xc3,
    0x80,0x00,0x03,0xc0,0x03,0xc3,0xc0,0x00,0x03,0xc0,0x03,0x81,0xc0,0x00,0x03,0xc0,
    0x07,0x81,0xe0,0x00,0x03,0xc0,0x07,0x00,0xe0,0x00,0x03,0xc0,0x0f,0x00,0xe0,0x00,
    0x03,0xc0,0x0f,0x00,0xc0,0x00,0x03,0xc0,0x1f,0xff,0xff,0xe0,0x03,0xc0,0x1f,0xff,
    0xff,0xe0,0x03,0xc0,0x3f,0xff,0xff,0xe0,0xff,0xfe,0x7e,0x01,0xc0,0x00,0xff,0xfe,
    0x7e,0x01,0xc0,0x00,0xff,0xfe,0xfe,0x01,0xc0,0x00,0x03,0xc1,0xfe,0x01,0xc0,0x00,
    0x03,0xc3,0xfe,0x01,0xc0,0x00,0x03,0xc3,0xde,0x01,0xc0,0x00,0x03,0xc1,0x9f,0xff,
    0xff,0xc0,0x03,0xc0,0x1f,0xff,0xff,0xc0,0x03,0xc0,0x1f,0xff,0xff,0xc0,0x03,0xc0,
    0x1e,0x03,0xc0,0x00,0x03,0xc0,0x1e,0x01,0xc0,0x00,0x03,0xc0,0x1e,0x01,0xc0,0x00,
    0x03,0xc0,0x1e,0x01,0xc0,0x00,0x03,0xc0,0x1e,0x01,0xc0,0x00,0x03,0xc0,0x1e,0x01,
    0xc0,0x00,0x03,0xc7,0x1e,0x03,0xc0,0x00,0x03,0xdf,0x1f,0xff,0xff,0xc0,0x03,0xff,
    0x1f,0xff,0xff,0xc0,0x03,0xfe,0x1f,0xff,0xff,0xc0,0x0f,0xf8,0x1e,0x01,0xc0,0x00,
    0x7f,0xe0,0x1e,0x01,0xc0,0x00,0xff,0x00,0x1e,0x01,0xc0,0x00,0xfc,0x00,0x1e,0x01,
    0xc0,0x00,0x70,0x00,0x1e,0x01,0xc0,0x00,0x40,0x00,0x1e,0x01,0xc0,0x00,0x00,0x00,
    0x1e,0x03,0xc0,0x00,0x00,0x00,0x1f,0xff,0xff,0xe0,0x00,0x00,0x1f,0xff,0xff,0xe0,
    0x00,0x00,0x1f,0xff,0xff,0xe0,0x00,0x00,0x1e,0x00,0x00,0x00,0x00,0x00,0x1e,0x00,
    0x00,0x00,0x00,0x00,0x1e,0x00,0x00,0x00,

    /* U+5927 */
    0x00,0x00,0x1e,0x00,0x00,0x00,0x00,0x00,0x1e,0x00,0x00,0x00,0x00,0x00,0x1e,0x00,
    0x00,0x00,0x00,0x00,0x1e,0x00,0x00,0x00,0x00,0x00,0x1e,0x00,0x00,0x00,0x00,0x00,
    0x1e,0x00,0x00,0x00,0x00,0x00,0x1e,0x00,0x00,0x00,0x00,0x00,0x1e,0x00,0x00,0x00,
    0x00,0x00,0x1e,0x00,0x00,0x00,0x00,0x00,0x1e,0x00,0x00,0x00,0x00,0x00,0x1c,0x00,
    0x00,0x00,0x00,0x00,0x1c,0x00,0x00,0x00,0x00,0x00,0x1c,0x00,0x00,0x00,0xff,0xff,
    0xff,0xff,0xff,0xc0,0xff,0xff,0xff,0xff,0xff,0xc0,0xff,0xff,0xff,0xff,0xff,0xc0,
    0xff,0xff,0xff,0xff,0xff,0xc0,0x00,0x00,0x3f,0x00,0x00,0x00,0x00,0x00,0x7f,0x00,
    0x00,0x00,0x00,0x00,0x7f,0x80,0x00,0x00,0x00,0x00,0x7f,0x80,0x00,0x00,0x00,0x00,
    0x7b,0xc0,0x00,0x00,0x00,0x00,0xf3,0xc0,0x00,0x00,0x00,0x00,0xf3,0xc0,0x00,0x00,
    0x00,0x00,0xf1,0xe0,0x00,0x00,0x00,0x01,0xe1,0xe0,0x00,0x00,0x00,0x01,0xe0,0xf0,
    0x00,0x00,0x00,0x03,0xc0,0xf8,0x00,0x00,0x00,0x03,0xc0,0x78,0x00,0x00,0x00,0x07,
    0x80,0x7c,0x00,0x00,0x00,0x0f,0x80,0x3c,0x00,0x00,0x00,0x0f,0x00,0x3e,0x00,0x00,
    0x00,0x1f,0x00,0x1f,0x00,0x00,0x00,0x3e,0x00,0x0f,0x80,0x00,0x00,0x7c,0x00,0x07,
    0xc0,0x00,0x00,0xf8,0x00,0x07,0xe0,0x00,0x01,0xf8,0x00,0x03,0xf0,0x00,0x03,0xf0,
    0x00,0x01,0xf8,0x00,0x0f,0xc0,0x00,0x00,0xfe,0x00,0x1f,0x80,0x00,0x00,0x7f,0x00,
    0x7f,0x00,0x00,0x00,0x3f,0xc0,0xfe,0x00,0x00,0x00,0x0f,0xc0,0x78,0x00,0x00,0x00,
    0x07,0x80,0x60,0x00,0x00,0x00,0x01,0x80,

    /* U+5931 */
    0x00,0x00,0x0f,0x00,0x00,0x00,0x00,0x78,0x0f,0x00,0x00,0x00,0x00,0x78,0x0f,0x00,
    0x00,0x00,0x00,0xf0,0x0f,0x00,0x00,0x00,0x00,0xf0,0x0f,0x00,0x00,0x00,0x00,0xf0,
    0x0f,0x00,0x00,0x00,0x01,0xe0,0x0f,0x00,0x00,0x00,0x01,0xe0,0x0f,0x00,0x00,0x00,
    0x03,0xff,0xff,0xff,0xfe,0x00,0x03,0xff,0xff,0xff,0xfe,0x00,0x03,0xff,0xff,0xff,
    0xfe,0x00,0x07,0xff,0xff,0xff,0xfe,0x00,0x0f,0x80,0x0f,0x00,0x00,0x00,0x0f,0x00,
    0x0f,0x00,0x00,0x00,0x1f,0x00,0x0f,0x00,0x00,0x00,0x3e,0x00,0x0f,0x00,0x00,0x00,
    0x3c,0x00,0x0e,0x00,0x00,0x00,0x7c,0x00,0x0e,0x00,0x00,0x00,0x18,0x00,0x0e,0x00,
    0x00,0x00,0x00,0x00,0x0e,0x00,0x00,0x00,0x00,0x00,0x0e,0x00,0x00,0x00,0x7f,0xff,
    0xff,0xff,0xff,0xe0,0x7f,0xff,0xff,0xff,0xff,0xe0,0x7f,0xff,0xff,0xff,0xff,0xe0,
    0x7f,0xff,0xff,0xff,0xff,0xe0,0x00,0x00,0x3f,0x80,0x00,0x00,0x00,0x00,0x3f,0xc0,
    0x00,0x00,0x00,0x00,0x3d,0xc0,0x00,0x00,0x00,0x00,0x79,0xe0,0x00,0x00,0x00,0x00,
    0x79,0xe0,0x00,0x00,0x00,0x00,0xf0,0xf0,0x00,0x00,0x00,0x01,0xf0,0x78,0x00,0x00,
    0x00,0x03,0xe0,0x7c,0x00,0x00,0x00,0x07,0xe0,0x3c,0x00,0x00,0x00,0x0f,0xc0,0x1f,
    0x00,0x00,0x00,0x1f,0x80,0x1f,0x80,0x00,0x00,0x3f,0x00,0x0f,0xc0,0x00,0x00,0xfe,
    0x00,0x07,0xf0,0x00,0x03,0xfc,0x00,0x03,0xf8,0x00,0x0f,0xf0,0x00,0x00,0xff,0x00,
    0x3f,0xe0,0x00,0x00,0x7f,0xe0,0xff,0x80,0x00,0x00,0x1f,0xf0,0x7e,0x00,0x00,0x00,
    0x07,0xe0,0x38,0x00,0x00,0x00,0x01,0xe0,

    /* U+5B57 */
    0x00,0x00,0x08,0x00,0x00,0x00,0x00,0x00,0x3c,0x00,0x00,0x00,0x00,0x00,0x3c,0x00,
    0x00,0x00,0x00,0x00,0x1e,0x00,0x00,0x00,0x00,0x00,0x1e,0x00,0x00,0x00,0x00,0x00,
    0x1f,0x00,0x00,0x00,0x7f,0xff,0xff,0xff,0xff,0x80,0x7f,0xff,0xff,0xff,0xff,0x80,
    0x7f,0xff,0xff,0xff,0xff,0x80,0x70,0x00,0x00,0x00,0x07,0x80,0x70,0x00,0x00,0x00,
    0x07,0x80,0x70,0x00,0x00,0x00,0x07,0x80,0x70,0x00,0x00,0x00,0x07,0x80,0x70,0x00,
    0x00,0x00,0x07,0x80,0x70,0x00,0x00,0x00,0x07,0x80,0x70,0xff,0xff,0xff,0x87,0x80,
    0x00,0xff,0xff,0xff,0xc0,0x00,0x00,0xff,0xff,0xff,0x80,0x00,0x00,0x00,0x00,0x1f,
    0x00,0x00,0x00,0x00,0x00,0x3e,0x00,0x00,0x00,0x00,0x00,0xfc,0x00,0x00,0x00,0x00,
    0x01,0xf8,0x00,0x00,0x00,0x00,0x03,0xe0,0x00,0x00,0x00,0x00,0x0f,0xc0,0x00,0x00,
    0x00,0x00,0x1f,0x00,0x00,0x00,0x00,0x00,0x1e,0x00,0x00,0x00,0x00,0x00,0x1e,0x00,
    0x00,0x00,0xff,0xff,0xff,0xff,0xff,0x80,0xff,0xff,0xff,0xff,0xff,0x80,0xff,0xff,
    0xff,0xff,0xff,0x80,0x00,0x00,0x1e,0x00,0x00,0x00,0x00,0x00,0x1e,0x00,0x00,0x00,
    0x00,0x00,0x1e,0x00,0x00,0x00,0x00,0x00,0x1e,0x00,0x00,0x00,0x00,0x00,0x1e,0x00,
    0x00,0x00,0x00,0x00,0x1e,0x00,0x00,0x00,0x00,0x00,0x1e,0x00,0x00,0x00,0x00,0x00,
    0x1e,0x00,0x00,0x00,0x00,0x00,0x1e,0x00,0x00,0x00,0x00,0x00,0x1e,0x00,0x00,0x00,
    0x00,0x00,0x1e,0x00,0x00,0x00,0x00,0x00,0x1e,0x00,0x00,0x00,0x00,0x1f,0xfe,0x00,
    0x00,0x00,0x00,0x0f,0xfc,0x00,0x00,0x00,0x00,0x0f,0xf8,0x00,0x00,0x00,0x00,0x06,
    0x00,0x00,0x00,0x00,

    /* U+5B58 */
    0x00,0x00,0xf0,0x00,0x00,0x00,0x00,0x00,0xf0,0x00,0x00,0x00,0x00,0x00,0xf0,0x00,
    0x00,0x00,0x00,0x01,0xe0,0x00,0x00,0x00,0x00,0x01,0xe0,0x00,0x00,0x00,0x00,0x01,
    0xe0,0x00,0x00,0x00,0x7f,0xff,0xff,0xff,0xff,0xe0,0x7f,0xff,0xff,0xff,0xff,0xe0,
    0x7f,0xff,0xff,0xff,0xff,0xe0,0x00,0x0f,0x80,0x00,0x00,0x00,0x00,0x0f,0x00,0x00,
    0x00,0x00,0x00,0x0f,0x00,0x00,0x00,0x00,0x00,0x1e,0x00,0x00,0x00,0x00,0x00,0x1e,
    0x00,0x00,0x00,0x00,0x00,0x3c,0x00,0x00,0x00,0x00,0x00,0x3c,0x3f,0xff,0xfe,0x00,
    0x00,0x78,0x3f,0xff,0xff,0x00,0x00,0xf8,0x3f,0xff,0xff,0x00,0x00,0xf0,0x00,0x00,
    0x3e,0x00,0x01,0xe0,0x00,0x00,0x7c,0x00,0x03,0xe0,0x00,0x00,0xf8,0x00,0x07,0xe0,
    0x00,0x01,0xe0,0x00,0x0f,0xe0,0x00,0x07,0xc0,0x00,0x1f,0xe0,0x00,0x0f,0x80,0x00,
    0x3f,0xe0,0x00,0x1e,0x00,0x00,0x7f,0xe0,0x00,0x1e,0x00,0x00,0xfd,0xe0,0x00,0x1e,
    0x00,0x00,0xf9,0xe0,0x00,0x1e,0x00,0x00,0x61,0xe3,0xff,0xff,0xff,0xf0,0x41,0xe3,
    0xff,0xff,0xff,0xf0,0x01,0xe3,0xff,0xff,0xff,0xf0,0x01,0xe0,0x00,0x1e,0x00,0x00,
    0x01,0xe0,0x00,0x1e,0x00,0x00,0x01,0xe0,0x00,0x1e,0x00,0x00,0x01,0xe0,0x00,0x1e,
    0x00,0x00,0x01,0xe0,0x00,0x1e,0x00,0x00,0x01,0xe0,0x00,0x1e,0x00,0x00,0x01,0xe0,
    0x00,0x1e,0x00,0x00,0x01,0xe0,0x00,0x1e,0x00,0x00,0x01,0xe0,0x00,0x1e,0x00,0x00,
    0x01,0xe0,0x00,0x1e,0x00,0x00,0x01,0xe0,0x0f,0xfe,0x00,0x00,0x01,0xe0,0x0f,0xfe,
    0x00,0x00,0x01,0xe0,0x0f,0xfc,0x00,0x00,

    /* U+5B8C */
    0x00,0x00,0x08,0x00,0x00,0x00,0x00,0x00,0x7c,0x00,0x00,0x00,0x00,0x00,0x3c,0x00,
    0x00,0x00,0x00,0x00,0x3e,0x00,0x00,0x00,0x00,0x00,0x1e,0x00,0x00,0x00,0x00,0x00,
    0x1f,0x00,0x00,0x00,0x7f,0xff,0xff,0xff,0xff,0x80,0x7f,0xff,0xff,0xff,0xff,0x80,
    0x7f,0xff,0xff,0xff,0xff,0x80,0x78,0x00,0x00,0x00,0x07,0x80,0x78,0x00,0x00,0x00,
    0x07,0x80,0x78,0x00,0x00,0x00,0x07,0x80,0x78,0x00,0x00,0x00,0x07,0x80,0x78,0x00,
    0x00,0x00,0x07,0x80,0x78,0x00,0x00,0x00,0x07,0x80,0x78,0xff,0xff,0xff,0xc7,0x80,
    0x78,0xff,0xff,0xff,0xc7,0x80,0x00,0xff,0xff,0xff,0xc0,0x00,0x00,0x00,0x00,0x00,
    0x00,0x00,0x00,0x00,0x00,0x00,0x00,0x00,0x00,0x00,0x00,0x00,0x00,0x00,0x00,0x00,
    0x00,0x00,0x00,0x00,0x00,0x00,0x00,0x00,0x00,0x00,0x00,0x00,0x00,0x00,0x00,0x00,
    0xff,0xff,0xff,0xff,0xff,0xc0,0xff,0xff,0xff,0xff,0xff,0xc0,0xff,0xff,0xff,0xff,
    0xff,0xc0,0x00,0x0f,0x80,0xf8,0x00,0x00,0x00,0x07,0x00,0x70,0x00,0x00,0x00,0x0f,
    0x00,0x70,0x00,0x00,0x00,0x0f,0x00,0x70,0x00,0x00,0x00,0x0f,0x00,0x70,0x00,0x00,
    0x00,0x0f,0x00,0x70,0x00,0x00,0x00,0x0e,0x00,0x70,0x00,0x00,0x00,0x1e,0x00,0x70,
    0x00,0x00,0x00,0x1e,0x00,0x70,0x01,0x80,0x00,0x3c,0x00,0x70,0x01,0xe0,0x00,0x3c,
    0x00,0x70,0x01,0xe0,0x00,0xf8,0x00,0x70,0x01,0xe0,0x01,0xf8,0x00,0x70,0x01,0xc0,
    0x07,0xf0,0x00,0x78,0x03,0xc0,0x3f,0xc0,0x00,0x7f,0xff,0xc0,0xff,0x80,0x00,0x7f,
    0xff,0x80,0xfe,0x00,0x00,0x3f,0xff,0x80,0x70,0x00,0x00,0x00,0x00,0x00,

    /* U+5B9A */
    0x00,0x00,0x04,0x00,0x00,0x00,0x00,0x00,0x1e,0x00,0x00,0x00,0x00,0x00,0x1e,0x00,
    0x00,0x00,0x00,0x00,0x0f,0x00,0x00,0x00,0x00,0x00,0x0f,0x00,0x00,0x00,0x00,0x00,
    0x07,0x80,0x00,0x00,0x3f,0xff,0xff,0xff,0xff,0xc0,0x3f,0xff,0xff,0xff,0xff,0xc0,
    0x3f,0xff,0xff,0xff,0xff,0xc0,0x3c,0x00,0x00,0x00,0x03,0xc0,0x3c,0x00,0x00,0x00,
    0x03,0xc0,0x3c,0x00,0x00,0x00,0x03,0xc0,0x3c,0x00,0x00,0x00,0x03,0xc0,0x3c,0x00,
    0x00,0x00,0x03,0xc0,0x3c,0x00,0x00,0x00,0x03,0xc0,0x3c,0x00,0x00,0x00,0x03,0xc0,
    0x3c,0xff,0xff,0xff,0xf3,0xc0,0x00,0xff,0xff,0xff,0xf0,0x00,0x00,0xff,0xff,0xff,
    0xf0,0x00,0x00,0x00,0x0f,0x00,0x00,0x00,0x00,0x00,0x0f,0x00,0x00,0x00,0x00,0x00,
    0x0f,0x00,0x00,0x00,0x00,0x00,0x0f,0x00,0x00,0x00,0x00,0x70,0x0f,0x00,0x00,0x00,
    0x00,0x70,0x0f,0x00,0x00,0x00,0x00,0xf0,0x0f,0x00,0x00,0x00,0x00,0xf0,0x0f,0x00,
    0x00,0x00,0x00,0xf0,0x0f,0xff,0xfc,0x00,0x00,0xf0,0x0f,0xff,0xfc,0x00,0x00,0xe0,
    0x0f,0xff,0xfc,0x00,0x01,0xf0,0x0f,0x00,0x00,0x00,0x01,0xf0,0x0f,0x00,0x00,0x00,
    0x01,0xf8,0x0f,0x00,0x00,0x00,0x03,0xf8,0x0f,0x00,0x00,0x00,0x03,0xfc,0x0f,0x00,
    0x00,0x00,0x03,0x9e,0x0f,0x00,0x00,0x00,0x07,0x9f,0x0f,0x00,0x00,0x00,0x0f,0x8f,
    0x8f,0x00,0x00,0x00,0x0f,0x07,0xcf,0x00,0x00,0x00,0x1f,0x03,0xff,0x00,0x00,0x00,
    0x3e,0x01,0xff,0x80,0x00,0x00,0x3c,0x00,0xff,0xff,0xff,0xf0,0xfc,0x00,0x3f,0xff,
    0xff,0xe0,0x78,0x00,0x07,0xff,0xff,0xe0,0x30,0x00,0x00,0x01,0xff,0xc0,

    /* U+5B9C */
    0x00,0x00,0x3c,0x00,0x00,0x00,0x00,0x00,0x3c,0x00,0x00,0x00,0x00,0x00,0x1e,0x00,
    0x00,0x00,0x00,0x00,0x1e,0x00,0x00,0x00,0x00,0x00,0x0f,0x00,0x00,0x00,0x00,0x00,
    0x0f,0x00,0x00,0x00,0x7f,0xff,0xff,0xff,0xff,0x80,0x7f,0xff,0xff,0xff,0xff,0x80,
    0x7f,0xff,0xff,0xff,0xff,0x80,0x78,0x00,0x00,0x00,0x07,0x80,0x78,0x00,0x00,0x00,
    0x07,0x80,0x78,0x00,0x00,0x00,0x07,0x80,0x78,0x00,0x00,0x00,0x07,0x80,0x78,0x00,
    0x00,0x00,0x07,0x80,0x78,0x7f,0xff,0xff,0x87,0x80,0x00,0x7f,0xff,0xff,0x80,0x00,
    0x00,0x7f,0xff,0xff,0x80,0x00,0x00,0x70,0x00,0x07,0x80,0x00,0x00,0x70,0x00,0x07,
    0x80,0x00,0x00,0x70,0x00,0x07,0x80,0x00,0x00,0x70,0x00,0x07,0x80,0x00,0x00,0x70,
    0x00,0x07,0x80,0x00,0x00,0x7f,0xff,0xff,0x80,0x00,0x00,0x7f,0xff,0xff,0x80,0x00,
    0x00,0x7f,0xff,0xff,0x80,0x00,0x00,0x70,0x00,0x07,0x80,0x00,0x00,0x70,0x00,0x07,
    0x80,0x00,0x00,0x70,0x00,0x07,0x80,0x00,0x00,0x70,0x00,0x07,0x80,0x00,0x00,0x70,
    0x00,0x07,0x80,0x00,0x00,0x70,0x00,0x07,0x80,0x00,0x00,0x7f,0xff,0xff,0x80,0x00,
    0x00,0x7f,0xff,0xff,0x80,0x00,0x00,0x7f,0xff,0xff,0x80,0x00,0x00,0x70,0x00,0x07,
    0x80,0x00,0x00,0x70,0x00,0x07,0x80,0x00,0x00,0x70,0x00,0x07,0x80,0x00,0x00,0x70,
    0x00,0x07,0x80,0x00,0x00,0x70,0x00,0x07,0x80,0x00,0x00,0x78,0x00,0x07,0x80,0x00,
    0xff,0xff,0xff,0xff,0xff,0xc0,0xff,0xff,0xff,0xff,0xff,0xc0,0xff,0xff,0xff,0xff,
    0xff,0xc0,

    /* U+5C0F */
    0x00,0x00,0x07,0x00,0x00,0x00,0x00,0x00,0x0f,0x00,0x00,0x00,0x00,0x00,0x0f,0x00,
    0x00,0x00,0x00,0x00,0x0f,0x00,0x00,0x00,0x00,0x00,0x0f,0x00,0x00,0x00,0x00,0x00,
    0x0f,0x00,0x00,0x00,0x00,0x00,0x0f,0x00,0x00,0x00,0x00,0x00,0x0f,0x00,0x00,0x00,
    0x00,0x00,0x0f,0x00,0x00,0x00,0x00,0x00,0x0f,0x00,0x00,0x00,0x00,0x00,0x0f,0x00,
    0x00,0x00,0x00,0x00,0x0f,0x00,0x00,0x00,0x00,0xe0,0x0f,0x00,0xf0,0x00,0x01,0xe0,
    0x0f,0x00,0xf0,0x00,0x01,0xe0,0x0f,0x00,0x78,0x00,0x01,0xe0,0x0f,0x00,0x7c,0x00,
    0x01,0xe0,0x0f,0x00,0x3c,0x00,0x03,0xc0,0x0f,0x00,0x3e,0x00,0x03,0xc0,0x0f,0x00,
    0x1e,0x00,0x03,0xc0,0x0f,0x00,0x1f,0x00,0x07,0x80,0x0f,0x00,0x0f,0x00,0x07,0x80,
    0x0f,0x00,0x0f,0x80,0x07,0x80,0x0f,0x00,0x07,0x80,0x0f,0x00,0x0f,0x00,0x07,0x80,
    0x0f,0x00,0x0f,0x00,0x03,0xc0,0x1f,0x00,0x0f,0x00,0x03,0xc0,0x1e,0x00,0x0f,0x00,
    0x03,0xe0,0x3e,0x00,0x0f,0x00,0x01,0xe0,0x3c,0x00,0x0f,0x00,0x01,0xe0,0x7c,0x00,
    0x0f,0x00,0x00,0xf0,0x78,0x00,0x0f,0x00,0x00,0xf0,0xf8,0x00,0x0f,0x00,0x00,0xf0,
    0x70,0x00,0x0f,0x00,0x00,0xf0,0x00,0x00,0x0f,0x00,0x00,0x60,0x00,0x00,0x0f,0x00,
    0x00,0x00,0x00,0x00,0x0f,0x00,0x00,0x00,0x00,0x00,0x0f,0x00,0x00,0x00,0x00,0x00,
    0x0f,0x00,0x00,0x00,0x00,0x00,0x0f,0x00,0x00,0x00,0x00,0x00,0x0f,0x00,0x00,0x00,
    0x00,0x1f,0xff,0x00,0x00,0x00,0x00,0x0f,0xff,0x00,0x00,0x00,0x00,0x0f,0xfe,0x00,
    0x00,0x00,0x00,0x0f,0xf8,0x00,0x00,0x00,

    /* U+5C4F */
    0x07,0xff,0xff,0xff,0xff,0x80,0x07,0xff,0xff,0xff,0xff,0x80,0x07,0xff,0xff,0xff,
    0xff,0x80,0x07,0x00,0x00,0x00,0x07,0x80,0x07,0x00,0x00,0x00,0x07,0x80,0x07,0x00,
    0x00,0x00,0x07,0x80,0x07,0x00,0x00,0x00,0x07,0x80,0x07,0x00,0x00,0x00,0x07,0x80,
    0x07,0xff,0xff,0xff,0xff,0x80,0x07,0xff,0xff,0xff,0xff,0x80,0x07,0xff,0xff,0xff,
    0xff,0x80,0x07,0x00,0x00,0x00,0x00,0x00,0x07,0x00,0xe0,0x00,0x78,0x00,0x07,0x01,
    0xe0,0x00,0x78,0x00,0x07,0x00,0xf0,0x00,0xf0,0x00,0x07,0x00,0xf0,0x00,0xe0,0x00,
    0x07,0x00,0x70,0x01,0xe0,0x00,0x07,0x00,0x00,0x01,0xc0,0x00,0x07,0x3f,0xff,0xff,
    0xff,0xc0,0x07,0x3f,0xff,0xff,0xff,0xc0,0x07,0x3f,0xff,0xff,0xff,0xc0,0x07,0x00,
    0x38,0x01,0xc0,0x00,0x0f,0x00,0x38,0x01,0xc0,0x00,0x0f,0x00,0x38,0x01,0xc0,0x00,
    0x0f,0x00,0x38,0x01,0xc0,0x00,0x0f,0x00,0x38,0x01,0xc0,0x00,0x0f,0x00,0x38,0x01,
    0xc0,0x00,0x0f,0x00,0x38,0x01,0xc0,0x00,0x0e,0x7f,0xff,0xff,0xff,0xe0,0x0e,0x7f,
    0xff,0xff,0xff,0xe0,0x0e,0x7f,0xff,0xff,0xff,0xe0,0x1e,0x00,0x78,0x01,0xc0,0x00,
    0x1e,0x00,0xf0,0x01,0xc0,0x00,0x1c,0x00,0xf0,0x01,0xc0,0x00,0x3c,0x01,0xf0,0x01,
    0xc0,0x00,0x3c,0x01,0xe0,0x01,0xc0,0x00,0x3c,0x03,0xc0,0x01,0xc0,0x00,0x78,0x0f,
    0xc0,0x01,0xc0,0x00,0x78,0x1f,0x80,0x01,0xc0,0x00,0xf0,0x7f,0x00,0x01,0xc0,0x00,
    0xf0,0x7c,0x00,0x01,0xc0,0x00,0x60,0x38,0x00,0x01,0xc0,0x00,

    /* U+5DE6 */
    0x00,0x00,0xe0,0x00,0x00,0x00,0x00,0x01,0xe0,0x00,0x00,0x00,0x00,0x01,0xe0,0x00,
    0x00,0x00,0x00,0x01,0xe0,0x00,0x00,0x00,0x00,0x01,0xe0,0x00,0x00,0x00,0x00,0x01,
    0xc0,0x00,0x00,0x00,0x00,0x01,0xc0,0x00,0x00,0x00,0x00,0x03,0xc0,0x00,0x00,0x00,
    0x00,0x03,0xc0,0x00,0x00,0x00,0x7f,0xff,0xff,0xff,0xff,0xc0,0x7f,0xff,0xff,0xff,
    0xff,0xc0,0x7f,0xff,0xff,0xff,0xff,0xc0,0x00,0x07,0x80,0x00,0x00,0x00,0x00,0x07,
    0x80,0x00,0x00,0x00,0x00,0x07,0x00,0x00,0x00,0x00,0x00,0x0f,0x00,0x00,0x00,0x00,
    0x00,0x0f,0x00,0x00,0x00,0x00,0x00,0x0e,0x00,0x00,0x00,0x00,0x00,0x1e,0x00,0x00,
    0x00,0x00,0x00,0x1e,0x00,0x00,0x00,0x00,0x00,0x1e,0x00,0x00,0x00,0x00,0x00,0x3e,
    0x00,0x00,0x00,0x00,0x00,0x3f,0xff,0xff,0xff,0x80,0x00,0x3b,0xff,0xff,0xff,0x80,
    0x00,0x7b,0xff,0xff,0xff,0x80,0x00,0x78,0x00,0x70,0x00,0x00,0x00,0xf0,0x00,0x70,
    0x00,0x00,0x00,0xf0,0x00,0x70,0x00,0x00,0x01,0xe0,0x00,0x70,0x00,0x00,0x01,0xe0,
    0x00,0x70,0x00,0x00,0x03,0xc0,0x00,0x70,0x00,0x00,0x07,0xc0,0x00,0x70,0x00,0x00,
    0x07,0x80,0x00,0x70,0x00,0x00,0x0f,0x00,0x00,0x70,0x00,0x00,0x1f,0x00,0x00,0x70,
    0x00,0x00,0x1e,0x00,0x00,0x70,0x00,0x00,0x3c,0x00,0x00,0x70,0x00,0x00,0x7c,0x00,
    0x00,0x70,0x00,0x00,0xf8,0x00,0x00,0x70,0x00,0x00,0xf0,0x00,0x00,0xf8,0x00,0x00,
    0x60,0x7f,0xff,0xff,0xff,0xe0,0x00,0x7f,0xff,0xff,0xff,0xe0,0x00,0x7f,0xff,0xff,
    0xff,0xe0,

    /* U+5DF2 */
    0xff,0xff,0xff,0xff,0xc0,0xff,0xff,0xff,0xff,0xc0,0xff,0xff,0xff,0xff,0xc0,0x00,
    0x00,0x00,0x01,0xc0,0x00,0x00,0x00,0x01,0xc0,0x00,0x00,0x00,0x01,0xc0,0x00,0x00,
    0x00,0x01,0xc0,0x00,0x00,0x00,0x01,0xc0,0x3c,0x00,0x00,0x01,0xc0,0x3c,0x00,0x00,
    0x01,0xc0,0x3c,0x00,0x00,0x01,0xc0,0x3c,0x00,0x00,0x01,0xc0,0x3c,0x00,0x00,0x01,
    0xc0,0x3c,0x00,0x00,0x01,0xc0,0x3c,0x00,0x00,0x01,0xc0,0x3c,0x00,0x00,0x01,0xc0,
    0x3f,0xff,0xff,0xff,0xc0,0x3f,0xff,0xff,0xff,0xc0,0x3f,0xff,0xff,0xff,0xc0,0x3f,
    0xff,0xff,0xff,0xc0,0x3c,0x00,0x00,0x01,0xc0,0x3c,0x00,0x00,0x01,0xc0,0x3c,0x00,
    0x00,0x00,0x00,0x3c,0x00,0x00,0x00,0x00,0x3c,0x00,0x00,0x00,0x00,0x3c,0x00,0x00,
    0x00,0x00,0x3c,0x00,0x00,0x00,0x00,0x3c,0x00,0x00,0x00,0x04,0x3c,0x00,0x00,0x00,
    0x07,0x3c,0x00,0x00,0x00,0x07,0x3c,0x00,0x00,0x00,0x0f,0x3c,0x00,0x00,0x00,0x0f,
    0x3c,0x00,0x00,0x00,0x0f,0x3c,0x00,0x00,0x00,0x0f,0x3c,0x00,0x00,0x00,0x1e,0x3e,
    0x00,0x00,0x00,0x3e,0x1f,0xf0,0x00,0x03,0xfe,0x1f,0xff,0xff,0xff,0xfc,0x0f,0xff,
    0xff,0xff,0xf8,0x01,0xff,0xff,0xff,0xe0,

    /* U+5E27 */
    0x03,0x80,0x00,0x1e,0x00,0x00,0x03,0x80,0x00,0x1e,0x00,0x00,0x03,0x80,0x00,0x1e,
    0x00,0x00,0x03,0x80,0x00,0x1e,0x00,0x00,0x03,0x80,0x00,0x1f,0xff,0x80,0x03,0x80,
    0x00,0x1f,0xff,0x80,0x03,0x80,0x00,0x1f,0xff,0x80,0x03,0x80,0x00,0x1e,0x00,0x00,
    0x03,0x80,0x00,0x1e,0x00,0x00,0xff,0xff,0x00,0x1e,0x00,0x00,0xff,0xff,0x00,0x1e,
    0x00,0x00,0xff,0xff,0x00,0x1e,0x00,0x00,0xe3,0x87,0x1f,0xff,0xfe,0x00,0xe3,0x87,
    0x1f,0xff,0xfe,0x00,0xe3,0x87,0x1f,0xff,0xfe,0x00,0xe3,0x87,0x1c,0x00,0x0e,0x00,
    0xe3,0x87,0x1c,0x00,0x0e,0x00,0xe3,0x87,0x1c,0x00,0x0e,0x00,0xe3,0x87,0x1c,0x0e,
    0x0e,0x00,0xe3,0x87,0x1c,0x1e,0x0e,0x00,0xe3,0x87,0x1c,0x1e,0x0e,0x00,0xe3,0x87,
    0x1c,0x1e,0x0e,0x00,0xe3,0x87,0x1c,0x1e,0x0e,0x00,0xe3,0x87,0x1c,0x1e,0x0e,0x00,
    0xe3,0x87,0x1c,0x1e,0x0e,0x00,0xe3,0x87,0x1c,0x1e,0x0e,0x00,0xe3,0x87,0x1c,0x1e,
    0x0e,0x00,0xe3,0x87,0x1c,0x1e,0x0e,0x00,0xe3,0x87,0x1c,0x1e,0x0e,0x00,0xe3,0x87,
    0x1c,0x1e,0x0e,0x00,0xe3,0x87,0x1c,0x1c,0x0e,0x00,0xe3,0x9f,0x1c,0x1c,0x0e,0x00,
    0xe3,0x9f,0x1c,0x1c,0x0e,0x00,0xe3,0x9c,0x1c,0x3c,0x0e,0x00,0x03,0x80,0x0c,0x78,
    0x00,0x00,0x03,0x80,0x00,0x78,0x00,0x00,0x03,0x80,0x00,0xf1,0xc0,0x00,0x03,0x80,
    0x01,0xe3,0xe0,0x00,0x03,0x80,0x07,0xe1,0xf8,0x00,0x03,0x80,0x0f,0x80,0x7e,0x00,
    0x03,0x80,0x7f,0x00,0x3f,0x00,0x03,0x81,0xfe,0x00,0x0f,0x80,0x03,0x80,0xf8,0x00,
    0x07,0x80,0x03,0x80,0xe0,0x00,0x01,0x00,

    /* U+5E2E */
    0x00,0x3c,0x00,0x00,0x00,0x00,0x00,0x3c,0x00,0x00,0x00,0x00,0x00,0x3c,0x00,0x7f,
    0xff,0x80,0x00,0x3c,0x00,0x7f,0xff,0xc0,0xff,0xff,0xfe,0x7f,0xff,0x80,0xff,0xff,
    0xfe,0x70,0x0f,0x00,0xff,0xff,0xfe,0x70,0x0e,0x00,0x00,0x3c,0x00,0x70,0x1e,0x00,
    0x00,0x3c,0x00,0x70,0x3c,0x00,0x00,0x3c,0x00,0x70,0x38,0x00,0x7f,0xff,0xfc,0x70,
    0x70,0x00,0x7f,0xff,0xfc,0x70,0xf8,0x00,0x7f,0xff,0xf8,0x70,0x3c,0x00,0x00,0x3c,
    0x00,0x70,0x1e,0x00,0x00,0x3c,0x00,0x70,0x0f,0x00,0x00,0x3c,0x00,0x70,0x07,0x80,
    0x00,0x3c,0x00,0x70,0x03,0x80,0xff,0xff,0xfe,0x70,0x03,0x80,0xff,0xff,0xfe,0x70,
    0x03,0x80,0xff,0xff,0xfe,0x70,0x07,0x80,0x00,0xf0,0x00,0x73,0xff,0x80,0x01,0xf0,
    0x00,0x73,0xff,0x00,0x03,0xe0,0x00,0x71,0xfc,0x00,0x07,0xc0,0x00,0x70,0x00,0x00,
    0x1f,0x80,0x1e,0x70,0x00,0x00,0x7e,0x00,0x1e,0x70,0x00,0x00,0x3c,0x00,0x1e,0x00,
    0x00,0x00,0x10,0x00,0x1e,0x00,0x00,0x00,0x0f,0xff,0xff,0xff,0xfc,0x00,0x0f,0xff,
    0xff,0xff,0xfc,0x00,0x0f,0xff,0xff,0xff,0xfc,0x00,0x0f,0x00,0x1e,0x00,0x1c,0x00,
    0x0f,0x00,0x1e,0x00,0x1c,0x00,0x0f,0x00,0x1e,0x00,0x1c,0x00,0x0f,0x00,0x1e,0x00,
    0x1c,0x00,0x0f,0x00,0x1e,0x00,0x1c,0x00,0x0f,0x00,0x1e,0x00,0x1c,0x00,0x0f,0x00,
    0x1e,0x00,0x1c,0x00,0x0f,0x00,0x1e,0x00,0x1c,0x00,0x0f,0x00,0x1e,0x1f,0xfc,0x00,
    0x0f,0x00,0x1e,0x0f,0xfc,0x00,0x0f,0x00,0x1e,0x0f,0xf0,0x00,0x00,0x00,0x1e,0x00,
    0x00,0x00,0x00,0x00,0x1e,0x00,0x00,0x00,

    /* U+5EA6 */
    0x00,0x00,0x07,0x80,0x00,0x00,0x00,0x00,0x07,0x80,0x00,0x00,0x00,0x00,0x03,0xc0,
    0x00,0x00,0x00,0x00,0x03,0xc0,0x00,0x00,0x00,0x00,0x03,0xe0,0x00,0x00,0x0f,0xff,
    0xff,0xff,0xff,0xe0,0x0f,0xff,0xff,0xff,0xff,0xe0,0x0f,0xff,0xff,0xff,0xff,0xe0,
    0x0f,0x00,0x00,0x00,0x00,0x00,0x0f,0x00,0x70,0x00,0xe0,0x00,0x0f,0x00,0x70,0x00,
    0xe0,0x00,0x0f,0x00,0x70,0x00,0xe0,0x00,0x0f,0x00,0x70,0x00,0xe0,0x00,0x0f,0x7f,
    0xff,0xff,0xff,0xe0,0x0f,0x7f,0xff,0xff,0xff,0xe0,0x0f,0x7f,0xff,0xff,0xff,0xe0,
    0x0f,0x00,0x70,0x00,0xe0,0x00,0x0f,0x00,0x70,0x00,0xe0,0x00,0x0f,0x00,0x70,0x00,
    0xe0,0x00,0x0f,0x00,0x70,0x00,0xe0,0x00,0x0f,0x00,0x70,0x00,0xe0,0x00,0x0f,0x00,
    0x70,0x00,0xe0,0x00,0x0f,0x00,0x7f,0xff,0xe0,0x00,0x0f,0x00,0x7f,0xff,0xe0,0x00,
    0x0f,0x00,0x7f,0xff,0xe0,0x00,0x0e,0x00,0x00,0x00,0x00,0x00,0x0e,0x00,0x00,0x00,
    0x00,0x00,0x0e,0x00,0x00,0x00,0x00,0x00,0x0e,0x3f,0xff,0xff,0xfe,0x00,0x0e,0x3f,
    0xff,0xff,0xfe,0x00,0x1e,0x3f,0xff,0xff,0xfe,0x00,0x1e,0x01,0xc0,0x00,0x3c,0x00,
    0x1e,0x01,0xe0,0x00,0x78,0x00,0x1c,0x00,0xf0,0x01,0xf0,0x00,0x1c,0x00,0x7c,0x03,
    0xe0,0x00,0x3c,0x00,0x3e,0x0f,0xc0,0x00,0x3c,0x00,0x1f,0xbf,0x80,0x00,0x3c,0x00,
    0x07,0xfe,0x00,0x00,0x38,0x00,0x07,0xfc,0x00,0x00,0x78,0x00,0x7f,0xff,0x80,0x00,
    0x78,0x0f,0xff,0xbf,0xfc,0x00,0x70,0xff,0xfc,0x07,0xff,0xf0,0xf0,0xff,0xc0,0x00,
    0xff,0xe0,0x30,0x78,0x00,0x00,0x0f,0xc0,

    /* U+5F00 */
    0x7f,0xff,0xff,0xff,0xff,0x80,0x7f,0xff,0xff,0xff,0xff,0x80,0x7f,0xff,0xff,0xff,
    0xff,0x80,0x00,0x1e,0x00,0x0f,0x00,0x00,0x00,0x1e,0x00,0x0f,0x00,0x00,0x00,0x1e,
    0x00,0x0f,0x00,0x00,0x00,0x1e,0x00,0x0f,0x00,0x00,0x00,0x1e,0x00,0x0f,0x00,0x00,
    0x00,0x1e,0x00,0x0f,0x00,0x00,0x00,0x1e,0x00,0x0f,0x00,0x00,0x00,0x1e,0x00,0x0f,
    0x00,0x00,0x00,0x1e,0x00,0x0f,0x00,0x00,0x00,0x1e,0x00,0x0f,0x00,0x00,0x00,0x1e,
    0x00,0x0f,0x00,0x00,0x00,0x1e,0x00,0x0f,0x00,0x00,0x00,0x1e,0x00,0x0f,0x00,0x00,
    0x00,0x1e,0x00,0x0f,0x00,0x00,0xff,0xff,0xff,0xff,0xff,0xc0,0xff,0xff,0xff,0xff,
    0xff,0xc0,0xff,0xff,0xff,0xff,0xff,0xc0,0x00,0x3e,0x00,0x0f,0x00,0x00,0x00,0x1c,
    0x00,0x0f,0x00,0x00,0x00,0x1c,0x00,0x0f,0x00,0x00,0x00,0x3c,0x00,0x0f,0x00,0x00,
    0x00,0x3c,0x00,0x0f,0x00,0x00,0x00,0x3c,0x00,0x0f,0x00,0x00,0x00,0x3c,0x00,0x0f,
    0x00,0x00,0x00,0x78,0x00,0x0f,0x00,0x00,0x00,0x78,0x00,0x0f,0x00,0x00,0x00,0xf8,
    0x00,0x0f,0x00,0x00,0x00,0xf0,0x00,0x0f,0x00,0x00,0x01,0xf0,0x00,0x0f,0x00,0x00,
    0x01,0xe0,0x00,0x0f,0x00,0x00,0x03,0xe0,0x00,0x0f,0x00,0x00,0x07,0xc0,0x00,0x0f,
    0x00,0x00,0x0f,0x80,0x00,0x0f,0x00,0x00,0x1f,0x00,0x00,0x0f,0x00,0x00,0x3f,0x00,
    0x00,0x0f,0x00,0x00,0xfe,0x00,0x00,0x0f,0x00,0x00,0x78,0x00,0x00,0x0f,0x00,0x00,
    0x30,0x00,0x00,0x0f,0x00,0x00,

    /* U+5F0F */
    0x00,0x00,0x00,0xf0,0x40,0x00,0x00,0x00,0x00,0xf0,0xe0,0x00,0x00,0x00,0x00,0xf0,
    0xf8,0x00,0x00,0x00,0x00,0xf0,0x7c,0x00,0x00,0x00,0x00,0xf0,0x3e,0x00,0x00,0x00,
    0x00,0xf0,0x1f,0x00,0x00,0x00,0x00,0xf0,0x0e,0x00,0x00,0x00,0x00,0xf0,0x04,0x00,
    0x00,0x00,0x00,0xf0,0x00,0x00,0xff,0xff,0xff,0xff,0xff,0xc0,0xff,0xff,0xff,0xff,
    0xff,0xc0,0xff,0xff,0xff,0xff,0xff,0xc0,0x00,0x00,0x00,0x70,0x00,0x00,0x00,0x00,
    0x00,0x70,0x00,0x00,0x00,0x00,0x00,0x70,0x00,0x00,0x00,0x00,0x00,0x78,0x00,0x00,
    0x00,0x00,0x00,0x78,0x00,0x00,0x00,0x00,0x00,0x78,0x00,0x00,0x00,0x00,0x00,0x78,
    0x00,0x00,0x00,0x00,0x00,0x78,0x00,0x00,0x3f,0xff,0xfe,0x78,0x00,0x00,0x3f,0xff,
    0xfe,0x38,0x00,0x00,0x3f,0xff,0xfe,0x38,0x00,0x00,0x00,0x3c,0x00,0x3c,0x00,0x00,
    0x00,0x3c,0x00,0x3c,0x00,0x00,0x00,0x3c,0x00,0x3c,0x00,0x00,0x00,0x3c,0x00,0x3c,
    0x00,0x00,0x00,0x3c,0x00,0x1c,0x00,0x00,0x00,0x3c,0x00,0x1e,0x00,0x00,0x00,0x3c,
    0x00,0x1e,0x00,0x00,0x00,0x3c,0x00,0x1e,0x00,0x00,0x00,0x3c,0x00,0x0e,0x00,0x00,
    0x00,0x3c,0x00,0x0f,0x00,0x80,0x00,0x3c,0x00,0x0f,0x00,0xe0,0x00,0x3c,0x00,0x0f,
    0x00,0xe0,0x00,0x3c,0x1f,0x07,0x80,0xe0,0x00,0x3d,0xff,0x07,0x80,0xe0,0x00,0x3f,
    0xff,0x03,0xc0,0xe0,0x03,0xff,0xf8,0x03,0xc1,0xe0,0x7f,0xff,0x80,0x01,0xe1,0xe0,
    0xff,0xf8,0x00,0x01,0xf1,0xc0,0x7f,0x80,0x00,0x00,0xff,0xc0,0x70,0x00,0x00,0x00,
    0x7f,0x80,0x00,0x00,0x00,0x00,0x3f,0x80,0x00,0x00,0x00,0x00,0x0e,0x00,

    /* U+5F20 */
    0x00,0x00,0x1e,0x00,0x00,0x00,0x7f,0xf8,0x1e,0x00,0x0c,0x00,0x7f,0xf8,0x1e,0x00,
    0x0f,0x00,0x7f,0xf8,0x1e,0x00,0x1e,0x00,0x00,0x38,0x1e,0x00,0x3c,0x00,0x00,0x38,
    0x1e,0x00,0x7c,0x00,0x00,0x38,0x1e,0x00,0x78,0x00,0x00,0x38,0x1e,0x00,0xf0,0x00,
    0x00,0x38,0x1e,0x01,0xe0,0x00,0x00,0x38,0x1e,0x03,0xe0,0x00,0x00,0x38,0x1e,0x07,
    0xc0,0x00,0x00,0x38,0x1e,0x0f,0x80,0x00,0x3f,0xf8,0x1e,0x3f,0x00,0x00,0x3f,0xf8,
    0x1e,0x7e,0x00,0x00,0x3f,0xf8,0x1e,0x38,0x00,0x00,0x38,0x00,0x1e,0x10,0x00,0x00,
    0x78,0x00,0x1e,0x00,0x00,0x00,0x78,0x00,0x1e,0x00,0x00,0x00,0x78,0x03,0xff,0xff,
    0xff,0xc0,0x70,0x03,0xff,0xff,0xff,0xc0,0x70,0x03,0xff,0xff,0xff,0xc0,0x70,0x00,
    0x1e,0x0e,0x00,0x00,0x70,0x00,0x1e,0x0e,0x00,0x00,0x7f,0xfc,0x1e,0x0f,0x00,0x00,
    0x7f,0xf8,0x1e,0x07,0x00,0x00,0xff,0xf8,0x1e,0x07,0x00,0x00,0x00,0x38,0x1e,0x07,
    0x80,0x00,0x00,0x38,0x1e,0x07,0x80,0x00,0x00,0x38,0x1e,0x03,0xc0,0x00,0x00,0x38,
    0x1e,0x03,0xc0,0x00,0x00,0x38,0x1e,0x01,0xe0,0x00,0x00,0x38,0x1e,0x01,0xe0,0x00,
    0x00,0x78,0x1e,0x00,0xf0,0x00,0x00,0x78,0x1e,0x00,0xf0,0x00,0x00,0x78,0x1e,0x00,
    0x78,0x00,0x00,0x78,0x1e,0x04,0x7c,0x00,0x00,0x78,0x1e,0x3c,0x3c,0x00,0x00,0x70,
    0x1e,0xfc,0x1e,0x00,0x00,0x70,0x1f,0xfc,0x1f,0x80,0x00,0xf0,0x1f,0xf0,0x0f,0xc0,
    0x7f,0xf0,0x3f,0x80,0x07,0xc0,0x7f,0xe0,0x3e,0x00,0x03,0x80,0x3f,0xc0,0x38,0x00,
    0x00,0x00,

    /* U+5F53 */
    0x00,0x00,0xf0,0x00,0x00,0x00,0x00,0xf0,0x00,0x00,0x70,0x00,0xf0,0x00,0xf0,0xf0,
    0x00,0xf0,0x01,0xf0,0x78,0x00,0xf0,0x01,0xe0,0x3c,0x00,0xf0,0x01,0xe0,0x3c,0x00,
    0xf0,0x03,0xc0,0x1e,0x00,0xf0,0x03,0xc0,0x1e,0x00,0xf0,0x07,0x80,0x0f,0x00,0xf0,
    0x07,0x80,0x0f,0x00,0xf0,0x0f,0x00,0x07,0x80,0xf0,0x1e,0x00,0x07,0x80,0xf0,0x1e,
    0x00,0x03,0x00,0xf0,0x3c,0x00,0x00,0x00,0xf0,0x08,0x00,0x00,0x00,0xf0,0x00,0x00,
    0x00,0x00,0xf0,0x00,0x00,0x7f,0xff,0xff,0xff,0xf0,0x7f,0xff,0xff,0xff,0xf0,0x7f,
    0xff,0xff,0xff,0xf0,0x7f,0xff,0xff,0xff,0xf0,0x00,0x00,0x00,0x00,0xf0,0x00,0x00,
    0x00,0x00,0xf0,0x00,0x00,0x00,0x00,0xf0,0x00,0x00,0x00,0x00,0xf0,0x00,0x00,0x00,
    0x00,0xf0,0x00,0x00,0x00,0x00,0xf0,0x00,0x00,0x00,0x01,0xf0,0x3f,0xff,0xff,0xff,
    0xf0,0x3f,0xff,0xff,0xff,0xf0,0x3f,0xff,0xff,0xff,0xf0,0x00,0x00,0x00,0x00,0xf0,
    0x00,0x00,0x00,0x00,0xf0,0x00,0x00,0x00,0x00,0xf0,0x00,0x00,0x00,0x00,0xf0,0x00,
    0x00,0x00,0x00,0xf0,0x00,0x00,0x00,0x00,0xf0,0x00,0x00,0x00,0x00,0xf0,0x00,0x00,
    0x00,0x01,0xf0,0xff,0xff,0xff,0xff,0xf0,0xff,0xff,0xff,0xff,0xf0,0xff,0xff,0xff,
    0xff,0xf0,0x00,0x00,0x00,0x00,0xf0,0x00,0x00,0x00,0x00,0xf0,

    /* U+5F85 */
    0x00,0x30,0x00,0x1e,0x00,0x00,0x00,0x78,0x00,0x1e,0x00,0x00,0x00,0xf8,0x00,0x1e,
    0x00,0x00,0x01,0xf0,0x00,0x1e,0x00,0x00,0x01,0xe0,0x00,0x1e,0x00,0x00,0x03,0xc0,
    0x00,0x1e,0x00,0x00,0x0f,0x80,0x7f,0xff,0xff,0x80,0x1f,0x00,0x7f,0xff,0xff,0x80,
    0x3e,0x00,0x7f,0xff,0xff,0x80,0x7c,0x00,0x00,0x1e,0x00,0x00,0x78,0x00,0x00,0x1e,
    0x00,0x00,0x70,0x18,0x00,0x1e,0x00,0x00,0x20,0x3c,0x00,0x1e,0x00,0x00,0x00,0x78,
    0x00,0x1e,0x00,0x00,0x00,0x78,0x00,0x1e,0x00,0x00,0x00,0xf0,0x00,0x1e,0x00,0x00,
    0x01,0xe3,0xff,0xff,0xff,0xf0,0x03,0xe3,0xff,0xff,0xff,0xf0,0x07,0xc3,0xff,0xff,
    0xff,0xf0,0x0f,0xc0,0x00,0x00,0x38,0x00,0x1f,0xc0,0x00,0x00,0x38,0x00,0x3f,0xc0,
    0x00,0x00,0x38,0x00,0x7d,0xc0,0x00,0x00,0x38,0x00,0xf9,0xc0,0x00,0x00,0x38,0x00,
    0xf1,0xc3,0xff,0xff,0xff,0xf0,0x61,0xc3,0xff,0xff,0xff,0xf0,0x41,0xc3,0xff,0xff,
    0xff,0xf0,0x01,0xc0,0x00,0x00,0x38,0x00,0x01,0xc0,0x00,0x00,0x38,0x00,0x01,0xc0,
    0x08,0x00,0x38,0x00,0x01,0xc0,0x3c,0x00,0x38,0x00,0x01,0xc0,0x1e,0x00,0x38,0x00,
    0x01,0xc0,0x0f,0x00,0x38,0x00,0x01,0xc0,0x0f,0x00,0x38,0x00,0x01,0xc0,0x07,0x80,
    0x38,0x00,0x01,0xc0,0x03,0xc0,0x38,0x00,0x01,0xc0,0x03,0xc0,0x38,0x00,0x01,0xc0,
    0x01,0xc0,0x38,0x00,0x01,0xc0,0x01,0x80,0x38,0x00,0x01,0xc0,0x00,0x00,0x38,0x00,
    0x01,0xc0,0x00,0x00,0x38,0x00,0x01,0xc0,0x00,0x1f,0xf8,0x00,0x01,0xc0,0x00,0x1f,
    0xf8,0x00,0x01,0xc0,0x00,0x1f,0xf0,0x00,

    /* U+6001 */
    0x00,0x00,0x1e,0x00,0x00,0x00,0x00,0x00,0x1e,0x00,0x00,0x00,0x00,0x00,0x1e,0x00,
    0x00,0x00,0x00,0x00,0x1c,0x00,0x00,0x00,0x00,0x00,0x1c,0x00,0x00,0x00,0x00,0x00,
    0x1c,0x00,0x00,0x00,0x00,0x00,0x3c,0x00,0x00,0x00,0xff,0xff,0xff,0xff,0xff,0xc0,
    0xff,0xff,0xff,0xff,0xff,0xc0,0xff,0xff,0xff,0xff,0xff,0xc0,0x00,0x00,0x7f,0x80,
    0x00,0x00,0x00,0x00,0x7b,0xc0,0x00,0x00,0x00,0x00,0xf3,0xc0,0x00,0x00,0x00,0x00,
    0xf1,0xe0,0x00,0x00,0x00,0x01,0xe1,0xf0,0x00,0x00,0x00,0x03,0xe0,0xf0,0x00,0x00,
    0x00,0x03,0xc0,0x78,0x00,0x00,0x00,0x07,0x80,0x7c,0x00,0x00,0x00,0x0f,0x80,0x3e,
    0x00,0x00,0x00,0x3f,0x70,0x1f,0x80,0x00,0x00,0x7e,0xf8,0x0f,0xe0,0x00,0x01,0xfc,
    0x7e,0x07,0xf0,0x00,0x07,0xf0,0x3f,0x01,0xfc,0x00,0x3f,0xe0,0x1f,0x80,0xff,0x80,
    0xff,0x80,0x07,0xc0,0x3f,0xc0,0xfe,0x00,0x03,0x80,0x0f,0xc0,0x70,0x00,0x10,0x00,
    0x03,0x80,0x00,0x00,0x78,0x00,0x00,0x00,0x00,0x00,0x3c,0x00,0x10,0x00,0x0e,0x38,
    0x1e,0x00,0x78,0x00,0x0e,0x38,0x0f,0x00,0x38,0x00,0x0e,0x38,0x07,0x80,0x3c,0x00,
    0x1e,0x38,0x07,0xc0,0x1c,0x00,0x1e,0x38,0x03,0xe0,0x1e,0x00,0x1c,0x38,0x01,0xe0,
    0x0e,0x00,0x3c,0x38,0x00,0x81,0xcf,0x00,0x3c,0x38,0x00,0x01,0xc7,0x00,0x38,0x38,
    0x00,0x01,0xc7,0x80,0x78,0x3c,0x00,0x01,0xc7,0x80,0xf0,0x3c,0x00,0x03,0xc3,0x80,
    0xf0,0x3f,0xff,0xff,0x83,0xc0,0x60,0x1f,0xff,0xff,0x83,0x00,0x00,0x0f,0xff,0xff,
    0x00,0x00,

    /* U+606F */
    0x00,0x00,0x18,0x00,0x00,0x00,0x00,0x00,0x1e,0x00,0x00,0x00,0x00,0x00,0x1e,0x00,
    0x00,0x00,0x00,0x00,0x3c,0x00,0x00,0x00,0x00,0x00,0x3c,0x00,0x00,0x00,0x01,0xff,
    0xff,0xff,0xe0,0x00,0x03,0xff,0xff,0xff,0xf0,0x00,0x03,0xff,0xff,0xff,0xf0,0x00,
    0x03,0xc0,0x00,0x00,0xf0,0x00,0x03,0xc0,0x00,0x00,0xf0,0x00,0x03,0xc0,0x00,0x00,
    0xf0,0x00,0x03,0xc0,0x00,0x00,0xf0,0x00,0x03,0xff,0xff,0xff,0xf0,0x00,0x03,0xff,
    0xff,0xff,0xf0,0x00,0x03,0xff,0xff,0xff,0xf0,0x00,0x03,0xc0,0x00,0x00,0xf0,0x00,
    0x03,0xc0,0x00,0x00,0xf0,0x00,0x03,0xc0,0x00,0x00,0xf0,0x00,0x03,0xc0,0x00,0x00,
    0xf0,0x00,0x03,0xff,0xff,0xff,0xf0,0x00,0x03,0xff,0xff,0xff,0xf0,0x00,0x03,0xff,
    0xff,0xff,0xf0,0x00,0x03,0xc0,0x00,0x00,0xf0,0x00,0x03,0xc0,0x00,0x00,0xf0,0x00,
    0x03,0xc0,0x00,0x00,0xf0,0x00,0x03,0xff,0xff,0xff,0xf0,0x00,0x03,0xff,0xff,0xff,
    0xf0,0x00,0x03,0xff,0xff,0xff,0xf0,0x00,0x00,0x00,0x10,0x00,0x00,0x00,0x00,0x00,
    0x78,0x00,0x00,0x00,0x00,0x00,0x3c,0x00,0x00,0x00,0x08,0x00,0x1e,0x00,0x18,0x00,
    0x0e,0x38,0x0f,0x00,0x3c,0x00,0x1e,0x38,0x07,0x80,0x3e,0x00,0x1e,0x38,0x03,0xc0,
    0x1e,0x00,0x3c,0x38,0x03,0xc0,0x0f,0x00,0x3c,0x38,0x01,0x81,0x8f,0x00,0x38,0x38,
    0x00,0x03,0xc7,0x80,0x78,0x38,0x00,0x03,0xc7,0x80,0xf0,0x38,0x00,0x03,0xc3,0xc0,
    0xf0,0x3c,0x00,0x07,0x83,0xc0,0xe0,0x3f,0xff,0xff,0x81,0x00,0x20,0x3f,0xff,0xff,
    0x80,0x00,0x00,0x1f,0xff,0xfe,0x00,0x00,

    /* U+6210 */
    0x00,0x00,0x00,0xf0,0x80,0x00,0x00,0x00,0x00,0xf1,0xe0,0x00,0x00,0x00,0x00,0xf1,
    0xf8,0x00,0x00,0x00,0x00,0xf0,0xfc,0x00,0x00,0x00,0x00,0xf0,0x3f,0x00,0x00,0x00,
    0x00,0xf0,0x1f,0x80,0x00,0x00,0x00,0xf0,0x07,0x00,0x00,0x00,0x00,0xf0,0x02,0x00,
    0x0f,0xff,0xff,0xff,0xff,0xe0,0x0f,0xff,0xff,0xff,0xff,0xe0,0x0f,0xff,0xff,0xff,
    0xff,0xe0,0x0f,0xff,0xff,0xff,0xff,0xe0,0x0f,0x00,0x00,0x70,0x00,0x00,0x0f,0x00,
    0x00,0x70,0x00,0x00,0x0f,0x00,0x00,0x70,0x00,0x00,0x0f,0x00,0x00,0x78,0x00,0x00,
    0x0f,0x00,0x00,0x78,0x07,0x00,0x0f,0x00,0x00,0x78,0x0f,0x00,0x0f,0xff,0xf0,0x78,
    0x0f,0x00,0x0f,0xff,0xf0,0x78,0x1e,0x00,0x0f,0xff,0xf0,0x38,0x1e,0x00,0x0f,0x00,
    0xf0,0x38,0x1e,0x00,0x0f,0x00,0x70,0x3c,0x3c,0x00,0x0f,0x00,0x70,0x3c,0x3c,0x00,
    0x0f,0x00,0x70,0x3c,0x78,0x00,0x0f,0x00,0x70,0x3c,0x78,0x00,0x0f,0x00,0x70,0x1c,
    0xf0,0x00,0x0f,0x00,0x70,0x1f,0xf0,0x00,0x0f,0x00,0xf0,0x1f,0xe0,0x00,0x0f,0x00,
    0xf0,0x1f,0xc0,0x00,0x0e,0x00,0xf0,0x0f,0xc0,0x00,0x0e,0x00,0xf0,0x0f,0x80,0x00,
    0x0e,0x00,0xf0,0x0f,0x00,0x40,0x1e,0x01,0xe0,0x1f,0x00,0x70,0x1e,0x7f,0xe0,0x3f,
    0x80,0x70,0x1e,0x3f,0xe0,0x7f,0x80,0xf0,0x1c,0x3f,0xc0,0xfb,0xc0,0xf0,0x3c,0x00,
    0x03,0xf3,0xe0,0xe0,0x3c,0x00,0x07,0xe1,0xe0,0xe0,0x78,0x00,0x0f,0xc1,0xf0,0xe0,
    0x78,0x00,0x3f,0x80,0xff,0xe0,0xf8,0x00,0x7e,0x00,0x7f,0xc0,0xf0,0x00,0x3c,0x00,
    0x3f,0xc0,0x30,0x00,0x10,0x00,0x0f,0x80,

    /* U+6253 */
    0x00,0xe0,0x00,0x00,0x00,0x00,0x00,0xe0,0x00,0x00,0x00,0x00,0x00,0xe0,0x00,0x00,
    0x00,0x00,0x00,0xe0,0x00,0x00,0x00,0x00,0x00,0xe0,0x3f,0xff,0xff,0xf0,0x00,0xe0,
    0x3f,0xff,0xff,0xf0,0x00,0xe0,0x3f,0xff,0xff,0xf0,0x00,0xe0,0x3f,0xff,0xff,0xe0,
    0x00,0xe0,0x00,0x00,0xe0,0x00,0x01,0xe0,0x00,0x00,0xe0,0x00,0xff,0xff,0xc0,0x00,
    0xe0,0x00,0xff,0xff,0xc0,0x00,0xe0,0x00,0xff,0xff,0xc0,0x00,0xe0,0x00,0x00,0xe0,
    0x00,0x00,0xe0,0x00,0x00,0xe0,0x00,0x00,0xe0,0x00,0x00,0xe0,0x00,0x00,0xe0,0x00,
    0x00,0xe0,0x00,0x00,0xe0,0x00,0x00,0xe0,0x00,0x00,0xe0,0x00,0x00,0xe0,0x00,0x00,
    0xe0,0x00,0x00,0xe0,0x00,0x00,0xe0,0x00,0x00,0xe0,0x00,0x00,0xe0,0x00,0x00,0xe3,
    0xc0,0x00,0xe0,0x00,0x00,0xff,0xc0,0x00,0xe0,0x00,0x01,0xff,0xc0,0x00,0xe0,0x00,
    0x0f,0xff,0x00,0x00,0xe0,0x00,0xff,0xf8,0x00,0x00,0xe0,0x00,0xff,0xe0,0x00,0x00,
    0xe0,0x00,0x7d,0xe0,0x00,0x00,0xe0,0x00,0x60,0xe0,0x00,0x00,0xe0,0x00,0x00,0xe0,
    0x00,0x00,0xe0,0x00,0x00,0xe0,0x00,0x00,0xe0,0x00,0x00,0xe0,0x00,0x00,0xe0,0x00,
    0x00,0xe0,0x00,0x00,0xe0,0x00,0x00,0xe0,0x00,0x00,0xe0,0x00,0x00,0xe0,0x00,0x00,
    0xe0,0x00,0x00,0xe0,0x00,0x00,0xe0,0x00,0x00,0xe0,0x00,0x00,0xe0,0x00,0x00,0xe0,
    0x00,0x00,0xe0,0x00,0x00,0xe0,0x00,0x00,0xe0,0x00,0x00,0xe0,0x00,0x00,0xe0,0x00,
    0x01,0xe0,0x01,0xff,0xe0,0x00,0x3f,0xe0,0x01,0xff,0xe0,0x00,0x3f,0xc0,0x01,0xff,
    0xc0,0x00,0x1f,0x80,0x00,0xff,0x00,0x00,

    /* U+627E */
    0x01,0xe0,0x00,0xe0,0x00,0x00,0x01,0xe0,0x00,0xe0,0xc0,0x00,0x01,0xe0,0x00,0xe1,
    0xe0,0x00,0x01,0xe0,0x00,0xe1,0xf0,0x00,0x01,0xe0,0x00,0xe0,0xf8,0x00,0x01,0xe0,
    0x00,0xe0,0x7c,0x00,0x01,0xe0,0x00,0xe0,0x3e,0x00,0x01,0xe0,0x00,0xf0,0x1e,0x00,
    0x01,0xe0,0x00,0xf0,0x0e,0x00,0x01,0xe0,0x00,0xf0,0x0c,0x00,0xff,0xff,0x80,0xf0,
    0x00,0x00,0xff,0xff,0x80,0xf0,0x07,0xe0,0xff,0xff,0x80,0xff,0xff,0xe0,0x01,0xe0,
    0x3f,0xff,0xff,0xe0,0x01,0xe0,0x7f,0xff,0xff,0x00,0x01,0xe0,0x7f,0xfe,0x00,0x00,
    0x01,0xe0,0x7c,0x70,0x00,0x00,0x01,0xe0,0x00,0x78,0x00,0x00,0x01,0xe0,0x00,0x78,
    0x04,0x00,0x01,0xe0,0x00,0x78,0x07,0x00,0x01,0xe0,0x00,0x78,0x0f,0x00,0x01,0xe3,
    0x80,0x38,0x0f,0x00,0x01,0xff,0x80,0x38,0x1e,0x00,0x01,0xff,0x80,0x3c,0x1e,0x00,
    0x0f,0xff,0x00,0x3c,0x3c,0x00,0xff,0xf0,0x00,0x3c,0x78,0x00,0xff,0xe0,0x00,0x1c,
    0xf8,0x00,0xfd,0xe0,0x00,0x1e,0xf0,0x00,0x61,0xe0,0x00,0x1f,0xe0,0x00,0x01,0xe0,
    0x00,0x1f,0xe0,0x00,0x01,0xe0,0x00,0x0f,0xc0,0x00,0x01,0xe0,0x00,0x0f,0x80,0x00,
    0x01,0xe0,0x00,0x1f,0x00,0x00,0x01,0xe0,0x00,0x3f,0x80,0x60,0x01,0xe0,0x00,0x7f,
    0x80,0x70,0x01,0xe0,0x01,0xff,0xc0,0x70,0x01,0xe0,0x03,0xf3,0xc0,0x70,0x01,0xe0,
    0x0f,0xe3,0xe0,0x70,0x01,0xe0,0x1f,0x81,0xf0,0xf0,0x01,0xe0,0x7f,0x00,0xf8,0xe0,
    0x01,0xe0,0xfc,0x00,0x7f,0xe0,0x3f,0xc0,0x78,0x00,0x7f,0xe0,0x3f,0xc0,0x20,0x00,
    0x1f,0xc0,0x3f,0x00,0x00,0x00,0x0f,0x80,

    /* U+62CD */
    0x01,0xc0,0x00,0x0f,0x00,0x00,0x01,0xc0,0x00,0x0f,0x00,0x00,0x01,0xc0,0x00,0x0f,
    0x00,0x00,0x01,0xc0,0x00,0x0f,0x00,0x00,0x01,0xc0,0x00,0x1e,0x00,0x00,0x01,0xc0,
    0x00,0x1e,0x00,0x00,0x01,0xc0,0x00,0x1e,0x00,0x00,0x01,0xc0,0x00,0x1c,0x00,0x00,
    0x01,0xc0,0x00,0x3c,0x00,0x00,0x03,0xe0,0x3f,0xff,0xff,0x80,0xff,0xff,0x3f,0xff,
    0xff,0x80,0xff,0xff,0x3f,0xff,0xff,0x80,0xff,0xff,0x3c,0x00,0x03,0x80,0x01,0xc0,
    0x3c,0x00,0x03,0x80,0x01,0xc0,0x3c,0x00,0x03,0x80,0x01,0xc0,0x3c,0x00,0x03,0x80,
    0x01,0xc0,0x3c,0x00,0x03,0x80,0x01,0xc0,0x3c,0x00,0x03,0x80,0x01,0xc0,0x3c,0x00,
    0x03,0x80,0x01,0xc0,0x3c,0x00,0x03,0x80,0x01,0xc0,0x3c,0x00,0x03,0x80,0x01,0xc3,
    0x3c,0x00,0x03,0x80,0x01,0xff,0x3c,0x00,0x03,0x80,0x03,0xff,0x3f,0xff,0xff,0x80,
    0x1f,0xfe,0x3f,0xff,0xff,0x80,0xff,0xf0,0x3f,0xff,0xff,0x80,0xff,0xc0,0x3c,0x00,
    0x03,0x80,0xfd,0xc0,0x3c,0x00,0x03,0x80,0x41,0xc0,0x3c,0x00,0x03,0x80,0x01,0xc0,
    0x3c,0x00,0x03,0x80,0x01,0xc0,0x3c,0x00,0x03,0x80,0x01,0xc0,0x3c,0x00,0x03,0x80,
    0x01,0xc0,0x3c,0x00,0x03,0x80,0x01,0xc0,0x3c,0x00,0x03,0x80,0x01,0xc0,0x3c,0x00,
    0x03,0x80,0x01,0xc0,0x3c,0x00,0x03,0x80,0x01,0xc0,0x3c,0x00,0x03,0x80,0x01,0xc0,
    0x3c,0x00,0x03,0x80,0x01,0xc0,0x3f,0xff,0xff,0x80,0x01,0xc0,0x3f,0xff,0xff,0x80,
    0x01,0xc0,0x3f,0xff,0xff,0x80,0x7f,0xc0,0x3c,0x00,0x03,0x80,0x3f,0xc0,0x3c,0x00,
    0x03,0x80,0x3f,0x80,0x3c,0x00,0x03,0x80,

    /* U+62E9 */
    0x01,0xc0,0x00,0x00,0x00,0x00,0x01,0xc0,0x00,0x00,0x00,0x00,0x01,0xc0,0x7f,0xff,
    0xff,0x00,0x01,0xc0,0x7f,0xff,0xff,0x80,0x01,0xc0,0x7f,0xff,0xff,0x80,0x01,0xc0,
    0x0f,0x00,0x0f,0x00,0x01,0xc0,0x07,0x00,0x0f,0x00,0x01,0xc0,0x07,0x80,0x1e,0x00,
    0x01,0xc0,0x03,0xc0,0x3c,0x00,0x03,0xc0,0x01,0xe0,0x78,0x00,0xff,0xff,0x01,0xf0,
    0xf8,0x00,0xff,0xff,0x00,0xf9,0xf0,0x00,0xff,0xff,0x00,0x7f,0xe0,0x00,0x01,0xc0,
    0x00,0x3f,0x80,0x00,0x01,0xc0,0x00,0x3f,0x80,0x00,0x01,0xc0,0x00,0x7f,0xe0,0x00,
    0x01,0xc0,0x03,0xfb,0xf8,0x00,0x01,0xc0,0x0f,0xe0,0xfe,0x00,0x01,0xc0,0x7f,0xc0,
    0x7f,0xc0,0x01,0xc1,0xff,0x00,0x1f,0xf0,0x01,0xc0,0xf8,0x00,0x07,0xe0,0x01,0xce,
    0x40,0x0e,0x00,0xe0,0x01,0xfe,0x00,0x0e,0x00,0x00,0x03,0xff,0x00,0x0e,0x00,0x00,
    0x3f,0xfc,0x00,0x0e,0x00,0x00,0xff,0xe0,0x3f,0xff,0xff,0x00,0xff,0xc0,0x3f,0xff,
    0xff,0x00,0xf9,0xc0,0x3f,0xff,0xff,0x00,0x41,0xc0,0x00,0x0e,0x00,0x00,0x01,0xc0,
    0x00,0x0e,0x00,0x00,0x01,0xc0,0x00,0x0e,0x00,0x00,0x01,0xc0,0x00,0x0e,0x00,0x00,
    0x01,0xc0,0x00,0x0e,0x00,0x00,0x01,0xc0,0xff,0xff,0xff,0xf0,0x01,0xc0,0xff,0xff,
    0xff,0xf0,0x01,0xc0,0xff,0xff,0xff,0xf0,0x01,0xc0,0x00,0x0e,0x00,0x00,0x01,0xc0,
    0x00,0x0e,0x00,0x00,0x01,0xc0,0x00,0x0e,0x00,0x00,0x01,0xc0,0x00,0x0e,0x00,0x00,
    0x03,0xc0,0x00,0x0e,0x00,0x00,0x3f,0xc0,0x00,0x0e,0x00,0x00,0x3f,0x80,0x00,0x0e,
    0x00,0x00,0x3f,0x00,0x00,0x0e,0x00,0x00,

    /* U+6302 */
    0x01,0xc0,0x00,0x0e,0x00,0x00,0x01,0xc0,0x00,0x0e,0x00,0x00,0x01,0xc0,0x00,0x0e,
    0x00,0x00,0x01,0xc0,0x00,0x0e,0x00,0x00,0x01,0xc0,0x00,0x0e,0x00,0x00,0x01,0xc0,
    0x00,0x0e,0x00,0x00,0x01,0xc0,0x3f,0xff,0xff,0x80,0x01,0xc0,0x3f,0xff,0xff,0x80,
    0x01,0xc0,0x3f,0xff,0xff,0x80,0x03,0xc0,0x00,0x0e,0x00,0x00,0x7f,0xfe,0x00,0x0e,
    0x00,0x00,0x7f,0xfe,0x00,0x0e,0x00,0x00,0x7f,0xfe,0x00,0x0e,0x00,0x00,0x01,0xc0,
    0x00,0x0e,0x00,0x00,0x01,0xc0,0x00,0x0e,0x00,0x00,0x01,0xc0,0x00,0x0e,0x00,0x00,
    0x01,0xc0,0x00,0x1f,0x00,0x00,0x01,0xc0,0xff,0xff,0xff,0xe0,0x01,0xc0,0xff,0xff,
    0xff,0xe0,0x01,0xc0,0xff,0xff,0xff,0xe0,0x01,0xc0,0x00,0x00,0x00,0x00,0x01,0xc3,
    0x00,0x00,0x00,0x00,0x01,0xff,0x00,0x0e,0x00,0x00,0x03,0xff,0x00,0x0e,0x00,0x00,
    0x1f,0xff,0x00,0x0e,0x00,0x00,0xff,0xf0,0x00,0x0e,0x00,0x00,0xff,0xc0,0x00,0x0e,
    0x00,0x00,0x7f,0xc0,0x00,0x0f,0x00,0x00,0x61,0xc0,0x7f,0xff,0xff,0xc0,0x01,0xc0,
    0x7f,0xff,0xff,0xc0,0x01,0xc0,0x7f,0xff,0xff,0xc0,0x01,0xc0,0x00,0x0e,0x00,0x00,
    0x01,0xc0,0x00,0x0e,0x00,0x00,0x01,0xc0,0x00,0x0e,0x00,0x00,0x01,0xc0,0x00,0x0e,
    0x00,0x00,0x01,0xc0,0x00,0x0e,0x00,0x00,0x01,0xc0,0x00,0x0e,0x00,0x00,0x01,0xc0,
    0x00,0x0e,0x00,0x00,0x01,0xc0,0x00,0x0e,0x00,0x00,0x01,0xc3,0xff,0xff,0xff,0xf0,
    0x03,0xc3,0xff,0xff,0xff,0xf0,0x7f,0xc3,0xff,0xff,0xff,0xf0,0x3f,0x80,0x00,0x00,
    0x00,0x00,0x3f,0x00,0x00,0x00,0x00,0x00,

    /* U+636E */
    0x03,0x80,0x00,0x00,0x00,0x00,0x03,0x80,0x00,0x00,0x00,0x00,0x03,0x80,0x7f,0xff,
    0xff,0xc0,0x03,0x80,0x7f,0xff,0xff,0xc0,0x03,0x80,0x7f,0xff,0xff,0xc0,0x03,0x80,
    0x70,0x00,0x01,0xc0,0x03,0x80,0x70,0x00,0x01,0xc0,0x03,0x80,0x70,0x00,0x01,0xc0,
    0x03,0x80,0x70,0x00,0x01,0xc0,0x03,0xc0,0x70,0x00,0x01,0xc0,0xff,0xfe,0x70,0x00,
    0x01,0xc0,0xff,0xfe,0x7f,0xff,0xff,0xc0,0xff,0xfe,0x7f,0xff,0xff,0xc0,0x03,0x80,
    0x7f,0xff,0xff,0xc0,0x03,0x80,0x78,0x03,0x80,0x00,0x03,0x80,0x70,0x03,0x80,0x00,
    0x03,0x80,0x70,0x03,0x80,0x00,0x03,0x80,0x70,0x03,0x80,0x00,0x03,0x80,0x70,0x03,
    0x80,0x00,0x03,0x80,0x70,0x03,0x80,0x00,0x03,0x80,0x7f,0xff,0xff,0xf0,0x03,0x84,
    0x7f,0xff,0xff,0xf0,0x03,0xfe,0x7f,0xff,0xff,0xf0,0x03,0xfe,0x70,0x03,0x80,0x00,
    0x1f,0xfc,0x70,0x03,0x80,0x00,0xff,0xf0,0x70,0x03,0x80,0x00,0xff,0xc0,0xf0,0x03,
    0x80,0x00,0xfb,0x80,0xf0,0x03,0x80,0x00,0xc3,0x80,0xf0,0x03,0x80,0x00,0x03,0x80,
    0xf7,0xff,0xff,0xc0,0x03,0x80,0xe7,0xff,0xff,0xc0,0x03,0x80,0xe7,0xff,0xff,0xc0,
    0x03,0x80,0xe7,0x00,0x01,0xc0,0x03,0x81,0xe7,0x00,0x01,0xc0,0x03,0x81,0xe7,0x00,
    0x01,0xc0,0x03,0x81,0xc7,0x00,0x01,0xc0,0x03,0x83,0xc7,0x00,0x01,0xc0,0x03,0x83,
    0xc7,0x00,0x01,0xc0,0x03,0x83,0x87,0x00,0x01,0xc0,0x03,0x87,0x87,0xff,0xff,0xc0,
    0x03,0x8f,0x07,0xff,0xff,0xc0,0x7f,0x8f,0x07,0xff,0xff,0xc0,0x7f,0x86,0x07,0x00,
    0x01,0xc0,0x3e,0x02,0x07,0x00,0x01,0xc0,

    /* U+63A7 */
    0x03,0x80,0x00,0x1c,0x00,0x00,0x03,0x80,0x00,0x1c,0x00,0x00,0x03,0x80,0x00,0x1e,
    0x00,0x00,0x03,0x80,0x00,0x1e,0x00,0x00,0x03,0x80,0x00,0x0f,0x00,0x00,0x03,0x80,
    0x00,0x0f,0x00,0x00,0x03,0x80,0xff,0xff,0xff,0xf0,0x03,0x80,0xff,0xff,0xff,0xf0,
    0x03,0x80,0xff,0xff,0xff,0xf0,0xff,0xfc,0xe0,0x00,0x00,0xf0,0xff,0xfc,0xe0,0x00,
    0x00,0xf0,0xff,0xfc,0xe0,0x00,0x00,0xf0,0x03,0xc0,0xe0,0xe0,0xc0,0xf0,0x03,0x80,
    0xe1,0xe0,0xf0,0xe0,0x03,0x80,0x01,0xe0,0xf8,0x00,0x03,0x80,0x03,0xc0,0x7c,0x00,
    0x03,0x80,0x07,0x80,0x3e,0x00,0x03,0x80,0x1f,0x00,0x1f,0x00,0x03,0x80,0x3e,0x00,
    0x0f,0x80,0x03,0x80,0x7c,0x00,0x07,0xc0,0x03,0x80,0xf8,0x00,0x03,0xc0,0x03,0x84,
    0x70,0x00,0x01,0x80,0x03,0x9c,0x20,0x00,0x00,0x00,0x03,0xfc,0x00,0x00,0x00,0x00,
    0x07,0xfc,0x3f,0xff,0xff,0x80,0x3f,0xf0,0x3f,0xff,0xff,0x80,0xff,0xc0,0x3f,0xff,
    0xff,0x80,0xff,0x80,0x00,0x1e,0x00,0x00,0xf3,0x80,0x00,0x1e,0x00,0x00,0x03,0x80,
    0x00,0x1e,0x00,0x00,0x03,0x80,0x00,0x1e,0x00,0x00,0x03,0x80,0x00,0x1e,0x00,0x00,
    0x03,0x80,0x00,0x1e,0x00,0x00,0x03,0x80,0x00,0x1e,0x00,0x00,0x03,0x80,0x00,0x1e,
    0x00,0x00,0x03,0x80,0x00,0x1e,0x00,0x00,0x03,0x80,0x00,0x1e,0x00,0x00,0x03,0x80,
    0x00,0x1e,0x00,0x00,0x03,0x80,0x00,0x1e,0x00,0x00,0x03,0x80,0x00,0x1e,0x00,0x00,
    0x03,0x83,0xff,0xff,0xff,0xf0,0x7f,0x83,0xff,0xff,0xff,0xf0,0x7f,0x83,0xff,0xff,
    0xff,0xf0,0x3e,0x00,0x00,0x00,0x00,0x00,

    /* U+63D2 */
    0x03,0x80,0x00,0x00,0x06,0x00,0x03,0x80,0x00,0x00,0xff,0x00,0x03,0x80,0x00,0x7f,
    0xff,0x80,0x03,0x80,0x3f,0xff,0xfe,0x00,0x03,0x80,0x3f,0xff,0xc0,0x00,0x03,0x80,
    0x3f,0x8e,0x00,0x00,0x03,0x80,0x00,0x0e,0x00,0x00,0x03,0x80,0x00,0x0e,0x00,0x00,
    0x03,0x80,0x00,0x0e,0x00,0x00,0x03,0x80,0x00,0x0e,0x00,0x00,0x7f,0xfc,0x00,0x0e,
    0x00,0x00,0x7f,0xfc,0xff,0xff,0xff,0xe0,0x7f,0xfc,0xff,0xff,0xff,0xe0,0x03,0x80,
    0xff,0xff,0xff,0xe0,0x03,0x80,0x00,0x0e,0x00,0x00,0x03,0x80,0x00,0x0e,0x00,0x00,
    0x03,0x80,0x00,0x0e,0x00,0x00,0x03,0x80,0x00,0x0e,0x00,0x00,0x03,0x80,0x01,0x0e,
    0x00,0x00,0x03,0x80,0x07,0x8e,0x00,0x00,0x03,0x80,0x1f,0xce,0x7f,0xc0,0x03,0x80,
    0x7f,0x8e,0x7f,0xc0,0x03,0x8c,0x7c,0x0e,0x7f,0xc0,0x03,0xfc,0x70,0x0e,0x01,0xc0,
    0x07,0xfc,0x70,0x0e,0x01,0xc0,0x3f,0xf8,0x70,0x0e,0x01,0xc0,0xff,0xc0,0x70,0x0e,
    0x01,0xc0,0xff,0x80,0x70,0x0e,0x01,0xc0,0x63,0x80,0x70,0x0e,0x01,0xc0,0x03,0x80,
    0x7f,0xce,0x7f,0xc0,0x03,0x80,0x7f,0xce,0x7f,0xc0,0x03,0x80,0x7f,0xce,0x7f,0xc0,
    0x03,0x80,0x70,0x0e,0x01,0xc0,0x03,0x80,0x70,0x0e,0x01,0xc0,0x03,0x80,0x70,0x0e,
    0x01,0xc0,0x03,0x80,0x70,0x0e,0x01,0xc0,0x03,0x80,0x70,0x0e,0x01,0xc0,0x03,0x80,
    0x70,0x0e,0x01,0xc0,0x03,0x80,0x70,0x0e,0x03,0xc0,0x03,0x80,0x7f,0xff,0xff,0xc0,
    0x03,0x80,0x7f,0xff,0xff,0xc0,0x3f,0x80,0x7f,0xff,0xff,0xc0,0x3f,0x80,0x70,0x00,
    0x01,0xc0,0x3f,0x00,0x70,0x00,0x01,0xc0,

    /* U+6570 */
    0x00,0x3c,0x00,0x0e,0x00,0x00,0x08,0x3c,0x18,0x0e,0x00,0x00,0x1c,0x3c,0x3c,0x0e,
    0x00,0x00,0x1c,0x3c,0x38,0x0e,0x00,0x00,0x0e,0x3c,0x78,0x1e,0x00,0x00,0x0e,0x3c,
    0x70,0x1c,0x00,0x00,0x07,0x3c,0xe0,0x1c,0x00,0x00,0x07,0x3c,0xe0,0x1c,0x00,0x00,
    0x00,0x3c,0x00,0x3c,0x00,0x00,0x7f,0xff,0xff,0x3f,0xff,0xe0,0x7f,0xff,0xff,0x3f,
    0xff,0xe0,0x7f,0xff,0xff,0x3f,0xff,0xe0,0x00,0x7e,0x00,0x78,0x0f,0x00,0x00,0xff,
    0x80,0x78,0x07,0x00,0x01,0xff,0xe0,0x7c,0x0f,0x00,0x03,0xfd,0xf0,0xfc,0x0f,0x00,
    0x07,0xbc,0xf8,0xfc,0x0e,0x00,0x0f,0x3c,0x3c,0xfc,0x0e,0x00,0x3e,0x3c,0x19,0xfc,
    0x0e,0x00,0xfc,0x3c,0x01,0xce,0x1e,0x00,0x78,0x3c,0x03,0xce,0x1e,0x00,0x60,0x00,
    0x07,0x8e,0x1c,0x00,0x00,0x70,0x03,0x8f,0x1c,0x00,0x00,0x70,0x01,0x07,0x3c,0x00,
    0x00,0xf0,0x00,0x07,0x38,0x00,0x3f,0xff,0xf8,0x07,0xb8,0x00,0x3f,0xff,0xf8,0x03,
    0xf8,0x00,0x3f,0xff,0xf8,0x03,0xf0,0x00,0x03,0xc0,0x78,0x03,0xf0,0x00,0x03,0x80,
    0x70,0x01,0xe0,0x00,0x07,0x80,0xf0,0x01,0xe0,0x00,0x07,0x00,0xe0,0x01,0xe0,0x00,
    0x0f,0x81,0xe0,0x03,0xf0,0x00,0x0f,0xe3,0xc0,0x07,0xf8,0x00,0x01,0xff,0x80,0x07,
    0xf8,0x00,0x00,0x7f,0x00,0x0f,0x3c,0x00,0x00,0x3f,0x80,0x1e,0x1e,0x00,0x00,0x7f,
    0xe0,0x3c,0x1f,0x00,0x00,0xfb,0xf0,0xf8,0x0f,0x80,0x07,0xf0,0xe1,0xf8,0x07,0xc0,
    0x1f,0xc0,0x43,0xe0,0x03,0xf0,0xff,0x00,0x0f,0xc0,0x01,0xf0,0x7c,0x00,0x0f,0x80,
    0x00,0xe0,0x20,0x00,0x06,0x00,0x00,0x40,

    /* U+6587 */
    0x00,0x00,0x1e,0x00,0x00,0x00,0x00,0x00,0x1e,0x00,0x00,0x00,0x00,0x00,0x1f,0x00,
    0x00,0x00,0x00,0x00,0x0f,0x00,0x00,0x00,0x00,0x00,0x0f,0x80,0x00,0x00,0x00,0x00,
    0x07,0x80,0x00,0x00,0x00,0x00,0x07,0xc0,0x00,0x00,0x00,0x00,0x03,0x80,0x00,0x00,
    0x00,0x00,0x07,0x00,0x00,0x00,0x7f,0xff,0xff,0xff,0xff,0xf0,0x7f,0xff,0xff,0xff,
    0xff,0xf0,0x7f,0xff,0xff,0xff,0xff,0xf0,0x00,0xf0,0x00,0x00,0xf0,0x00,0x00,0x70,
    0x00,0x01,0xe0,0x00,0x00,0x78,0x00,0x01,0xe0,0x00,0x00,0x78,0x00,0x01,0xe0,0x00,
    0x00,0x3c,0x00,0x03,0xc0,0x00,0x00,0x3c,0x00,0x03,0xc0,0x00,0x00,0x1e,0x00,0x07,
    0x80,0x00,0x00,0x1e,0x00,0x07,0x80,0x00,0x00,0x0f,0x00,0x0f,0x00,0x00,0x00,0x07,
    0x80,0x1f,0x00,0x00,0x00,0x07,0x80,0x1e,0x00,0x00,0x00,0x03,0xc0,0x3e,0x00,0x00,
    0x00,0x03,0xe0,0x7c,0x00,0x00,0x00,0x01,0xf0,0x78,0x00,0x00,0x00,0x00,0xf8,0xf0,
    0x00,0x00,0x00,0x00,0x79,0xf0,0x00,0x00,0x00,0x00,0x7f,0xe0,0x00,0x00,0x00,0x00,
    0x3f,0xc0,0x00,0x00,0x00,0x00,0x1f,0x80,0x00,0x00,0x00,0x00,0x1f,0xc0,0x00,0x00,
    0x00,0x00,0x7f,0xe0,0x00,0x00,0x00,0x00,0xff,0xf0,0x00,0x00,0x00,0x01,0xf9,0xfc,
    0x00,0x00,0x00,0x07,0xe0,0x7e,0x00,0x00,0x00,0x1f,0xc0,0x3f,0x80,0x00,0x00,0x7f,
    0x80,0x1f,0xe0,0x00,0x01,0xfe,0x00,0x07,0xf8,0x00,0x0f,0xf8,0x00,0x01,0xff,0x00,
    0x7f,0xe0,0x00,0x00,0x7f,0xe0,0xff,0x80,0x00,0x00,0x1f,0xf0,0x7e,0x00,0x00,0x00,
    0x07,0xe0,0x30,0x00,0x00,0x00,0x00,0xc0,

    /* U+65E0 */
    0x0f,0xff,0xff,0xff,0xff,0x80,0x0f,0xff,0xff,0xff,0xff,0x80,0x0f,0xff,0xff,0xff,
    0xff,0x80,0x00,0x00,0x1e,0x00,0x00,0x00,0x00,0x00,0x1e,0x00,0x00,0x00,0x00,0x00,
    0x1e,0x00,0x00,0x00,0x00,0x00,0x1e,0x00,0x00,0x00,0x00,0x00,0x1e,0x00,0x00,0x00,
    0x00,0x00,0x1e,0x00,0x00,0x00,0x00,0x00,0x1e,0x00,0x00,0x00,0x00,0x00,0x1e,0x00,
    0x00,0x00,0x00,0x00,0x1c,0x00,0x00,0x00,0x00,0x00,0x1c,0x00,0x00,0x00,0x00,0x00,
    0x1c,0x00,0x00,0x00,0x00,0x00,0x3e,0x00,0x00,0x00,0x7f,0xff,0xff,0xff,0xff,0xe0,
    0x7f,0xff,0xff,0xff,0xff,0xe0,0x7f,0xff,0xff,0xff,0xff,0xe0,0x00,0x00,0x39,0xc0,
    0x00,0x00,0x00,0x00,0x39,0xc0,0x00,0x00,0x00,0x00,0x79,0xc0,0x00,0x00,0x00,0x00,
    0x79,0xc0,0x00,0x00,0x00,0x00,0x71,0xc0,0x00,0x00,0x00,0x00,0xf1,0xc0,0x00,0x00,
    0x00,0x00,0xf1,0xc0,0x00,0x00,0x00,0x01,0xe1,0xc0,0x00,0x00,0x00,0x01,0xe1,0xc0,
    0x00,0x00,0x00,0x03,0xc1,0xc0,0x00,0x00,0x00,0x07,0xc1,0xc0,0x00,0x00,0x00,0x07,
    0x81,0xc0,0x00,0xc0,0x00,0x0f,0x01,0xc0,0x00,0xf0,0x00,0x1f,0x01,0xc0,0x00,0xf0,
    0x00,0x3e,0x01,0xc0,0x00,0xf0,0x00,0xfc,0x01,0xc0,0x00,0xf0,0x01,0xf8,0x01,0xc0,
    0x00,0xe0,0x03,0xf0,0x01,0xc0,0x00,0xe0,0x0f,0xe0,0x01,0xf0,0x03,0xe0,0x3f,0x80,
    0x01,0xff,0xff,0xe0,0xff,0x00,0x00,0xff,0xff,0xc0,0x7c,0x00,0x00,0x7f,0xff,0x80,
    0x30,0x00,0x00,0x00,0x00,0x00,

    /* U+65E5 */
    0xff,0xff,0xff,0xfe,0xff,0xff,0xff,0xfe,0xff,0xff,0xff,0xfe,0xff,0xff,0xff,0xfe,
    0xe0,0x00,0x00,0x1e,0xe0,0x00,0x00,0x1e,0xe0,0x00,0x00,0x1e,0xe0,0x00,0x00,0x1e,
    0xe0,0x00,0x00,0x1e,0xe0,0x00,0x00,0x1e,0xe0,0x00,0x00,0x1e,0xe0,0x00,0x00,0x1e,
    0xe0,0x00,0x00,0x1e,0xe0,0x00,0x00,0x1e,0xe0,0x00,0x00,0x1e,0xe0,0x00,0x00,0x1e,
    0xe0,0x00,0x00,0x1e,0xff,0xff,0xff,0xfe,0xff,0xff,0xff,0xfe,0xff,0xff,0xff,0xfe,
    0xff,0xff,0xff,0xfe,0xe0,0x00,0x00,0x1e,0xe0,0x00,0x00,0x1e,0xe0,0x00,0x00,0x1e,
    0xe0,0x00,0x00,0x1e,0xe0,0x00,0x00,0x1e,0xe0,0x00,0x00,0x1e,0xe0,0x00,0x00,0x1e,
    0xe0,0x00,0x00,0x1e,0xe0,0x00,0x00,0x1e,0xe0,0x00,0x00,0x1e,0xe0,0x00,0x00,0x1e,
    0xe0,0x00,0x00,0x1e,0xe0,0x00,0x00,0x1e,0xff,0xff,0xff,0xfe,0xff,0xff,0xff,0xfe,
    0xff,0xff,0xff,0xfe,0xff,0xff,0xff,0xfe,0xe0,0x00,0x00,0x1e,0xe0,0x00,0x00,0x1e,
    0xe0,0x00,0x00,0x1c,

    /* U+65F6 */
    0x00,0x00,0x00,0x00,0x70,0x00,0x00,0x00,0x00,0x00,0x70,0x00,0x00,0x00,0x00,0x00,
    0x70,0x00,0x00,0x00,0x00,0x00,0x70,0x00,0xff,0xfe,0x00,0x00,0x70,0x00,0xff,0xfe,
    0x00,0x00,0x70,0x00,0xff,0xfe,0x00,0x00,0x70,0x00,0xe0,0x0e,0x00,0x00,0x70,0x00,
    0xe0,0x0e,0x00,0x00,0x70,0x00,0xe0,0x0e,0x00,0x00,0xf8,0x00,0xe0,0x0e,0x7f,0xff,
    0xff,0xc0,0xe0,0x0e,0x7f,0xff,0xff,0xc0,0xe0,0x0e,0x7f,0xff,0xff,0xc0,0xe0,0x0e,
    0x00,0x00,0x70,0x00,0xe0,0x0e,0x00,0x00,0x70,0x00,0xe0,0x0e,0x00,0x00,0x70,0x00,
    0xe0,0x0e,0x00,0x00,0x70,0x00,0xf0,0x1e,0x04,0x00,0x70,0x00,0xff,0xfe,0x1e,0x00,
    0x70,0x00,0xff,0xfe,0x1e,0x00,0x70,0x00,0xff,0xfe,0x0f,0x00,0x70,0x00,0xe0,0x0e,
    0x07,0x80,0x70,0x00,0xe0,0x0e,0x07,0x80,0x70,0x00,0xe0,0x0e,0x03,0xc0,0x70,0x00,
    0xe0,0x0e,0x01,0xe0,0x70,0x00,0xe0,0x0e,0x01,0xe0,0x70,0x00,0xe0,0x0e,0x00,0xf0,
    0x70,0x00,0xe0,0x0e,0x00,0xf8,0x70,0x00,0xe0,0x0e,0x00,0x78,0x70,0x00,0xe0,0x0e,
    0x00,0x30,0x70,0x00,0xe0,0x0e,0x00,0x00,0x70,0x00,0xe0,0x0e,0x00,0x00,0x70,0x00,
    0xff,0xfe,0x00,0x00,0x70,0x00,0xff,0xfe,0x00,0x00,0x70,0x00,0xff,0xfe,0x00,0x00,
    0x70,0x00,0xf0,0x00,0x00,0x00,0x70,0x00,0xe0,0x00,0x00,0x00,0x70,0x00,0xe0,0x00,
    0x00,0x00,0x70,0x00,0xe0,0x00,0x00,0x00,0x70,0x00,0x00,0x00,0x00,0x00,0x70,0x00,
    0x00,0x00,0x00,0x81,0xf0,0x00,0x00,0x00,0x01,0xff,0xf0,0x00,0x00,0x00,0x00,0xff,
    0xe0,0x00,0x00,0x00,0x00,0xff,0x80,0x00,

    /* U+663E */
    0x03,0xff,0xff,0xff,0xfc,0x00,0x03,0xff,0xff,0xff,0xfc,0x00,0x03,0xff,0xff,0xff,
    0xfc,0x00,0x03,0xc0,0x00,0x00,0x3c,0x00,0x03,0xc0,0x00,0x00,0x3c,0x00,0x03,0xc0,
    0x00,0x00,0x3c,0x00,0x03,0xc0,0x00,0x00,0x3c,0x00,0x03,0xc0,0x00,0x00,0x3c,0x00,
    0x03,0xff,0xff,0xff,0xfc,0x00,0x03,0xff,0xff,0xff,0xfc,0x00,0x03,0xff,0xff,0xff,
    0xfc,0x00,0x03,0xc0,0x00,0x00,0x3c,0x00,0x03,0xc0,0x00,0x00,0x3c,0x00,0x03,0xc0,
    0x00,0x00,0x3c,0x00,0x03,0xc0,0x00,0x00,0x3c,0x00,0x03,0xc0,0x00,0x00,0x3c,0x00,
    0x03,0xff,0xff,0xff,0xfc,0x00,0x03,0xff,0xff,0xff,0xfc,0x00,0x03,0xff,0xff,0xff,
    0xfc,0x00,0x00,0x00,0x00,0x00,0x00,0x00,0x00,0x00,0x00,0x00,0x00,0x00,0x00,0x01,
    0xc0,0x78,0x00,0x00,0x00,0x01,0xc0,0x78,0x00,0x00,0x02,0x01,0xc0,0x78,0x06,0x00,
    0x0f,0x01,0xc0,0x78,0x0f,0x00,0x07,0x01,0xc0,0x78,0x0e,0x00,0x07,0x81,0xc0,0x78,
    0x1e,0x00,0x03,0xc1,0xc0,0x78,0x3c,0x00,0x01,0xc1,0xc0,0x78,0x38,0x00,0x01,0xe1,
    0xc0,0x78,0x78,0x00,0x00,0xe1,0xc0,0x78,0xf0,0x00,0x00,0xf1,0xc0,0x79,0xe0,0x00,
    0x00,0x71,0xc0,0x79,0xc0,0x00,0x00,0x41,0xc0,0x78,0x00,0x00,0x00,0x01,0xc0,0x78,
    0x00,0x00,0x00,0x01,0xc0,0x78,0x00,0x00,0x00,0x01,0xe0,0x78,0x00,0x00,0xff,0xff,
    0xff,0xff,0xff,0xf0,0xff,0xff,0xff,0xff,0xff,0xf0,0xff,0xff,0xff,0xff,0xff,0xf0,

    /* U+671F */
    0x07,0x00,0x70,0x00,0x00,0x00,0x07,0x00,0x70,0x00,0x00,0x00,0x07,0x00,0x70,0x3f,
    0xff,0xc0,0x07,0x00,0x70,0x3f,0xff,0xc0,0x07,0x00,0x70,0x3f,0xff,0xc0,0x07,0x00,
    0x70,0x38,0x01,0xc0,0x7f,0xff,0xfe,0x38,0x01,0xc0,0x7f,0xff,0xfe,0x38,0x01,0xc0,
    0x7f,0xff,0xfe,0x38,0x01,0xc0,0x07,0x00,0xf0,0x38,0x01,0xc0,0x07,0x00,0x70,0x38,
    0x01,0xc0,0x07,0x00,0x70,0x38,0x01,0xc0,0x07,0x00,0x70,0x38,0x01,0xc0,0x07,0x00,
    0x70,0x3f,0xff,0xc0,0x07,0xff,0xf0,0x3f,0xff,0xc0,0x07,0xff,0xf0,0x3f,0xff,0xc0,
    0x07,0xff,0xf0,0x38,0x01,0xc0,0x07,0x00,0x70,0x38,0x01,0xc0,0x07,0x00,0x70,0x38,
    0x01,0xc0,0x07,0x00,0x70,0x38,0x01,0xc0,0x07,0x00,0x70,0x38,0x01,0xc0,0x07,0xff,
    0xf0,0x38,0x01,0xc0,0x07,0xff,0xf0,0x38,0x01,0xc0,0x07,0xff,0xf0,0x38,0x01,0xc0,
    0x07,0x00,0x70,0x38,0x01,0xc0,0x07,0x00,0x70,0x3f,0xff,0xc0,0x07,0x00,0x70,0x3f,
    0xff,0xc0,0x07,0x00,0x70,0x7f,0xff,0xc0,0x07,0x00,0x70,0x78,0x01,0xc0,0xff,0xff,
    0xfe,0x78,0x01,0xc0,0xff,0xff,0xfe,0x78,0x01,0xc0,0xff,0xff,0xfe,0x70,0x01,0xc0,
    0x00,0x00,0x00,0x70,0x01,0xc0,0x00,0x00,0x00,0x70,0x01,0xc0,0x03,0xc3,0x80,0xf0,
    0x01,0xc0,0x07,0x83,0xc0,0xf0,0x01,0xc0,0x07,0x81,0xe0,0xe0,0x01,0xc0,0x0f,0x01,
    0xe0,0xe0,0x01,0xc0,0x1f,0x00,0xf1,0xe0,0x01,0xc0,0x1e,0x00,0x79,0xe0,0x01,0xc0,
    0x3c,0x00,0x79,0xc0,0x03,0xc0,0x7c,0x00,0x33,0xc0,0x7f,0xc0,0x78,0x00,0x03,0x80,
    0x7f,0xc0,0x30,0x00,0x01,0x80,0x7f,0x00,

    /* U+672A */
    0x00,0x00,0x0f,0x00,0x00,0x00,0x00,0x00,0x0f,0x00,0x00,0x00,0x00,0x00,0x0f,0x00,
    0x00,0x00,0x00,0x00,0x0f,0x00,0x00,0x00,0x00,0x00,0x0f,0x00,0x00,0x00,0x00,0x00,
    0x0f,0x00,0x00,0x00,0x00,0x00,0x0f,0x00,0x00,0x00,0x00,0x00,0x0f,0x00,0x00,0x00,
    0x07,0xff,0xff,0xff,0xff,0x00,0x07,0xff,0xff,0xff,0xff,0x00,0x07,0xff,0xff,0xff,
    0xff,0x00,0x00,0x00,0x0f,0x00,0x00,0x00,0x00,0x00,0x0f,0x00,0x00,0x00,0x00,0x00,
    0x0f,0x00,0x00,0x00,0x00,0x00,0x0f,0x00,0x00,0x00,0x00,0x00,0x0f,0x00,0x00,0x00,
    0x00,0x00,0x0f,0x00,0x00,0x00,0x00,0x00,0x0f,0x00,0x00,0x00,0x00,0x00,0x0f,0x00,
    0x00,0x00,0x00,0x00,0x0f,0x00,0x00,0x00,0x7f,0xff,0xff,0xff,0xff,0xe0,0x7f,0xff,
    0xff,0xff,0xff,0xe0,0x7f,0xff,0xff,0xff,0xff,0xe0,0x00,0x00,0x3f,0xc0,0x00,0x00,
    0x00,0x00,0x7f,0xe0,0x00,0x00,0x00,0x00,0xff,0xf0,0x00,0x00,0x00,0x01,0xff,0xf8,
    0x00,0x00,0x00,0x03,0xef,0x78,0x00,0x00,0x00,0x07,0xcf,0x3c,0x00,0x00,0x00,0x0f,
    0x8f,0x1e,0x00,0x00,0x00,0x1f,0x0f,0x0f,0x80,0x00,0x00,0x3e,0x0f,0x07,0xc0,0x00,
    0x00,0x7c,0x0f,0x03,0xe0,0x00,0x00,0xf8,0x0f,0x01,0xf0,0x00,0x01,0xf0,0x0f,0x00,
    0xf8,0x00,0x07,0xe0,0x0f,0x00,0x7e,0x00,0x0f,0xc0,0x0f,0x00,0x3f,0x00,0x3f,0x80,
    0x0f,0x00,0x1f,0xc0,0xfe,0x00,0x0f,0x00,0x07,0xf0,0x7c,0x00,0x0f,0x00,0x03,0xe0,
    0x30,0x00,0x0f,0x00,0x00,0xc0,0x00,0x00,0x0f,0x00,0x00,0x00,0x00,0x00,0x0f,0x00,
    0x00,0x00,0x00,0x00,0x0f,0x00,0x00,0x00,

    /* U+672C */
    0x00,0x00,0x0f,0x00,0x00,0x00,0x00,0x00,0x0f,0x00,0x00,0x00,0x00,0x00,0x0f,0x00,
    0x00,0x00,0x00,0x00,0x0f,0x00,0x00,0x00,0x00,0x00,0x0f,0x00,0x00,0x00,0x00,0x00,
    0x0f,0x00,0x00,0x00,0x00,0x00,0x0f,0x00,0x00,0x00,0x00,0x00,0x0f,0x00,0x00,0x00,
    0x00,0x00,0x0f,0x00,0x00,0x00,0x00,0x00,0x0f,0x00,0x00,0x00,0x7f,0xff,0xff,0xff,
    0xff,0xe0,0x7f,0xff,0xff,0xff,0xff,0xe0,0x7f,0xff,0xff,0xff,0xff,0xe0,0x3f,0xff,
    0xff,0xff,0xff,0xc0,0x00,0x01,0xef,0x70,0x00,0x00,0x00,0x01,0xcf,0x78,0x00,0x00,
    0x00,0x03,0xcf,0x38,0x00,0x00,0x00,0x03,0xcf,0x3c,0x00,0x00,0x00,0x07,0x8f,0x1e,
    0x00,0x00,0x00,0x07,0x8f,0x1e,0x00,0x00,0x00,0x0f,0x0f,0x0f,0x00,0x00,0x00,0x1e,
    0x0f,0x0f,0x00,0x00,0x00,0x1e,0x0f,0x07,0x80,0x00,0x00,0x3c,0x0f,0x03,0xc0,0x00,
    0x00,0x7c,0x0f,0x03,0xc0,0x00,0x00,0x78,0x0f,0x01,0xe0,0x00,0x00,0xf0,0x0f,0x01,
    0xf0,0x00,0x01,0xf0,0x0f,0x00,0xf8,0x00,0x03,0xe0,0x0f,0x00,0x7c,0x00,0x07,0xc0,
    0x0f,0x00,0x3e,0x00,0x0f,0x80,0x0f,0x00,0x1f,0x00,0x1f,0x7f,0xff,0xff,0xef,0xc0,
    0x7e,0x7f,0xff,0xff,0xe7,0xe0,0xfc,0x7f,0xff,0xff,0xe3,0xf0,0x78,0x7f,0xff,0xff,
    0xe1,0xe0,0x30,0x00,0x0f,0x00,0x00,0xc0,0x00,0x00,0x0f,0x00,0x00,0x00,0x00,0x00,
    0x0f,0x00,0x00,0x00,0x00,0x00,0x0f,0x00,0x00,0x00,0x00,0x00,0x0f,0x00,0x00,0x00,
    0x00,0x00,0x0f,0x00,0x00,0x00,0x00,0x00,0x0f,0x00,0x00,0x00,0x00,0x00,0x0f,0x00,
    0x00,0x00,0x00,0x00,0x0f,0x00,0x00,0x00,

    /* U+673A */
    0x00,0x70,0x00,0x00,0x00,0x00,0x00,0x70,0x00,0x00,0x00,0x00,0x00,0x70,0x00,0x00,
    0x00,0x00,0x00,0x70,0x03,0xff,0xfc,0x00,0x00,0x70,0x03,0xff,0xfc,0x00,0x00,0x70,
    0x03,0xff,0xfc,0x00,0x00,0x70,0x03,0x80,0x3c,0x00,0x00,0x70,0x03,0x80,0x3c,0x00,
    0x00,0x70,0x03,0x80,0x3c,0x00,0x00,0x70,0x03,0x80,0x3c,0x00,0x7f,0xff,0xe3,0x80,
    0x3c,0x00,0x7f,0xff,0xe3,0x80,0x3c,0x00,0x7f,0xff,0xe3,0x80,0x3c,0x00,0x00,0xf0,
    0x03,0x80,0x3c,0x00,0x00,0xf0,0x03,0x80,0x3c,0x00,0x01,0xf0,0x03,0x80,0x3c,0x00,
    0x01,0xf0,0x03,0x80,0x3c,0x00,0x01,0xf0,0x03,0x80,0x3c,0x00,0x01,0xf8,0x03,0x80,
    0x3c,0x00,0x03,0xfc,0x03,0x80,0x3c,0x00,0x03,0xfc,0x03,0x80,0x3c,0x00,0x07,0xfe,
    0x03,0x80,0x3c,0x00,0x07,0x7f,0x03,0x80,0x3c,0x00,0x07,0x77,0x83,0x80,0x3c,0x00,
    0x0e,0x73,0xc3,0x80,0x3c,0x00,0x0e,0x71,0xe3,0x80,0x3c,0x00,0x1c,0x71,0xe7,0x80,
    0x3c,0x00,0x3c,0x70,0xc7,0x80,0x3c,0x00,0x38,0x70,0x47,0x80,0x3c,0x00,0x78,0x70,
    0x07,0x00,0x3c,0x00,0x70,0x70,0x07,0x00,0x3c,0x00,0xf0,0x70,0x0f,0x00,0x3c,0x00,
    0xe0,0x70,0x0f,0x00,0x3c,0x30,0xe0,0x70,0x0e,0x00,0x3c,0x38,0x40,0x70,0x1e,0x00,
    0x3c,0x38,0x00,0x70,0x1e,0x00,0x3c,0x38,0x00,0x70,0x1c,0x00,0x3c,0x38,0x00,0x70,
    0x3c,0x00,0x3c,0x38,0x00,0x70,0x3c,0x00,0x3c,0x38,0x00,0x70,0x78,0x00,0x3c,0x38,
    0x00,0x70,0xf0,0x00,0x3c,0x70,0x00,0x71,0xf0,0x00,0x1f,0xf0,0x00,0x71,0xe0,0x00,
    0x1f,0xf0,0x00,0x70,0xc0,0x00,0x0f,0xe0,

    /* U+677F */
    0x00,0xe0,0x00,0x00,0x00,0x00,0x00,0xe0,0x00,0x00,0x07,0x80,0x00,0xe0,0x00,0x00,
    0xff,0xc0,0x00,0xe0,0x00,0x7f,0xff,0xc0,0x00,0xe0,0x1f,0xff,0xfe,0x00,0x00,0xe0,
    0x1f,0xff,0xc0,0x00,0x00,0xe0,0x1f,0xe0,0x00,0x00,0x00,0xe0,0x1c,0x00,0x00,0x00,
    0x00,0xe0,0x1c,0x00,0x00,0x00,0x7f,0xff,0x9c,0x00,0x00,0x00,0x7f,0xff,0x9c,0x00,
    0x00,0x00,0x7f,0xff,0x9c,0x00,0x00,0x00,0x01,0xe0,0x1c,0x00,0x00,0x00,0x01,0xe0,
    0x1c,0x00,0x00,0x00,0x01,0xe0,0x1f,0xff,0xff,0x80,0x03,0xf0,0x1f,0xff,0xff,0x80,
    0x03,0xf8,0x1f,0xff,0xff,0x80,0x03,0xf8,0x1d,0xe0,0x07,0x80,0x03,0xfc,0x1c,0xe0,
    0x07,0x80,0x07,0xee,0x3c,0xe0,0x07,0x00,0x07,0xee,0x3c,0xf0,0x07,0x00,0x07,0xe7,
    0x3c,0x70,0x0f,0x00,0x0e,0xe7,0x3c,0x70,0x0f,0x00,0x0c,0xe3,0x3c,0x78,0x0e,0x00,
    0x1c,0xe2,0x3c,0x38,0x1e,0x00,0x1c,0xe0,0x3c,0x38,0x1e,0x00,0x38,0xe0,0x38,0x3c,
    0x3c,0x00,0x38,0xe0,0x38,0x1c,0x3c,0x00,0x78,0xe0,0x38,0x1e,0x78,0x00,0x70,0xe0,
    0x38,0x0e,0x78,0x00,0xf0,0xe0,0x78,0x0f,0xf0,0x00,0xe0,0xe0,0x78,0x07,0xe0,0x00,
    0x60,0xe0,0x70,0x07,0xe0,0x00,0x40,0xe0,0x70,0x03,0xc0,0x00,0x00,0xe0,0xf0,0x07,
    0xe0,0x00,0x00,0xe0,0xf0,0x0f,0xf0,0x00,0x00,0xe0,0xe0,0x1f,0xf8,0x00,0x00,0xe1,
    0xe0,0x3e,0x7c,0x00,0x00,0xe1,0xe0,0xfc,0x3e,0x00,0x00,0xe3,0xc1,0xf8,0x1f,0x80,
    0x00,0xe3,0xc7,0xf0,0x0f,0xc0,0x00,0xe7,0x9f,0xc0,0x07,0xf0,0x00,0xe7,0x8f,0x80,
    0x03,0xe0,0x00,0xe3,0x06,0x00,0x00,0xc0,

    /* U+6982 */
    0x03,0x00,0x00,0x00,0x00,0x00,0x03,0x80,0x00,0x00,0x00,0x00,0x03,0x80,0x00,0x00,
    0x00,0x00,0x03,0x83,0xff,0xcf,0xff,0xe0,0x03,0x83,0xff,0xcf,0xff,0xe0,0x03,0x83,
    0xff,0xcf,0xff,0xe0,0x03,0x83,0x81,0xc0,0x1c,0x00,0x03,0x83,0x81,0xc0,0x1c,0x00,
    0x03,0x83,0x81,0xc0,0x1c,0x00,0x03,0x83,0x81,0xc3,0x1c,0x00,0x03,0x83,0x81,0xc7,
    0x1c,0x00,0x7f,0xfb,0x81,0xc7,0x1c,0x00,0x7f,0xfb,0xff,0xc7,0x1c,0x00,0x7f,0xfb,
    0xff,0xc7,0x1c,0x00,0x07,0x83,0xff,0xc7,0x1c,0x00,0x07,0x83,0x81,0xc6,0x1c,0x00,
    0x07,0x83,0x81,0xce,0x18,0x00,0x07,0xc3,0x81,0xce,0x38,0x00,0x07,0xc3,0x81,0xce,
    0x38,0x00,0x07,0xe3,0x81,0xce,0x38,0x00,0x0f,0xf3,0x81,0xdf,0xff,0xe0,0x0f,0xf3,
    0xff,0xdf,0xff,0xe0,0x0f,0xfb,0xff,0xdf,0xff,0xe0,0x1f,0xbb,0xff,0xc0,0x78,0x00,
    0x1f,0xbb,0x80,0x00,0x70,0x00,0x1f,0x9b,0x80,0x00,0x70,0x00,0x3b,0x93,0x80,0x00,
    0x78,0x00,0x3b,0x83,0x87,0x00,0xf8,0x00,0x3b,0x83,0x87,0x00,0xf8,0x00,0x73,0x83,
    0x83,0x80,0xf8,0x00,0x73,0x83,0x83,0x81,0xf8,0x00,0xf3,0x83,0x83,0x81,0xd8,0x00,
    0xe3,0x83,0x83,0xc3,0xd8,0x00,0xe3,0x83,0x8f,0xc3,0x98,0x00,0xc3,0x83,0x9f,0xe7,
    0x98,0x00,0x43,0x83,0xfc,0xe7,0x18,0x00,0x03,0x83,0xf8,0xef,0x18,0x30,0x03,0x87,
    0xe0,0x0e,0x18,0x30,0x03,0x87,0xc0,0x1e,0x18,0x30,0x03,0x87,0x00,0x3c,0x18,0x30,
    0x03,0x82,0x00,0x3c,0x1c,0x70,0x03,0x80,0x00,0x78,0x1c,0x60,0x03,0x80,0x00,0xf0,
    0x1f,0xe0,0x03,0x80,0x01,0xe0,0x1f,0xe0,0x03,0x80,0x00,0xc0,0x0f,0xc0,

    /* U+6A21 */
    0x03,0xc0,0x03,0xc0,0x70,0x00,0x03,0xc0,0x03,0xc0,0x70,0x00,0x03,0xc0,0x03,0xc0,
    0x70,0x00,0x03,0xc0,0x03,0xc0,0x70,0x00,0x03,0xc1,0xff,0xff,0xff,0xe0,0x03,0xc1,
    0xff,0xff,0xff,0xe0,0x03,0xc1,0xff,0xff,0xff,0xe0,0x03,0xc0,0x03,0xc0,0x70,0x00,
    0x03,0xc0,0x03,0xc0,0x70,0x00,0x7f,0xfe,0x03,0xc0,0x70,0x00,0x7f,0xfe,0x00,0x00,
    0x00,0x00,0x7f,0xfe,0x3f,0xff,0xff,0x00,0x03,0xc0,0x7f,0xff,0xff,0x80,0x03,0xc0,
    0x7f,0xff,0xff,0x80,0x03,0xc0,0x78,0x00,0x07,0x80,0x03,0xe0,0x78,0x00,0x07,0x80,
    0x07,0xe0,0x78,0x00,0x07,0x80,0x07,0xf0,0x7f,0xff,0xff,0x80,0x07,0xf0,0x7f,0xff,
    0xff,0x80,0x07,0xf8,0x7f,0xff,0xff,0x80,0x0f,0xdc,0x78,0x00,0x07,0x80,0x0f,0xdc,
    0x78,0x00,0x07,0x80,0x0f,0xde,0x78,0x00,0x07,0x80,0x1f,0xce,0x78,0x00,0x07,0x80,
    0x1f,0xce,0x7f,0xff,0xff,0x80,0x1f,0xc6,0x7f,0xff,0xff,0x80,0x3b,0xc4,0x3f,0xff,
    0xff,0x00,0x3b,0xc0,0x00,0x1c,0x00,0x00,0x7b,0xc0,0x00,0x1c,0x00,0x00,0x73,0xc0,
    0x00,0x1c,0x00,0x00,0xf3,0xc0,0x00,0x3c,0x00,0x00,0xe3,0xc3,0xff,0xff,0xff,0xe0,
    0xe3,0xc3,0xff,0xff,0xff,0xe0,0x43,0xc3,0xff,0xff,0xff,0xe0,0x03,0xc0,0x00,0x7f,
    0x80,0x00,0x03,0xc0,0x00,0xf3,0xc0,0x00,0x03,0xc0,0x00,0xf3,0xc0,0x00,0x03,0xc0,
    0x03,0xe1,0xf0,0x00,0x03,0xc0,0x07,0xc0,0xf8,0x00,0x03,0xc0,0x0f,0x80,0x7e,0x00,
    0x03,0xc0,0x7f,0x00,0x3f,0x80,0x03,0xc3,0xfe,0x00,0x0f,0xf0,0x03,0xc3,0xf8,0x00,
    0x07,0xe0,0x03,0xc3,0xc0,0x00,0x01,0xe0,

    /* U+6B63 */
    0x3f,0xff,0xff,0xff,0xff,0x80,0x3f,0xff,0xff,0xff,0xff,0x80,0x3f,0xff,0xff,0xff,
    0xff,0x80,0x00,0x00,0x0f,0x00,0x00,0x00,0x00,0x00,0x0f,0x00,0x00,0x00,0x00,0x00,
    0x0f,0x00,0x00,0x00,0x00,0x00,0x0f,0x00,0x00,0x00,0x00,0x00,0x0f,0x00,0x00,0x00,
    0x00,0x00,0x0f,0x00,0x00,0x00,0x00,0x00,0x0f,0x00,0x00,0x00,0x00,0x00,0x0f,0x00,
    0x00,0x00,0x00,0x00,0x0f,0x00,0x00,0x00,0x03,0xc0,0x0f,0x00,0x00,0x00,0x03,0xc0,
    0x0f,0x00,0x00,0x00,0x03,0xc0,0x0f,0x00,0x00,0x00,0x03,0xc0,0x0f,0x00,0x00,0x00,
    0x03,0xc0,0x0f,0xff,0xfe,0x00,0x03,0xc0,0x0f,0xff,0xfe,0x00,0x03,0xc0,0x0f,0xff,
    0xfe,0x00,0x03,0xc0,0x0f,0xff,0xfe,0x00,0x03,0xc0,0x0f,0x00,0x00,0x00,0x03,0xc0,
    0x0f,0x00,0x00,0x00,0x03,0xc0,0x0f,0x00,0x00,0x00,0x03,0xc0,0x0f,0x00,0x00,0x00,
    0x03,0xc0,0x0f,0x00,0x00,0x00,0x03,0xc0,0x0f,0x00,0x00,0x00,0x03,0xc0,0x0f,0x00,
    0x00,0x00,0x03,0xc0,0x0f,0x00,0x00,0x00,0x03,0xc0,0x0f,0x00,0x00,0x00,0x03,0xc0,
    0x0f,0x00,0x00,0x00,0x03,0xc0,0x0f,0x00,0x00,0x00,0x03,0xc0,0x0f,0x00,0x00,0x00,
    0x03,0xc0,0x0f,0x00,0x00,0x00,0x03,0xc0,0x0f,0x00,0x00,0x00,0x03,0xc0,0x0f,0x80,
    0x00,0x00,0xff,0xff,0xff,0xff,0xff,0xc0,0xff,0xff,0xff,0xff,0xff,0xc0,0xff,0xff,
    0xff,0xff,0xff,0xc0,

    /* U+6CD5 */
    0x08,0x00,0x00,0x1c,0x00,0x00,0x0e,0x00,0x00,0x1c,0x00,0x00,0x1f,0x80,0x00,0x1c,
    0x00,0x00,0x0f,0xe0,0x00,0x1c,0x00,0x00,0x03,0xf8,0x00,0x1c,0x00,0x00,0x00,0xfc,
    0x00,0x1c,0x00,0x00,0x00,0x78,0x00,0x1c,0x00,0x00,0x00,0x10,0x00,0x1c,0x00,0x00,
    0x00,0x00,0xff,0xff,0xff,0x80,0x00,0x00,0xff,0xff,0xff,0x80,0x00,0x00,0xff,0xff,
    0xff,0x80,0x00,0x00,0x00,0x3e,0x00,0x00,0x00,0x00,0x00,0x1c,0x00,0x00,0x20,0x00,
    0x00,0x1c,0x00,0x00,0x78,0x00,0x00,0x1c,0x00,0x00,0xfe,0x00,0x00,0x1c,0x00,0x00,
    0x7f,0x80,0x00,0x1c,0x00,0x00,0x1f,0xc0,0x00,0x1c,0x00,0x00,0x07,0xe0,0x00,0x1c,
    0x00,0x00,0x01,0xc0,0x00,0x1c,0x00,0x00,0x00,0x83,0xff,0xff,0xff,0xe0,0x00,0x03,
    0xff,0xff,0xff,0xe0,0x00,0x03,0xff,0xff,0xff,0xe0,0x00,0x00,0x00,0x78,0x00,0x00,
    0x00,0x00,0x00,0x78,0x00,0x00,0x00,0x00,0x00,0xf0,0x00,0x00,0x00,0x30,0x00,0xf0,
    0x00,0x00,0x00,0x38,0x01,0xe0,0x00,0x00,0x00,0x78,0x01,0xe0,0x00,0x00,0x00,0x78,
    0x03,0xc0,0x60,0x00,0x00,0xf0,0x03,0xc0,0xf0,0x00,0x00,0xf0,0x07,0x80,0x78,0x00,
    0x01,0xe0,0x0f,0x00,0x78,0x00,0x03,0xc0,0x0f,0x00,0x3c,0x00,0x03,0xc0,0x1e,0x00,
    0x1e,0x00,0x07,0x80,0x1e,0x00,0x1e,0x00,0x07,0x80,0x3c,0x00,0x1f,0x00,0x0f,0x00,
    0x78,0x3f,0xff,0x00,0x0f,0x00,0xff,0xff,0xff,0x80,0x1e,0x00,0xff,0xff,0xff,0xc0,
    0x3e,0x00,0xff,0xf8,0x03,0xc0,0x3c,0x00,0xfc,0x00,0x01,0xc0,0x18,0x00,0x00,0x00,
    0x01,0xe0,0x00,0x00,0x00,0x00,0x00,0x80,

    /* U+6D88 */
    0x08,0x00,0x00,0x1c,0x00,0x00,0x1e,0x00,0x40,0x1c,0x01,0x00,0x1f,0x01,0xe0,0x1c,
    0x01,0xc0,0x0f,0xc1,0xe0,0x1c,0x03,0xc0,0x07,0xe0,0xf0,0x1c,0x03,0xc0,0x01,0xf0,
    0x78,0x1c,0x07,0x80,0x00,0xf0,0x78,0x1c,0x07,0x00,0x00,0x60,0x3c,0x1c,0x0f,0x00,
    0x00,0x00,0x3c,0x1c,0x1e,0x00,0x00,0x00,0x1e,0x1c,0x1e,0x00,0x00,0x00,0x1c,0x1c,
    0x1c,0x00,0x00,0x00,0x08,0x1c,0x00,0x00,0x00,0x00,0x00,0x1c,0x00,0x00,0x20,0x00,
    0x00,0x1e,0x00,0x00,0x70,0x00,0xff,0xff,0xff,0x80,0xfc,0x00,0xff,0xff,0xff,0x80,
    0x7f,0x00,0xff,0xff,0xff,0x80,0x1f,0x80,0xf0,0x00,0x07,0x80,0x07,0xc0,0xf0,0x00,
    0x07,0x80,0x03,0xc0,0xf0,0x00,0x07,0x80,0x01,0x80,0xf0,0x00,0x07,0x80,0x00,0x00,
    0xf0,0x00,0x07,0x80,0x00,0x00,0xff,0xff,0xff,0x80,0x00,0x00,0xff,0xff,0xff,0x80,
    0x00,0x00,0xff,0xff,0xff,0x80,0x00,0x00,0xf0,0x00,0x07,0x80,0x00,0x60,0xf0,0x00,
    0x07,0x80,0x00,0x70,0xf0,0x00,0x07,0x80,0x00,0xf0,0xf0,0x00,0x07,0x80,0x00,0xf0,
    0xf0,0x00,0x07,0x80,0x01,0xe0,0xf0,0x00,0x07,0x80,0x01,0xe0,0xff,0xff,0xff,0x80,
    0x03,0xc0,0xff,0xff,0xff,0x80,0x03,0xc0,0xff,0xff,0xff,0x80,0x07,0x80,0xf0,0x00,
    0x07,0x80,0x07,0x80,0xf0,0x00,0x07,0x80,0x0f,0x00,0xf0,0x00,0x07,0x80,0x0f,0x00,
    0xf0,0x00,0x07,0x80,0x1e,0x00,0xf0,0x00,0x07,0x80,0x1e,0x00,0xf0,0x00,0x07,0x80,
    0x3c,0x00,0xf0,0x00,0x07,0x80,0x3c,0x00,0xf0,0x01,0xff,0x80,0x18,0x00,0xf0,0x01,
    0xff,0x00,0x00,0x00,0xf0,0x01,0xfe,0x00,

    /* U+706D */
    0x3f,0xff,0xff,0xff,0xff,0xc0,0x3f,0xff,0xff,0xff,0xff,0xc0,0x3f,0xff,0xff,0xff,
    0xff,0xc0,0x1f,0xff,0xff,0xff,0xff,0x80,0x00,0x00,0x0f,0x00,0x00,0x00,0x00,0x00,
    0x0f,0x00,0x00,0x00,0x00,0x00,0x0f,0x00,0x00,0x00,0x00,0x00,0x0f,0x00,0x00,0x00,
    0x00,0x00,0x0f,0x00,0x00,0x00,0x00,0x00,0x0f,0x00,0x00,0x00,0x00,0x00,0x0f,0x00,
    0x00,0x00,0x00,0x20,0x0f,0x00,0x0c,0x00,0x00,0x78,0x0f,0x00,0x1e,0x00,0x00,0x78,
    0x0f,0x00,0x1e,0x00,0x00,0x70,0x0f,0x00,0x1c,0x00,0x00,0xf0,0x0f,0x00,0x3c,0x00,
    0x00,0xe0,0x0f,0x80,0x38,0x00,0x01,0xe0,0x1f,0x80,0x78,0x00,0x01,0xe0,0x1f,0x80,
    0x70,0x00,0x03,0xc0,0x1f,0x80,0xf0,0x00,0x03,0xc0,0x1f,0xc1,0xe0,0x00,0x07,0x80,
    0x1f,0xc1,0xe0,0x00,0x0f,0x80,0x3d,0xc3,0xc0,0x00,0x0f,0x00,0x3d,0xe1,0x80,0x00,
    0x02,0x00,0x3d,0xe0,0x00,0x00,0x00,0x00,0x78,0xf0,0x00,0x00,0x00,0x00,0x78,0xf0,
    0x00,0x00,0x00,0x00,0xf0,0x78,0x00,0x00,0x00,0x00,0xf0,0x78,0x00,0x00,0x00,0x01,
    0xe0,0x3c,0x00,0x00,0x00,0x03,0xe0,0x3e,0x00,0x00,0x00,0x07,0xc0,0x1f,0x00,0x00,
    0x00,0x0f,0x80,0x0f,0x00,0x00,0x00,0x1f,0x80,0x0f,0xc0,0x00,0x00,0x3f,0x00,0x07,
    0xe0,0x00,0x00,0x7e,0x00,0x03,0xf0,0x00,0x01,0xfc,0x00,0x01,0xfc,0x00,0x07,0xf0,
    0x00,0x00,0x7f,0x00,0x3f,0xe0,0x00,0x00,0x3f,0xe0,0xff,0x80,0x00,0x00,0x0f,0xf0,
    0x7e,0x00,0x00,0x00,0x03,0xe0,0x38,0x00,0x00,0x00,0x00,0xc0,

    /* U+706F */
    0x00,0xe0,0x00,0x00,0x00,0x00,0x00,0xe0,0x00,0x00,0x00,0x00,0x00,0xe0,0x00,0x00,
    0x00,0x00,0x00,0xe0,0x00,0x00,0x00,0x00,0x00,0xe0,0x3f,0xff,0xff,0xe0,0x00,0xe0,
    0x3f,0xff,0xff,0xe0,0x00,0xe0,0x3f,0xff,0xff,0xe0,0x00,0xe0,0x00,0x01,0xe0,0x00,
    0x00,0xe0,0x00,0x01,0xe0,0x00,0x00,0xe1,0x80,0x01,0xe0,0x00,0x38,0xe1,0xc0,0x01,
    0xe0,0x00,0x38,0xe3,0xc0,0x01,0xe0,0x00,0x30,0xe3,0x80,0x01,0xe0,0x00,0x70,0xe3,
    0x80,0x01,0xe0,0x00,0x70,0xe7,0x00,0x01,0xe0,0x00,0x70,0xe7,0x00,0x01,0xe0,0x00,
    0x70,0xe7,0x00,0x01,0xe0,0x00,0x70,0xee,0x00,0x01,0xe0,0x00,0x71,0xee,0x00,0x01,
    0xe0,0x00,0xe1,0xe4,0x00,0x01,0xe0,0x00,0xe1,0xe0,0x00,0x01,0xe0,0x00,0xe1,0xe0,
    0x00,0x01,0xe0,0x00,0x01,0xe0,0x00,0x01,0xe0,0x00,0x01,0xe0,0x00,0x01,0xe0,0x00,
    0x01,0xe0,0x00,0x01,0xe0,0x00,0x01,0xc0,0x00,0x01,0xe0,0x00,0x01,0xc0,0x00,0x01,
    0xe0,0x00,0x01,0xe0,0x00,0x01,0xe0,0x00,0x03,0xf0,0x00,0x01,0xe0,0x00,0x03,0xf8,
    0x00,0x01,0xe0,0x00,0x03,0xfc,0x00,0x01,0xe0,0x00,0x03,0xbe,0x00,0x01,0xe0,0x00,
    0x07,0x9f,0x00,0x01,0xe0,0x00,0x07,0x8f,0x80,0x01,0xe0,0x00,0x0f,0x07,0x80,0x01,
    0xe0,0x00,0x0f,0x03,0xc0,0x01,0xe0,0x00,0x1e,0x01,0x80,0x01,0xe0,0x00,0x1e,0x01,
    0x00,0x01,0xe0,0x00,0x3c,0x00,0x00,0x01,0xe0,0x00,0x7c,0x00,0x00,0x01,0xe0,0x00,
    0xf8,0x00,0x03,0xff,0xc0,0x00,0xf0,0x00,0x03,0xff,0xc0,0x00,0xe0,0x00,0x01,0xff,
    0xc0,0x00,0x40,0x00,0x01,0xfe,0x00,0x00,

    /* U+7167 */
    0x3f,0xfe,0x3f,0xff,0xff,0x80,0x3f,0xfe,0x3f,0xff,0xff,0x80,0x3f,0xfe,0x3f,0xff,
    0xff,0x80,0x38,0x0e,0x00,0x78,0x03,0x80,0x38,0x0e,0x00,0x78,0x07,0x80,0x38,0x0e,
    0x00,0x70,0x07,0x80,0x38,0x0e,0x00,0xf0,0x07,0x80,0x38,0x0e,0x00,0xf0,0x07,0x80,
    0x38,0x0e,0x01,0xe0,0x07,0x00,0x38,0x0e,0x03,0xc0,0x07,0x00,0x38,0x0e,0x0f,0xc3,
    0xff,0x00,0x38,0x0e,0x3f,0x01,0xfe,0x00,0x3f,0xfe,0xfe,0x01,0xfc,0x00,0x3f,0xfe,
    0x78,0x00,0x00,0x00,0x3f,0xfe,0x20,0x00,0x00,0x00,0x38,0x0e,0x00,0x00,0x00,0x00,
    0x38,0x0e,0x1f,0xff,0xff,0x00,0x38,0x0e,0x1f,0xff,0xff,0x00,0x38,0x0e,0x1f,0xff,
    0xff,0x00,0x38,0x0e,0x1c,0x00,0x0f,0x00,0x38,0x0e,0x1c,0x00,0x0f,0x00,0x38,0x0e,
    0x1c,0x00,0x0f,0x00,0x38,0x0e,0x1c,0x00,0x0f,0x00,0x38,0x0e,0x1c,0x00,0x0f,0x00,
    0x3f,0xfe,0x1c,0x00,0x0f,0x00,0x3f,0xfe,0x1c,0x00,0x0f,0x00,0x3f,0xfe,0x1f,0xff,
    0xff,0x00,0x38,0x00,0x1f,0xff,0xff,0x00,0x38,0x00,0x1f,0xff,0xff,0x00,0x38,0x00,
    0x00,0x00,0x00,0x00,0x00,0x00,0x00,0x00,0x00,0x00,0x07,0x00,0x00,0x00,0x38,0x00,
    0x07,0x03,0x80,0xe0,0x3c,0x00,0x0f,0x03,0x80,0xf0,0x3e,0x00,0x0e,0x03,0x80,0xf0,
    0x1e,0x00,0x1e,0x03,0x80,0x70,0x0f,0x00,0x3c,0x03,0x80,0x78,0x0f,0x00,0x3c,0x03,
    0xc0,0x78,0x07,0x80,0x78,0x03,0xc0,0x38,0x07,0xc0,0xf8,0x03,0xc0,0x3c,0x03,0xc0,
    0xf0,0x03,0xc0,0x3c,0x03,0xe0,0xe0,0x03,0xc0,0x38,0x01,0x80,

    /* U+7184 */
    0x00,0xe0,0x00,0x1e,0x00,0x00,0x00,0xe0,0x00,0x1e,0x00,0x00,0x00,0xe0,0x00,0x1e,
    0x00,0x00,0x00,0xe0,0x00,0x1e,0x00,0x00,0x00,0xe0,0x0f,0xff,0xff,0x00,0x00,0xe0,
    0x0f,0xff,0xff,0x80,0x00,0xe0,0x0f,0xff,0xff,0x80,0x00,0xe0,0x0e,0x00,0x07,0x80,
    0x00,0xe1,0x0e,0x00,0x07,0x80,0x00,0xe3,0xce,0x00,0x07,0x80,0x18,0xe3,0xce,0x00,
    0x07,0x80,0x18,0xe3,0x8f,0xff,0xff,0x80,0x38,0xe3,0x8f,0xff,0xff,0x80,0x38,0xe7,
    0x0e,0x00,0x07,0x80,0x38,0xe7,0x0e,0x00,0x07,0x80,0x38,0xe6,0x0e,0x00,0x07,0x80,
    0x38,0xee,0x0e,0x00,0x07,0x80,0x30,0xec,0x0f,0xff,0xff,0x80,0x71,0xec,0x0f,0xff,
    0xff,0x80,0x71,0xe0,0x0e,0x00,0x07,0x80,0xf1,0xe0,0x0e,0x00,0x07,0x80,0xe1,0xe0,
    0x0e,0x00,0x07,0x80,0x01,0xe0,0x0e,0x00,0x07,0x80,0x01,0xe0,0x0f,0xff,0xff,0x80,
    0x01,0xc0,0x0f,0xff,0xff,0x80,0x01,0xc0,0x0f,0xff,0xff,0x80,0x01,0xc0,0x00,0x00,
    0x00,0x00,0x01,0xe0,0x00,0x38,0x00,0x00,0x01,0xe0,0x00,0x7c,0x00,0x00,0x03,0xf0,
    0x00,0x1e,0x00,0x00,0x03,0xf8,0x00,0x0f,0x00,0x00,0x03,0xbc,0x03,0x87,0x83,0x00,
    0x03,0x9e,0x73,0x83,0x87,0x00,0x07,0x8f,0x73,0x81,0x83,0x80,0x07,0x06,0x73,0x80,
    0x03,0x80,0x0f,0x04,0xe3,0x80,0x01,0xc0,0x0f,0x00,0xe3,0x80,0x11,0xe0,0x1e,0x00,
    0xe3,0x80,0x1c,0xe0,0x1e,0x00,0xe3,0x80,0x1c,0xf0,0x3c,0x01,0xc3,0x80,0x1c,0x70,
    0x78,0x01,0xc3,0x80,0x1c,0x70,0xf8,0x01,0xc3,0xff,0xfc,0x70,0x70,0x00,0x03,0xff,
    0xf8,0x00,0x20,0x00,0x00,0xff,0xf0,0x00,

    /* U+7248 */
    0x00,0x0e,0x00,0x00,0x01,0x80,0x1c,0x0e,0x00,0x00,0x3f,0xc0,0x1c,0x0e,0x00,0x3f,
    0xff,0xe0,0x1c,0x0e,0x07,0xff,0xff,0xc0,0x1c,0x0e,0x07,0xff,0xf8,0x00,0x1c,0x0e,
    0x07,0xf8,0x00,0x00,0x1c,0x0e,0x07,0x80,0x00,0x00,0x1c,0x0e,0x07,0x80,0x00,0x00,
    0x1c,0x0e,0x07,0x80,0x00,0x00,0x1c,0x0e,0x07,0x80,0x00,0x00,0x1c,0x0e,0x07,0x80,
    0x00,0x00,0x1c,0x0e,0x07,0x80,0x00,0x00,0x1c,0x0e,0x07,0x80,0x00,0x00,0x1f,0xff,
    0xe7,0x80,0x00,0x00,0x1f,0xff,0xe7,0xff,0xff,0xc0,0x1f,0xff,0xe7,0xff,0xff,0xc0,
    0x1e,0x00,0x07,0xff,0xff,0xc0,0x1c,0x00,0x07,0xf8,0x03,0xc0,0x1c,0x00,0x07,0xb8,
    0x01,0xc0,0x1c,0x00,0x07,0xb8,0x03,0xc0,0x1c,0x00,0x07,0xb8,0x03,0x80,0x1c,0x00,
    0x07,0x98,0x03,0x80,0x1c,0x00,0x07,0x9c,0x03,0x80,0x1e,0x00,0x07,0x9c,0x07,0x80,
    0x1f,0xff,0x07,0x1c,0x07,0x00,0x1f,0xff,0x07,0x0e,0x07,0x00,0x1f,0xff,0x07,0x0e,
    0x0f,0x00,0x1c,0x07,0x07,0x0f,0x0e,0x00,0x1c,0x07,0x07,0x07,0x1e,0x00,0x1c,0x07,
    0x07,0x07,0x9c,0x00,0x1c,0x07,0x07,0x03,0xbc,0x00,0x1c,0x07,0x0f,0x03,0xf8,0x00,
    0x3c,0x07,0x0f,0x01,0xf8,0x00,0x3c,0x07,0x0f,0x01,0xf0,0x00,0x38,0x07,0x0e,0x01,
    0xf0,0x00,0x38,0x07,0x0e,0x03,0xf0,0x00,0x38,0x07,0x1e,0x03,0xf8,0x00,0x78,0x07,
    0x1e,0x0f,0xfc,0x00,0x70,0x07,0x1c,0x1f,0x1f,0x00,0x70,0x07,0x3c,0x3e,0x0f,0x80,
    0xf0,0x07,0x3c,0xfc,0x07,0xe0,0xe0,0x07,0x79,0xf8,0x03,0xf0,0xe0,0x07,0x38,0xe0,
    0x01,0xe0,0x60,0x07,0x10,0xc0,0x00,0x40,

    /* U+72B6 */
    0x00,0x38,0x00,0x3c,0x00,0x00,0x00,0x38,0x00,0x3c,0x00,0x00,0x00,0x38,0x00,0x3c,
    0x38,0x00,0x00,0x38,0x00,0x3c,0x3c,0x00,0x00,0x38,0x00,0x3c,0x1e,0x00,0x00,0x38,
    0x00,0x3c,0x1e,0x00,0x30,0x38,0x00,0x3c,0x0f,0x00,0x70,0x38,0x00,0x3c,0x07,0x80,
    0x78,0x38,0x00,0x3c,0x07,0x80,0x3c,0x38,0x00,0x3c,0x03,0xc0,0x1e,0x38,0x00,0x3c,
    0x01,0x80,0x1e,0x38,0x00,0x3c,0x00,0x00,0x0f,0x38,0x00,0x3c,0x00,0x00,0x07,0xb8,
    0x00,0x3c,0x00,0x00,0x07,0xb9,0xff,0xff,0xff,0xe0,0x03,0x39,0xff,0xff,0xff,0xe0,
    0x00,0x39,0xff,0xff,0xff,0xe0,0x00,0x38,0xff,0xff,0xff,0xe0,0x00,0x38,0x00,0x3e,
    0x00,0x00,0x00,0x38,0x00,0x3e,0x00,0x00,0x00,0x38,0x00,0x7e,0x00,0x00,0x00,0x38,
    0x00,0x7e,0x00,0x00,0x00,0x78,0x00,0x7f,0x00,0x00,0x00,0xf8,0x00,0x7f,0x00,0x00,
    0x01,0xf8,0x00,0x77,0x00,0x00,0x03,0xf8,0x00,0xf7,0x80,0x00,0x07,0xf8,0x00,0xf3,
    0x80,0x00,0x0f,0xb8,0x00,0xf3,0x80,0x00,0x1f,0x38,0x01,0xe3,0xc0,0x00,0x3e,0x38,
    0x01,0xe1,0xc0,0x00,0xfc,0x38,0x01,0xe1,0xe0,0x00,0xf8,0x38,0x03,0xc0,0xe0,0x00,
    0x60,0x38,0x03,0xc0,0xf0,0x00,0x40,0x38,0x07,0x80,0x78,0x00,0x00,0x38,0x0f,0x80,
    0x78,0x00,0x00,0x38,0x0f,0x00,0x3c,0x00,0x00,0x38,0x1f,0x00,0x3e,0x00,0x00,0x38,
    0x3e,0x00,0x1f,0x00,0x00,0x38,0x7c,0x00,0x0f,0x80,0x00,0x38,0xf8,0x00,0x07,0xc0,
    0x00,0x39,0xf0,0x00,0x07,0xe0,0x00,0x3b,0xf0,0x00,0x03,0xf0,0x00,0x3b,0xe0,0x00,
    0x00,0xe0,0x00,0x38,0x80,0x00,0x00,0x40,

    /* U+7387 */
    0x00,0x00,0x3c,0x00,0x00,0x00,0x00,0x00,0x1e,0x00,0x00,0x00,0x00,0x00,0x1e,0x00,
    0x00,0x00,0x00,0x00,0x0f,0x00,0x00,0x00,0x7f,0xff,0xff,0xff,0xff,0xc0,0x7f,0xff,
    0xff,0xff,0xff,0xc0,0x7f,0xff,0xff,0xff,0xff,0xc0,0x00,0x00,0x3c,0x00,0x00,0x00,
    0x00,0x00,0x78,0x00,0x00,0x00,0x00,0x00,0x70,0x30,0x08,0x00,0x38,0x00,0xf0,0x78,
    0x1e,0x00,0x3e,0x01,0xe0,0xf8,0x3e,0x00,0x1f,0x03,0xc0,0xf0,0x7c,0x00,0x0f,0x87,
    0xff,0xe0,0xf8,0x00,0x03,0xef,0xff,0xc1,0xf0,0x00,0x01,0xc7,0xff,0x83,0xe0,0x00,
    0x00,0x87,0x0f,0x01,0x80,0x00,0x00,0x00,0x1e,0x00,0x00,0x00,0x00,0x00,0x3c,0x60,
    0x00,0x00,0x00,0x30,0x78,0xe1,0x80,0x00,0x00,0xf0,0xf0,0x73,0xe0,0x00,0x03,0xf1,
    0xe0,0x79,0xf0,0x00,0x0f,0xc7,0xc7,0xfc,0xfc,0x00,0x7f,0x0f,0xff,0xfc,0x3e,0x00,
    0xfe,0x0f,0xff,0xfe,0x1f,0x00,0x78,0x0f,0xf0,0x0e,0x0f,0x80,0x60,0x00,0x00,0x0e,
    0x03,0x00,0x00,0x00,0x1e,0x00,0x00,0x00,0x00,0x00,0x1e,0x00,0x00,0x00,0x00,0x00,
    0x1e,0x00,0x00,0x00,0x00,0x00,0x1e,0x00,0x00,0x00,0xff,0xff,0xff,0xff,0xff,0xc0,
    0xff,0xff,0xff,0xff,0xff,0xc0,0xff,0xff,0xff,0xff,0xff,0xc0,0x00,0x00,0x1e,0x00,
    0x00,0x00,0x00,0x00,0x1e,0x00,0x00,0x00,0x00,0x00,0x1e,0x00,0x00,0x00,0x00,0x00,
    0x1e,0x00,0x00,0x00,0x00,0x00,0x1e,0x00,0x00,0x00,0x00,0x00,0x1e,0x00,0x00,0x00,
    0x00,0x00,0x1e,0x00,0x00,0x00,0x00,0x00,0x1e,0x00,0x00,0x00,0x00,0x00,0x1e,0x00,
    0x00,0x00,0x00,0x00,0x1e,0x00,0x00,0x00,

    /* U+7528 */
    0x07,0xff,0xff,0xff,0xff,0x07,0xff,0xff,0xff,0xff,0x07,0xff,0xff,0xff,0xff,0x07,
    0x80,0x0f,0x00,0x07,0x07,0x80,0x0f,0x00,0x07,0x07,0x80,0x0f,0x00,0x07,0x07,0x80,
    0x0f,0x00,0x07,0x07,0x80,0x0f,0x00,0x07,0x07,0x80,0x0f,0x00,0x07,0x07,0x80,0x0f,
    0x00,0x07,0x07,0x80,0x0f,0x00,0x07,0x07,0x80,0x0f,0x00,0x07,0x07,0xff,0xff,0xff,
    0xff,0x07,0xff,0xff,0xff,0xff,0x07,0xff,0xff,0xff,0xff,0x07,0x80,0x0f,0x00,0x07,
    0x07,0x80,0x0f,0x00,0x07,0x07,0x80,0x0f,0x00,0x07,0x07,0x80,0x0f,0x00,0x07,0x07,
    0x80,0x0f,0x00,0x07,0x07,0x80,0x0f,0x00,0x07,0x07,0x80,0x0f,0x00,0x07,0x07,0x80,
    0x0f,0x00,0x07,0x07,0xff,0xff,0xff,0xff,0x07,0xff,0xff,0xff,0xff,0x07,0xff,0xff,
    0xff,0xff,0x07,0x80,0x0f,0x00,0x07,0x07,0x00,0x0f,0x00,0x07,0x07,0x00,0x0f,0x00,
    0x07,0x0f,0x00,0x0f,0x00,0x07,0x0f,0x00,0x0f,0x00,0x07,0x0e,0x00,0x0f,0x00,0x07,
    0x0e,0x00,0x0f,0x00,0x07,0x1e,0x00,0x0f,0x00,0x07,0x1e,0x00,0x0f,0x00,0x07,0x3c,
    0x00,0x0f,0x00,0x07,0x3c,0x00,0x0f,0x00,0x07,0x78,0x00,0x0f,0x00,0x0f,0xf8,0x00,
    0x0f,0x07,0xff,0xf0,0x00,0x0f,0x07,0xff,0x60,0x00,0x07,0x07,0xfc,

    /* U+76F8 */
    0x00,0xf0,0x00,0x00,0x00,0x00,0x00,0xf0,0x00,0x00,0x00,0x00,0x00,0xf0,0x00,0x00,
    0x00,0x00,0x00,0xf0,0x07,0xff,0xff,0xc0,0x00,0xf0,0x07,0xff,0xff,0xc0,0x00,0xf0,
    0x07,0xff,0xff,0xc0,0x00,0xf0,0x07,0x00,0x01,0xc0,0x00,0xf0,0x07,0x00,0x01,0xc0,
    0x00,0xf0,0x07,0x00,0x01,0xc0,0x00,0xf0,0x07,0x00,0x01,0xc0,0x7f,0xff,0xe7,0x00,
    0x01,0xc0,0x7f,0xff,0xe7,0x00,0x01,0xc0,0x7f,0xff,0xe7,0x00,0x01,0xc0,0x00,0xf0,
    0x07,0x00,0x01,0xc0,0x00,0xf0,0x07,0xff,0xff,0xc0,0x01,0xf0,0x07,0xff,0xff,0xc0,
    0x01,0xf0,0x07,0xff,0xff,0xc0,0x01,0xf0,0x07,0x00,0x01,0xc0,0x03,0xf0,0x07,0x00,
    0x01,0xc0,0x03,0xf8,0x07,0x00,0x01,0xc0,0x03,0xfc,0x07,0x00,0x01,0xc0,0x07,0xfe,
    0x07,0x00,0x01,0xc0,0x07,0xff,0x07,0x00,0x01,0xc0,0x0e,0xf7,0x87,0x00,0x01,0xc0,
    0x0e,0xf3,0x87,0x00,0x01,0xc0,0x1e,0xf3,0xc7,0x00,0x01,0xc0,0x1c,0xf1,0xe7,0xff,
    0xff,0xc0,0x3c,0xf0,0xc7,0xff,0xff,0xc0,0x38,0xf0,0x87,0xff,0xff,0xc0,0x78,0xf0,
    0x07,0x00,0x01,0xc0,0x70,0xf0,0x07,0x00,0x01,0xc0,0xf0,0xf0,0x07,0x00,0x01,0xc0,
    0xe0,0xf0,0x07,0x00,0x01,0xc0,0x60,0xf0,0x07,0x00,0x01,0xc0,0x40,0xf0,0x07,0x00,
    0x01,0xc0,0x00,0xf0,0x07,0x00,0x01,0xc0,0x00,0xf0,0x07,0x00,0x01,0xc0,0x00,0xf0,
    0x07,0x00,0x03,0xc0,0x00,0xf0,0x07,0xff,0xff,0xc0,0x00,0xf0,0x07,0xff,0xff,0xc0,
    0x00,0xf0,0x07,0xff,0xff,0xc0,0x00,0xf0,0x07,0x00,0x01,0xc0,0x00,0xf0,0x07,0x00,
    0x01,0xc0,0x00,0xf0,0x07,0x00,0x01,0xc0,

    /* U+770B */
    0x00,0x00,0x00,0x00,0x3c,0x00,0x00,0x00,0x00,0xff,0xfe,0x00,0x0f,0xff,0xff,0xff,
    0xfe,0x00,0x0f,0xff,0xff,0xff,0x80,0x00,0x0f,0xff,0xfc,0x00,0x00,0x00,0x00,0x00,
    0x78,0x00,0x00,0x00,0x00,0x00,0x78,0x00,0x00,0x00,0x00,0x00,0x78,0x00,0x00,0x00,
    0x07,0xff,0xff,0xff,0xff,0x00,0x0f,0xff,0xff,0xff,0xff,0x00,0x0f,0xff,0xff,0xff,
    0xff,0x00,0x00,0x01,0xe0,0x00,0x00,0x00,0x00,0x01,0xe0,0x00,0x00,0x00,0x00,0x01,
    0xc0,0x00,0x00,0x00,0x00,0x03,0xc0,0x00,0x00,0x00,0x7f,0xff,0xff,0xff,0xff,0xe0,
    0x7f,0xff,0xff,0xff,0xff,0xe0,0x7f,0xff,0xff,0xff,0xff,0xe0,0x00,0x0f,0x00,0x00,
    0x00,0x00,0x00,0x1e,0x00,0x00,0x00,0x00,0x00,0x1e,0x00,0x00,0x00,0x00,0x00,0x3f,
    0xff,0xff,0xfc,0x00,0x00,0x7f,0xff,0xff,0xfc,0x00,0x00,0xff,0xff,0xff,0xfc,0x00,
    0x01,0xfc,0x00,0x00,0x1c,0x00,0x03,0xfc,0x00,0x00,0x1c,0x00,0x07,0xfc,0x00,0x00,
    0x1c,0x00,0x0f,0x9c,0x00,0x00,0x3c,0x00,0x1f,0x1f,0xff,0xff,0xfc,0x00,0x3e,0x1f,
    0xff,0xff,0xfc,0x00,0xfc,0x1c,0x00,0x00,0x1c,0x00,0x78,0x1c,0x00,0x00,0x1c,0x00,
    0x60,0x1c,0x00,0x00,0x1c,0x00,0x00,0x1c,0x00,0x00,0x3c,0x00,0x00,0x1f,0xff,0xff,
    0xfc,0x00,0x00,0x1f,0xff,0xff,0xfc,0x00,0x00,0x1c,0x00,0x00,0x1c,0x00,0x00,0x1c,
    0x00,0x00,0x1c,0x00,0x00,0x1c,0x00,0x00,0x1c,0x00,0x00,0x1c,0x00,0x00,0x1c,0x00,
    0x00,0x1f,0xff,0xff,0xfc,0x00,0x00,0x1f,0xff,0xff,0xfc,0x00,0x00,0x1f,0xff,0xff,
    0xfc,0x00,0x00,0x1c,0x00,0x00,0x1c,0x00,0x00,0x1c,0x00,0x00,0x1c,0x00,

    /* U+773C */
    0x00,0x00,0x7f,0xff,0xfe,0x00,0xff,0xf8,0x7f,0xff,0xfe,0x00,0xff,0xf8,0x7f,0xff,
    0xfe,0x00,0xff,0xf8,0x70,0x00,0x1e,0x00,0xe0,0x38,0x70,0x00,0x1e,0x00,0xe0,0x38,
    0x70,0x00,0x1e,0x00,0xe0,0x38,0x70,0x00,0x1e,0x00,0xe0,0x38,0x70,0x00,0x1e,0x00,
    0xe0,0x38,0x70,0x00,0x1e,0x00,0xe0,0x38,0x7f,0xff,0xfe,0x00,0xe0,0x38,0x7f,0xff,
    0xfe,0x00,0xff,0xf8,0x7f,0xff,0xfe,0x00,0xff,0xf8,0x70,0x00,0x1e,0x00,0xff,0xf8,
    0x70,0x00,0x1e,0x00,0xe0,0x38,0x70,0x00,0x1e,0x00,0xe0,0x38,0x70,0x00,0x1e,0x00,
    0xe0,0x38,0x70,0x00,0x1e,0x00,0xe0,0x38,0x70,0x00,0x1e,0x00,0xe0,0x38,0x7f,0xff,
    0xfe,0x00,0xe0,0x38,0x7f,0xff,0xfe,0x00,0xe0,0x38,0x7f,0xff,0xfe,0x00,0xff,0xf8,
    0x70,0x38,0x00,0x00,0xff,0xf8,0x70,0x38,0x00,0x00,0xff,0xf8,0x70,0x38,0x03,0x00,
    0xe0,0x38,0x70,0x1c,0x07,0x80,0xe0,0x38,0x70,0x1c,0x0f,0x80,0xe0,0x38,0x70,0x1e,
    0x3f,0x00,0xe0,0x38,0x70,0x0e,0x7c,0x00,0xe0,0x38,0x70,0x0f,0xf8,0x00,0xe0,0x38,
    0x70,0x0f,0xe0,0x00,0xe0,0x38,0x70,0x07,0xc0,0x00,0xff,0xf8,0x70,0x07,0x80,0x00,
    0xff,0xf8,0x70,0x03,0xc0,0x00,0xff,0xf8,0x70,0x03,0xe0,0x00,0xe0,0x00,0x70,0x01,
    0xf0,0x00,0xe0,0x00,0x70,0x08,0xf8,0x00,0xe0,0x00,0x70,0xf8,0x7c,0x00,0xe0,0x00,
    0x7f,0xf8,0x3e,0x00,0xc0,0x00,0xff,0xf8,0x1f,0x80,0x00,0x01,0xff,0xc0,0x0f,0xc0,
    0x00,0x00,0xfc,0x00,0x07,0x80,0x00,0x00,0xe0,0x00,0x01,0x00,

    /* U+786E */
    0x00,0x00,0x00,0xe0,0x00,0x00,0x00,0x00,0x00,0xe0,0x00,0x00,0x7f,0xff,0x81,0xe0,
    0x00,0x00,0x7f,0xff,0x81,0xc0,0x00,0x00,0x7f,0xff,0x83,0xff,0xf8,0x00,0x03,0xc0,
    0x03,0xff,0xfc,0x00,0x03,0xc0,0x07,0xff,0xf8,0x00,0x03,0x80,0x07,0x00,0x78,0x00,
    0x03,0x80,0x0f,0x00,0xf0,0x00,0x03,0x80,0x1e,0x00,0xf0,0x00,0x03,0x80,0x1e,0x01,
    0xe0,0x00,0x07,0x80,0x3c,0x03,0xc0,0x00,0x07,0x00,0x7f,0xff,0xff,0xc0,0x07,0x00,
    0xff,0xff,0xff,0xc0,0x0f,0x01,0xff,0xff,0xff,0xc0,0x0e,0x01,0xfe,0x07,0x01,0xc0,
    0x0e,0x00,0xde,0x07,0x01,0xc0,0x1f,0xfe,0x1e,0x07,0x01,0xc0,0x1f,0xfe,0x1e,0x07,
    0x01,0xc0,0x3f,0xfe,0x1e,0x07,0x01,0xc0,0x3e,0x0e,0x1e,0x07,0x01,0xc0,0x7e,0x0e,
    0x1f,0xff,0xff,0xc0,0x7e,0x0e,0x1f,0xff,0xff,0xc0,0xfe,0x0e,0x1f,0xff,0xff,0xc0,
    0xfe,0x0e,0x1e,0x07,0x01,0xc0,0xee,0x0e,0x1e,0x07,0x01,0xc0,0x6e,0x0e,0x1e,0x07,
    0x01,0xc0,0x4e,0x0e,0x1e,0x07,0x01,0xc0,0x0e,0x0e,0x1c,0x07,0x01,0xc0,0x0e,0x0e,
    0x1f,0xff,0xff,0xc0,0x0e,0x0e,0x1f,0xff,0xff,0xc0,0x0e,0x0e,0x1f,0xff,0xff,0xc0,
    0x0e,0x0e,0x1c,0x07,0x01,0xc0,0x0e,0x0e,0x3c,0x07,0x01,0xc0,0x0e,0x0e,0x3c,0x07,
    0x01,0xc0,0x0f,0xfe,0x38,0x07,0x01,0xc0,0x0f,0xfe,0x38,0x07,0x01,0xc0,0x0f,0xfe,
    0x78,0x07,0x01,0xc0,0x0e,0x00,0x70,0x07,0x01,0xc0,0x0e,0x00,0xf0,0x07,0x01,0xc0,
    0x0e,0x00,0xf0,0x07,0x01,0xc0,0x0e,0x01,0xe0,0x07,0x3f,0xc0,0x00,0x03,0xc0,0x07,
    0x3f,0xc0,0x00,0x00,0xc0,0x00,0x3f,0x80,

    /* U+793A */
    0x07,0xff,0xff,0xff,0xfe,0x00,0x07,0xff,0xff,0xff,0xfe,0x00,0x07,0xff,0xff,0xff,
    0xfe,0x00,0x00,0x00,0x00,0x00,0x00,0x00,0x00,0x00,0x00,0x00,0x00,0x00,0x00,0x00,
    0x00,0x00,0x00,0x00,0x00,0x00,0x00,0x00,0x00,0x00,0x00,0x00,0x00,0x00,0x00,0x00,
    0x00,0x00,0x00,0x00,0x00,0x00,0x00,0x00,0x00,0x00,0x00,0x00,0x00,0x00,0x00,0x00,
    0x00,0x00,0x7f,0xff,0xff,0xff,0xff,0xe0,0x7f,0xff,0xff,0xff,0xff,0xe0,0x7f,0xff,
    0xff,0xff,0xff,0xe0,0x7f,0xff,0xff,0xff,0xff,0xe0,0x00,0x00,0x0f,0x00,0x00,0x00,
    0x00,0x00,0x0f,0x00,0x00,0x00,0x00,0x00,0x0f,0x00,0x00,0x00,0x00,0x00,0x0f,0x00,
    0x00,0x00,0x00,0x40,0x0f,0x00,0x00,0x00,0x00,0x78,0x0f,0x01,0xe0,0x00,0x00,0xf0,
    0x0f,0x01,0xf0,0x00,0x00,0xf0,0x0f,0x00,0xf0,0x00,0x01,0xf0,0x0f,0x00,0x78,0x00,
    0x01,0xe0,0x0f,0x00,0x7c,0x00,0x03,0xe0,0x0f,0x00,0x3c,0x00,0x03,0xc0,0x0f,0x00,
    0x1e,0x00,0x07,0x80,0x0f,0x00,0x1e,0x00,0x0f,0x80,0x0f,0x00,0x0f,0x00,0x0f,0x00,
    0x0f,0x00,0x0f,0x80,0x1e,0x00,0x0f,0x00,0x07,0x80,0x3e,0x00,0x0f,0x00,0x07,0xc0,
    0x7c,0x00,0x0f,0x00,0x03,0xc0,0xf8,0x00,0x0f,0x00,0x03,0xc0,0x70,0x00,0x0f,0x00,
    0x01,0xc0,0x00,0x00,0x0f,0x00,0x01,0x00,0x00,0x0f,0xff,0x00,0x00,0x00,0x00,0x0f,
    0xff,0x00,0x00,0x00,0x00,0x07,0xfe,0x00,0x00,0x00,0x00,0x07,0xf8,0x00,0x00,0x00,

    /* U+79D2 */
    0x00,0x00,0x00,0x0f,0x00,0x00,0x00,0x07,0x80,0x0f,0x00,0x00,0x00,0x7f,0xc0,0x0f,
    0x00,0x00,0x07,0xff,0xc0,0x0f,0x00,0x00,0x7f,0xfe,0x00,0x0f,0x00,0x00,0x7f,0xf0,
    0x00,0x0f,0x00,0x00,0x7c,0xf0,0x00,0x0f,0x00,0x00,0x00,0xf0,0x00,0x0f,0x00,0x00,
    0x00,0xf0,0x03,0x0f,0x0e,0x00,0x00,0xf0,0x07,0x8f,0x0e,0x00,0x00,0xf0,0x07,0x8f,
    0x0f,0x00,0x00,0xf0,0x07,0x0f,0x07,0x00,0x00,0xf0,0x07,0x0f,0x07,0x80,0x00,0xf0,
    0x07,0x0f,0x03,0x80,0xff,0xff,0xc7,0x0f,0x03,0xc0,0xff,0xff,0xcf,0x0f,0x03,0xc0,
    0xff,0xff,0xce,0x0f,0x01,0xc0,0x00,0xf0,0x0e,0x0f,0x01,0xe0,0x01,0xf0,0x0e,0x0f,
    0x01,0xe0,0x01,0xf8,0x1e,0x0f,0x00,0xe0,0x03,0xfc,0x1c,0x0f,0x00,0xe0,0x03,0xfe,
    0x1c,0x0f,0x00,0x80,0x07,0xfe,0x3c,0x0f,0x00,0x00,0x07,0xf7,0x08,0x0f,0x00,0x00,
    0x06,0xf7,0x80,0x0f,0x03,0x80,0x0e,0xf3,0xc0,0x0f,0x07,0x80,0x1e,0xf1,0xc0,0x0f,
    0x07,0x80,0x1c,0xf1,0x80,0x0f,0x0f,0x00,0x3c,0xf0,0x00,0x0f,0x0f,0x00,0x38,0xf0,
    0x00,0x0f,0x1e,0x00,0x78,0xf0,0x00,0x00,0x3e,0x00,0xf0,0xf0,0x00,0x00,0x3c,0x00,
    0xf0,0xf0,0x00,0x00,0x78,0x00,0xe0,0xf0,0x00,0x00,0xf0,0x00,0x40,0xf0,0x00,0x03,
    0xf0,0x00,0x00,0xf0,0x00,0x07,0xe0,0x00,0x00,0xf0,0x00,0x0f,0x80,0x00,0x00,0xf0,
    0x00,0x3f,0x00,0x00,0x00,0xf0,0x00,0xfe,0x00,0x00,0x00,0xf0,0x07,0xf8,0x00,0x00,
    0x00,0xf0,0x3f,0xf0,0x00,0x00,0x00,0xf0,0xff,0xc0,0x00,0x00,0x00,0xf0,0xfe,0x00,
    0x00,0x00,0x00,0xf0,0x70,0x00,0x00,0x00,

    /* U+7A0D */
    0x00,0x04,0x00,0x07,0x80,0x00,0x00,0x3e,0x00,0x07,0x80,0xc0,0x01,0xfe,0x1c,0x07,
    0x80,0xe0,0x1f,0xfe,0x1e,0x07,0x81,0xe0,0x7f,0xf0,0x0e,0x07,0x81,0xe0,0x7f,0xe0,
    0x0f,0x07,0x83,0xc0,0x20,0xe0,0x07,0x07,0x83,0x80,0x00,0xe0,0x07,0x87,0x87,0x80,
    0x00,0xe0,0x03,0x87,0x87,0x00,0x00,0xe0,0x03,0xc7,0x8f,0x00,0x00,0xe0,0x01,0xc7,
    0x8e,0x00,0x00,0xe0,0x01,0x07,0x80,0x00,0x00,0xe0,0x00,0x07,0x80,0x00,0x01,0xe0,
    0x00,0x07,0x80,0x00,0xff,0xff,0x9f,0xff,0xff,0xc0,0xff,0xff,0x9f,0xff,0xff,0xc0,
    0xff,0xff,0x9f,0xff,0xff,0xc0,0x03,0xe0,0x1e,0x00,0x01,0xc0,0x03,0xe0,0x1e,0x00,
    0x01,0xc0,0x03,0xf0,0x1e,0x00,0x01,0xc0,0x03,0xf0,0x1e,0x00,0x01,0xc0,0x07,0xf8,
    0x1e,0x00,0x01,0xc0,0x07,0xfc,0x1f,0xff,0xff,0xc0,0x0f,0xee,0x1f,0xff,0xff,0xc0,
    0x0e,0xef,0x1f,0xff,0xff,0xc0,0x0c,0xe7,0x1e,0x00,0x01,0xc0,0x1c,0xe3,0x1e,0x00,
    0x01,0xc0,0x1c,0xe2,0x1e,0x00,0x01,0xc0,0x38,0xe0,0x1e,0x00,0x01,0xc0,0x78,0xe0,
    0x1e,0x00,0x01,0xc0,0x70,0xe0,0x1e,0x00,0x01,0xc0,0xf0,0xe0,0x1f,0xff,0xff,0xc0,
    0xf0,0xe0,0x1f,0xff,0xff,0xc0,0x60,0xe0,0x1f,0xff,0xff,0xc0,0x40,0xe0,0x1e,0x00,
    0x01,0xc0,0x00,0xe0,0x1e,0x00,0x01,0xc0,0x00,0xe0,0x1e,0x00,0x01,0xc0,0x00,0xe0,
    0x1e,0x00,0x01,0xc0,0x00,0xe0,0x1e,0x00,0x01,0xc0,0x00,0xe0,0x1e,0x00,0x01,0xc0,
    0x00,0xe0,0x1e,0x00,0x03,0xc0,0x00,0xe0,0x1e,0x00,0xff,0xc0,0x00,0xe0,0x1e,0x00,
    0x7f,0x80,0x00,0xe0,0x1e,0x00,0x7f,0x00,

    /* U+7ACB */
    0x00,0x00,0x38,0x00,0x00,0x00,0x00,0x00,0x3c,0x00,0x00,0x00,0x00,0x00,0x3c,0x00,
    0x00,0x00,0x00,0x00,0x1c,0x00,0x00,0x00,0x00,0x00,0x1e,0x00,0x00,0x00,0x00,0x00,
    0x1e,0x00,0x00,0x00,0x00,0x00,0x1e,0x00,0x00,0x00,0x00,0x00,0x0e,0x00,0x00,0x00,
    0x00,0x00,0x00,0x00,0x00,0x00,0x3f,0xff,0xff,0xff,0xff,0x00,0x3f,0xff,0xff,0xff,
    0xff,0x00,0x3f,0xff,0xff,0xff,0xff,0x00,0x3f,0xff,0xff,0xff,0xff,0x00,0x00,0x00,
    0x00,0x00,0x00,0x00,0x00,0x00,0x00,0x00,0x00,0x00,0x00,0x30,0x00,0x03,0x00,0x00,
    0x00,0x70,0x00,0x03,0xc0,0x00,0x00,0x78,0x00,0x07,0xc0,0x00,0x00,0x78,0x00,0x07,
    0x80,0x00,0x00,0x78,0x00,0x07,0x80,0x00,0x00,0x38,0x00,0x07,0x80,0x00,0x00,0x3c,
    0x00,0x0f,0x00,0x00,0x00,0x3c,0x00,0x0f,0x00,0x00,0x00,0x3c,0x00,0x0f,0x00,0x00,
    0x00,0x1c,0x00,0x0f,0x00,0x00,0x00,0x1e,0x00,0x1e,0x00,0x00,0x00,0x1e,0x00,0x1e,
    0x00,0x00,0x00,0x1e,0x00,0x1e,0x00,0x00,0x00,0x0e,0x00,0x3c,0x00,0x00,0x00,0x0f,
    0x00,0x3c,0x00,0x00,0x00,0x0f,0x00,0x3c,0x00,0x00,0x00,0x0f,0x00,0x78,0x00,0x00,
    0x00,0x0f,0x00,0x78,0x00,0x00,0x00,0x0f,0x00,0x78,0x00,0x00,0x00,0x07,0x80,0xf0,
    0x00,0x00,0x00,0x07,0x00,0xf0,0x00,0x00,0x00,0x00,0x00,0xf0,0x00,0x00,0x00,0x00,
    0x01,0xe0,0x00,0x00,0xff,0xff,0xff,0xff,0xff,0xc0,0xff,0xff,0xff,0xff,0xff,0xc0,
    0xff,0xff,0xff,0xff,0xff,0xc0,0xff,0xff,0xff,0xff,0xff,0xc0,

    /* U+7B2C */
    0x01,0xc0,0x00,0x78,0x00,0x00,0x03,0xc0,0x00,0x78,0x00,0x00,0x03,0xc0,0x00,0x70,
    0x00,0x00,0x07,0x80,0x00,0xf0,0x00,0x00,0x07,0xff,0xf8,0xff,0xff,0xc0,0x0f,0xff,
    0xf9,0xff,0xff,0xc0,0x0f,0xff,0xf9,0xff,0xff,0xc0,0x1e,0x3c,0x03,0xc3,0xc0,0x00,
    0x3c,0x1e,0x07,0x81,0xe0,0x00,0x78,0x1e,0x0f,0x80,0xf0,0x00,0xf8,0x0e,0x0f,0x00,
    0x70,0x00,0xf0,0x0c,0x06,0x00,0x60,0x00,0x20,0x00,0x00,0x00,0x00,0x00,0x1f,0xff,
    0xff,0xff,0xfe,0x00,0x1f,0xff,0xff,0xff,0xfe,0x00,0x1f,0xff,0xff,0xff,0xfe,0x00,
    0x00,0x00,0x1e,0x00,0x1e,0x00,0x00,0x00,0x1c,0x00,0x1e,0x00,0x00,0x00,0x1c,0x00,
    0x1e,0x00,0x00,0x00,0x1c,0x00,0x1e,0x00,0x00,0x00,0x1c,0x00,0x1e,0x00,0x07,0xff,
    0xff,0xff,0xfe,0x00,0x07,0xff,0xff,0xff,0xfe,0x00,0x07,0xff,0xff,0xff,0xfe,0x00,
    0x07,0x00,0x1e,0x00,0x00,0x00,0x07,0x00,0x1c,0x00,0x00,0x00,0x0f,0x00,0x1c,0x00,
    0x00,0x00,0x0f,0x00,0x1c,0x00,0x00,0x00,0x0f,0x00,0x1e,0x00,0x00,0x00,0x0f,0xff,
    0xff,0xff,0xff,0x00,0x0f,0xff,0xff,0xff,0xff,0x00,0x0f,0xff,0xff,0xff,0xff,0x00,
    0x00,0x00,0xfc,0x00,0x0f,0x00,0x00,0x03,0xfc,0x00,0x0f,0x00,0x00,0x07,0xdc,0x00,
    0x0f,0x00,0x00,0x0f,0x9c,0x00,0x0e,0x00,0x00,0x3f,0x1c,0x00,0x0e,0x00,0x00,0x7c,
    0x1c,0x00,0x1e,0x00,0x01,0xf8,0x1c,0x00,0x1e,0x00,0x07,0xf0,0x1c,0x0f,0xfc,0x00,
    0x1f,0xc0,0x1c,0x0f,0xfc,0x00,0x7f,0x00,0x1c,0x0f,0xf8,0x00,0x3e,0x00,0x1c,0x00,
    0x00,0x00,0x38,0x00,0x1c,0x00,0x00,0x00,

    /* U+7B49 */
    0x01,0xc0,0x00,0x78,0x00,0x00,0x03,0xc0,0x00,0x78,0x00,0x00,0x03,0xc0,0x00,0xf0,
    0x00,0x00,0x07,0x80,0x00,0xf0,0x00,0x00,0x07,0xff,0xf9,0xff,0xff,0xe0,0x0f,0xff,
    0xf9,0xff,0xff,0xe0,0x1f,0xff,0xfb,0xff,0xff,0xe0,0x1e,0x78,0x07,0xc3,0x80,0x00,
    0x3c,0x38,0x0f,0x83,0xc0,0x00,0x78,0x3c,0x1f,0x01,0xe0,0x00,0xf8,0x1c,0x0e,0x00,
    0xe0,0x00,0x70,0x1c,0x0f,0x00,0xe0,0x00,0x20,0x00,0x0f,0x00,0x00,0x00,0x00,0x00,
    0x0f,0x00,0x00,0x00,0x07,0xff,0xff,0xff,0xfe,0x00,0x07,0xff,0xff,0xff,0xfe,0x00,
    0x07,0xff,0xff,0xff,0xfe,0x00,0x00,0x00,0x0f,0x00,0x00,0x00,0x00,0x00,0x0f,0x00,
    0x00,0x00,0x00,0x00,0x0f,0x00,0x00,0x00,0x00,0x00,0x0f,0x00,0x00,0x00,0x00,0x00,
    0x0f,0x00,0x00,0x00,0xff,0xff,0xff,0xff,0xff,0xf0,0xff,0xff,0xff,0xff,0xff,0xf0,
    0xff,0xff,0xff,0xff,0xff,0xf0,0x00,0x00,0x00,0x03,0x80,0x00,0x00,0x00,0x00,0x03,
    0x80,0x00,0x00,0x00,0x00,0x03,0x80,0x00,0x00,0x00,0x00,0x03,0x80,0x00,0x3f,0xff,
    0xff,0xff,0xff,0xc0,0x3f,0xff,0xff,0xff,0xff,0xc0,0x3f,0xff,0xff,0xff,0xff,0xc0,
    0x00,0x10,0x00,0x03,0xc0,0x00,0x00,0x38,0x00,0x03,0x80,0x00,0x00,0x7e,0x00,0x03,
    0x80,0x00,0x00,0x3f,0x00,0x03,0x80,0x00,0x00,0x0f,0x80,0x03,0x80,0x00,0x00,0x07,
    0xc0,0x03,0x80,0x00,0x00,0x03,0xe0,0x03,0x80,0x00,0x00,0x01,0xe0,0x03,0x80,0x00,
    0x00,0x00,0xe0,0x03,0x80,0x00,0x00,0x00,0x03,0xff,0x80,0x00,0x00,0x00,0x01,0xff,
    0x80,0x00,0x00,0x00,0x01,0xff,0x00,0x00,

    /* U+7CFB */
    0x00,0x00,0x00,0x00,0xe0,0x00,0x00,0x00,0x1f,0xf0,0x00,0x00,0x1f,0xff,0xf8,0x01,
    0xff,0xff,0xff,0xe0,0x7f,0xff,0xff,0xf8,0x00,0x3f,0xff,0xfc,0x00,0x00,0x3f,0xe1,
    0xe0,0x00,0x00,0x00,0x03,0xc0,0x00,0x00,0x00,0x07,0x80,0x00,0x00,0x00,0x0f,0x00,
    0x0e,0x00,0x00,0x1e,0x00,0x3f,0x00,0x00,0x7c,0x00,0x7e,0x00,0x00,0xf8,0x00,0xfc,
    0x00,0x01,0xe0,0x03,0xf0,0x00,0x07,0xff,0xff,0xe0,0x00,0x0f,0xff,0xff,0x80,0x00,
    0x0f,0xff,0xff,0x00,0x00,0x07,0xc0,0xfc,0x02,0x00,0x00,0x01,0xf8,0x0f,0x00,0x00,
    0x07,0xe0,0x07,0x80,0x00,0x1f,0x80,0x03,0xc0,0x00,0x3f,0x00,0x01,0xe0,0x00,0xfc,
    0x00,0x01,0xf0,0x03,0xf0,0x0f,0xff,0xf8,0x1f,0xff,0xff,0xff,0xf8,0x7f,0xff,0xff,
    0xff,0xfc,0x3f,0xff,0xfe,0x00,0x1e,0x3f,0x80,0x1c,0x00,0x0f,0x00,0x00,0x1c,0x00,
    0x0f,0x00,0x00,0x1c,0x00,0x04,0x00,0x70,0x1c,0x0e,0x00,0x00,0xf8,0x1c,0x1f,0x00,
    0x01,0xf0,0x1c,0x0f,0x80,0x01,0xe0,0x1c,0x07,0xc0,0x03,0xc0,0x1c,0x03,0xe0,0x0f,
    0xc0,0x1c,0x01,0xf8,0x1f,0x80,0x1c,0x00,0xfc,0x3f,0x00,0x1c,0x00,0x3e,0x7e,0x00,
    0x1c,0x00,0x1f,0xf8,0x00,0x1c,0x00,0x0f,0x70,0x00,0x3c,0x00,0x0e,0x00,0x0f,0xfc,
    0x00,0x00,0x00,0x0f,0xfc,0x00,0x00,0x00,0x07,0xf0,0x00,0x00,

    /* U+7EDF */
    0x00,0x60,0x00,0x1c,0x00,0x00,0x00,0x78,0x00,0x1e,0x00,0x00,0x00,0xf0,0x00,0x1e,
    0x00,0x00,0x00,0xf0,0x00,0x0f,0x00,0x00,0x01,0xe0,0x00,0x0f,0x00,0x00,0x01,0xe0,
    0x00,0x07,0x00,0x00,0x03,0xc0,0x00,0x06,0x00,0x00,0x03,0xc0,0x3f,0xff,0xff,0xe0,
    0x07,0x80,0x3f,0xff,0xff,0xe0,0x07,0x80,0x3f,0xff,0xff,0xe0,0x0f,0x06,0x00,0x3c,
    0x00,0x00,0x0f,0x07,0x00,0x78,0x00,0x00,0x1e,0x0f,0x00,0xf8,0x00,0x00,0x3c,0x0f,
    0x00,0xf0,0x38,0x00,0x3c,0x1e,0x01,0xe0,0x3c,0x00,0x79,0xfe,0x03,0xc0,0x1e,0x00,
    0xff,0xfc,0x07,0xc0,0x0e,0x00,0xff,0xf8,0x07,0x80,0x0f,0x00,0x7f,0xf8,0x0f,0x00,
    0xff,0x80,0x40,0xf0,0x3f,0xff,0xff,0x80,0x01,0xe0,0x7f,0xff,0xff,0xc0,0x03,0xe0,
    0x7f,0xff,0x81,0xe0,0x03,0xc0,0x3e,0x00,0x01,0xe0,0x07,0x80,0x01,0xc0,0xe0,0xc0,
    0x0f,0x00,0x03,0xc1,0xe0,0x00,0x1e,0x1f,0x03,0xc1,0xe0,0x00,0x3f,0xff,0x03,0xc1,
    0xe0,0x00,0x7f,0xff,0x03,0xc1,0xe0,0x00,0xff,0xf0,0x03,0xc1,0xe0,0x00,0x7f,0x00,
    0x03,0xc1,0xe0,0x00,0x70,0x00,0x03,0x81,0xe0,0x00,0x00,0x00,0x03,0x81,0xe0,0x00,
    0x00,0x00,0x07,0x81,0xe0,0x00,0x00,0x01,0x07,0x81,0xe0,0x00,0x00,0x1f,0x07,0x81,
    0xe0,0x60,0x00,0xff,0x0f,0x01,0xe0,0x70,0x0f,0xff,0x0f,0x01,0xe0,0x70,0x7f,0xf8,
    0x1e,0x01,0xe0,0x70,0xff,0xc0,0x3e,0x01,0xe0,0xf0,0x7c,0x00,0xfc,0x00,0xe0,0xe0,
    0x60,0x01,0xf8,0x00,0xff,0xe0,0x00,0x03,0xf0,0x00,0xff,0xe0,0x00,0x01,0xc0,0x00,
    0x7f,0xc0,0x00,0x01,0x00,0x00,0x00,0x00,

    /* U+7F6E */
    0x1f,0xff,0xff,0xff,0xfe,0x00,0x1f,0xff,0xff,0xff,0xff,0x00,0x1f,0xff,0xff,0xff,
    0xff,0x00,0x1c,0x03,0x80,0x70,0x0f,0x00,0x1c,0x03,0x80,0x70,0x0f,0x00,0x1c,0x03,
    0x80,0x70,0x0f,0x00,0x1c,0x03,0x80,0x70,0x0f,0x00,0x1f,0xff,0xff,0xff,0xff,0x00,
    0x1f,0xff,0xff,0xff,0xff,0x00,0x1f,0xff,0xff,0xff,0xff,0x00,0x00,0x00,0x1c,0x00,
    0x00,0x00,0x00,0x00,0x1c,0x00,0x00,0x00,0x00,0x00,0x1c,0x00,0x00,0x00,0xff,0xff,
    0xff,0xff,0xff,0x80,0xff,0xff,0xff,0xff,0xff,0x80,0x7f,0xff,0xff,0xff,0xff,0x80,
    0x00,0x00,0x38,0x00,0x00,0x00,0x00,0x00,0x38,0x00,0x00,0x00,0x00,0x00,0x78,0x00,
    0x00,0x00,0x03,0xff,0xff,0xff,0xf0,0x00,0x03,0xff,0xff,0xff,0xf0,0x00,0x03,0xc0,
    0x00,0x00,0xf0,0x00,0x03,0xc0,0x00,0x00,0xf0,0x00,0x03,0xc0,0x00,0x00,0xf0,0x00,
    0x03,0xff,0xff,0xff,0xf0,0x00,0x03,0xff,0xff,0xff,0xf0,0x00,0x03,0xc0,0x00,0x00,
    0xf0,0x00,0x03,0xc0,0x00,0x00,0xf0,0x00,0x03,0xc0,0x00,0x00,0xf0,0x00,0x03,0xff,
    0xff,0xff,0xf0,0x00,0x03,0xff,0xff,0xff,0xf0,0x00,0x03,0xc0,0x00,0x00,0xf0,0x00,
    0x03,0xc0,0x00,0x00,0xf0,0x00,0x03,0xc0,0x00,0x00,0xf0,0x00,0x03,0xff,0xff,0xff,
    0xf0,0x00,0x03,0xff,0xff,0xff,0xf0,0x00,0x03,0xc0,0x00,0x00,0xf0,0x00,0x03,0xc0,
    0x00,0x00,0xf0,0x00,0x03,0xc0,0x00,0x00,0xf0,0x00,0xff,0xff,0xff,0xff,0xff,0xc0,
    0xff,0xff,0xff,0xff,0xff,0xc0,0xff,0xff,0xff,0xff,0xff,0xc0,

    /* U+81EA */
    0x00,0x03,0xc0,0x00,0x00,0x00,0x07,0xc0,0x00,0x00,0x00,0x07,0x80,0x00,0x00,0x00,
    0x07,0x80,0x00,0x00,0x00,0x07,0x00,0x00,0x00,0x00,0x0f,0x00,0x00,0x00,0x00,0x0f,
    0x00,0x00,0x00,0xff,0xff,0xff,0xff,0x80,0xff,0xff,0xff,0xff,0x80,0xff,0xff,0xff,
    0xff,0x80,0xf0,0x00,0x00,0x07,0x80,0xf0,0x00,0x00,0x07,0x80,0xf0,0x00,0x00,0x07,
    0x80,0xf0,0x00,0x00,0x07,0x80,0xf0,0x00,0x00,0x07,0x80,0xf0,0x00,0x00,0x07,0x80,
    0xf0,0x00,0x00,0x07,0x80,0xff,0xff,0xff,0xff,0x80,0xff,0xff,0xff,0xff,0x80,0xff,
    0xff,0xff,0xff,0x80,0xf0,0x00,0x00,0x07,0x80,0xf0,0x00,0x00,0x07,0x80,0xf0,0x00,
    0x00,0x07,0x80,0xf0,0x00,0x00,0x07,0x80,0xf0,0x00,0x00,0x07,0x80,0xf0,0x00,0x00,
    0x07,0x80,0xf0,0x00,0x00,0x07,0x80,0xf0,0x00,0x00,0x07,0x80,0xff,0xff,0xff,0xff,
    0x80,0xff,0xff,0xff,0xff,0x80,0xff,0xff,0xff,0xff,0x80,0xf0,0x00,0x00,0x07,0x80,
    0xf0,0x00,0x00,0x07,0x80,0xf0,0x00,0x00,0x07,0x80,0xf0,0x00,0x00,0x07,0x80,0xf0,
    0x00,0x00,0x07,0x80,0xf0,0x00,0x00,0x07,0x80,0xf0,0x00,0x00,0x07,0x80,0xff,0xff,
    0xff,0xff,0x80,0xff,0xff,0xff,0xff,0x80,0xff,0xff,0xff,0xff,0x80,0xf0,0x00,0x00,
    0x07,0x80,0xf0,0x00,0x00,0x07,0x80,0xf0,0x00,0x00,0x07,0x80,

    /* U+83DC */
    0x00,0x0f,0x00,0x0f,0x00,0x00,0x00,0x0f,0x00,0x0f,0x00,0x00,0x00,0x0f,0x00,0x0f,
    0x00,0x00,0x7f,0xff,0xff,0xff,0xff,0xe0,0x7f,0xff,0xff,0xff,0xff,0xe0,0x7f,0xff,
    0xff,0xff,0xff,0xe0,0x00,0x0f,0x00,0x0f,0x00,0x00,0x00,0x0f,0x00,0x0f,0x00,0x00,
    0x00,0x0f,0x00,0x0f,0x00,0x00,0x00,0x0f,0x00,0x00,0x38,0x00,0x00,0x00,0x00,0x3f,
    0xfc,0x00,0x00,0x03,0xff,0xff,0xfe,0x00,0x1f,0xff,0xff,0xff,0xe0,0x00,0x1f,0xff,
    0xff,0xf0,0x00,0x00,0x1f,0xff,0x00,0x00,0x00,0x00,0x00,0x00,0x00,0x00,0x0c,0x00,
    0x00,0x00,0x18,0x00,0x0f,0x00,0x03,0x00,0x3c,0x00,0x1e,0x00,0x07,0x80,0x1c,0x00,
    0x1e,0x00,0x03,0xc0,0x1e,0x00,0x3c,0x00,0x03,0xc0,0x0e,0x00,0x3c,0x00,0x01,0xe0,
    0x0f,0x00,0x78,0x00,0x00,0xe0,0x0f,0x00,0x70,0x00,0x00,0xf0,0x00,0x00,0xf0,0x00,
    0x00,0x60,0x0f,0x00,0xe0,0x00,0x00,0x00,0x0f,0x00,0x40,0x00,0x00,0x00,0x0f,0x00,
    0x00,0x00,0x00,0x00,0x0f,0x00,0x00,0x00,0x7f,0xff,0xff,0xff,0xff,0xe0,0x7f,0xff,
    0xff,0xff,0xff,0xe0,0x7f,0xff,0xff,0xff,0xff,0xe0,0x00,0x00,0xff,0xe0,0x00,0x00,
    0x00,0x01,0xff,0xf8,0x00,0x00,0x00,0x03,0xef,0x7c,0x00,0x00,0x00,0x0f,0xcf,0x3e,
    0x00,0x00,0x00,0x1f,0x0f,0x1f,0x80,0x00,0x00,0x7e,0x0f,0x07,0xe0,0x00,0x01,0xfc,
    0x0f,0x03,0xf8,0x00,0x07,0xf0,0x0f,0x00,0xfe,0x00,0x3f,0xe0,0x0f,0x00,0x7f,0xc0,
    0xff,0x80,0x0f,0x00,0x1f,0xf0,0x7e,0x00,0x0f,0x00,0x07,0xe0,0x38,0x00,0x0f,0x00,
    0x00,0xc0,0x00,0x00,0x0f,0x00,0x00,0x00,

    /* U+89C6 */
    0x01,0x80,0x00,0x00,0x00,0x00,0x03,0xc0,0x00,0x00,0x00,0x00,0x03,0xe0,0x0f,0xff,
    0xff,0x80,0x01,0xe0,0x0f,0xff,0xff,0x80,0x00,0xf0,0x0f,0xff,0xff,0x80,0x00,0x78,
    0x0e,0x00,0x03,0x80,0x00,0x70,0x0e,0x00,0x03,0x80,0x00,0x00,0x0e,0x00,0x03,0x80,
    0x7f,0xff,0x0e,0x00,0x03,0x80,0x7f,0xff,0x8e,0x07,0x03,0x80,0x7f,0xff,0x0e,0x07,
    0x03,0x80,0x00,0x0f,0x0e,0x07,0x03,0x80,0x00,0x0f,0x0e,0x07,0x03,0x80,0x00,0x0e,
    0x0e,0x07,0x03,0x80,0x00,0x1e,0x0e,0x07,0x03,0x80,0x00,0x1c,0x0e,0x07,0x03,0x80,
    0x00,0x3c,0x0e,0x07,0x03,0x80,0x00,0x78,0x0e,0x07,0x03,0x80,0x00,0xf0,0x0e,0x07,
    0x03,0x80,0x00,0xf0,0x0e,0x0f,0x03,0x80,0x01,0xf0,0x0e,0x0f,0x03,0x80,0x03,0xf8,
    0x0e,0x0f,0x03,0x80,0x07,0xfc,0x0e,0x0f,0x03,0x80,0x0f,0xfe,0x0e,0x0f,0x03,0x80,
    0x1f,0xfe,0x0e,0x0e,0x03,0x80,0x3f,0xef,0x0e,0x0e,0x03,0x80,0x7d,0xe7,0x8e,0x0e,
    0x03,0x80,0xf9,0xe3,0x8e,0x1f,0x83,0x80,0x71,0xe3,0x00,0x1f,0x80,0x00,0x61,0xe0,
    0x00,0x1f,0x80,0x00,0x01,0xe0,0x00,0x3f,0x80,0x00,0x01,0xe0,0x00,0x3f,0x80,0x00,
    0x01,0xe0,0x00,0x7b,0x80,0x00,0x01,0xe0,0x00,0x7b,0x80,0x60,0x01,0xe0,0x00,0xf3,
    0x80,0x70,0x01,0xe0,0x01,0xe3,0x80,0x70,0x01,0xe0,0x03,0xe3,0x80,0x70,0x01,0xe0,
    0x07,0xc3,0x80,0x70,0x01,0xe0,0x0f,0x83,0x80,0x70,0x01,0xe0,0x1f,0x03,0x80,0x70,
    0x01,0xe0,0x7e,0x03,0xc0,0xe0,0x01,0xe0,0xfc,0x03,0xff,0xe0,0x01,0xe0,0xf8,0x01,
    0xff,0xc0,0x01,0xe0,0x60,0x00,0x7f,0x80,

    /* U+89C8 */
    0x00,0x0e,0x00,0xe0,0x00,0x00,0x00,0x0e,0x00,0xe0,0x00,0x00,0x38,0x0e,0x01,0xe0,
    0x00,0x00,0x38,0x0e,0x01,0xe0,0x00,0x00,0x38,0x0e,0x01,0xc0,0x00,0x00,0x38,0x0e,
    0x03,0xff,0xff,0x80,0x38,0x0e,0x03,0xff,0xff,0x80,0x38,0x0e,0x03,0xff,0xff,0x80,
    0x38,0x0e,0x07,0x80,0x00,0x00,0x38,0x0e,0x07,0x0e,0x00,0x00,0x38,0x0e,0x0f,0x1e,
    0x00,0x00,0x38,0x0e,0x1e,0x0f,0x00,0x00,0x38,0x0e,0x1e,0x07,0x80,0x00,0x38,0x0e,
    0x3c,0x03,0xc0,0x00,0x38,0x0e,0x3c,0x01,0xe0,0x00,0x38,0x0e,0x08,0x00,0xf0,0x00,
    0x00,0x0e,0x00,0x00,0xf0,0x00,0x00,0x0e,0x00,0x00,0x40,0x00,0x00,0x00,0x00,0x00,
    0x00,0x00,0x03,0xff,0xff,0xff,0xe0,0x00,0x03,0xff,0xff,0xff,0xe0,0x00,0x03,0xff,
    0xff,0xff,0xe0,0x00,0x03,0x80,0x00,0x01,0xe0,0x00,0x03,0x80,0x00,0x01,0xe0,0x00,
    0x03,0x80,0x00,0x01,0xe0,0x00,0x03,0x80,0x3c,0x01,0xe0,0x00,0x03,0x80,0x3c,0x01,
    0xe0,0x00,0x03,0x80,0x3c,0x01,0xe0,0x00,0x03,0x80,0x3c,0x01,0xe0,0x00,0x03,0x80,
    0x3c,0x01,0xe0,0x00,0x03,0x80,0x38,0x01,0xe0,0x00,0x03,0x80,0x38,0x01,0xe0,0x00,
    0x03,0x80,0x7f,0x81,0xe0,0x00,0x03,0x80,0x7f,0x81,0xe0,0x00,0x03,0x80,0xf7,0x80,
    0x00,0x00,0x00,0x01,0xf7,0x80,0x00,0x00,0x00,0x03,0xe7,0x80,0x02,0x00,0x00,0x0f,
    0xc7,0x80,0x03,0x80,0x00,0x3f,0x87,0x80,0x07,0x80,0x00,0xfe,0x07,0x80,0x07,0x80,
    0x07,0xfc,0x07,0x80,0x07,0x00,0x7f,0xf0,0x03,0xff,0xff,0x00,0xff,0x80,0x03,0xff,
    0xfe,0x00,0x7c,0x00,0x01,0xff,0xfc,0x00,

    /* U+8BA4 */
    0x00,0x00,0x00,0x0e,0x00,0x00,0x03,0x00,0x00,0x0e,0x00,0x00,0x07,0x80,0x00,0x0e,
    0x00,0x00,0x03,0xe0,0x00,0x0e,0x00,0x00,0x01,0xf0,0x00,0x0e,0x00,0x00,0x00,0xf8,
    0x00,0x0e,0x00,0x00,0x00,0x7c,0x00,0x0e,0x00,0x00,0x00,0x3c,0x00,0x0e,0x00,0x00,
    0x00,0x1c,0x00,0x0e,0x00,0x00,0x00,0x08,0x00,0x0e,0x00,0x00,0x00,0x00,0x00,0x0e,
    0x00,0x00,0x00,0x00,0x00,0x0e,0x00,0x00,0x00,0x00,0x00,0x0e,0x00,0x00,0x00,0x00,
    0x00,0x0e,0x00,0x00,0x00,0x00,0x00,0x1e,0x00,0x00,0xff,0xf0,0x00,0x1e,0x00,0x00,
    0xff,0xf0,0x00,0x1e,0x00,0x00,0xff,0xf0,0x00,0x1e,0x00,0x00,0x00,0xf0,0x00,0x1f,
    0x00,0x00,0x00,0xf0,0x00,0x1f,0x00,0x00,0x00,0xf0,0x00,0x1f,0x00,0x00,0x00,0xf0,
    0x00,0x1f,0x00,0x00,0x00,0xf0,0x00,0x1f,0x80,0x00,0x00,0xf0,0x00,0x3f,0x80,0x00,
    0x00,0xf0,0x00,0x3f,0x80,0x00,0x00,0xf0,0x00,0x3f,0x80,0x00,0x00,0xf0,0x00,0x3b,
    0xc0,0x00,0x00,0xf0,0x00,0x79,0xc0,0x00,0x00,0xf0,0x00,0x79,0xc0,0x00,0x00,0xf0,
    0x00,0x79,0xe0,0x00,0x00,0xf0,0x00,0xf0,0xe0,0x00,0x00,0xf0,0x40,0xf0,0xf0,0x00,
    0x00,0xf0,0xc1,0xe0,0x70,0x00,0x00,0xf3,0xe1,0xe0,0x78,0x00,0x00,0xf7,0xc3,0xe0,
    0x38,0x00,0x00,0xff,0x83,0xc0,0x3c,0x00,0x00,0xfe,0x07,0xc0,0x1e,0x00,0x00,0xfc,
    0x0f,0x80,0x1f,0x00,0x01,0xf8,0x0f,0x00,0x0f,0x80,0x03,0xe0,0x1f,0x00,0x07,0xc0,
    0x03,0xc0,0x3e,0x00,0x07,0xe0,0x01,0x80,0xfc,0x00,0x03,0xf0,0x00,0x00,0x78,0x00,
    0x01,0xe0,0x00,0x00,0x30,0x00,0x00,0x40,

    /* U+8BAF */
    0x06,0x00,0x00,0x00,0x00,0x00,0x0f,0x00,0x00,0x00,0x00,0x00,0x0f,0x81,0xff,0xff,
    0xfc,0x00,0x07,0xc1,0xff,0xff,0xfc,0x00,0x03,0xe1,0xff,0xff,0xfc,0x00,0x01,0xe0,
    0x03,0xc0,0x1c,0x00,0x00,0xf0,0x03,0xc0,0x1c,0x00,0x00,0x70,0x03,0xc0,0x1c,0x00,
    0x00,0x60,0x03,0xc0,0x1c,0x00,0x00,0x00,0x03,0xc0,0x1c,0x00,0x00,0x00,0x03,0xc0,
    0x1c,0x00,0x00,0x00,0x03,0xc0,0x1c,0x00,0x00,0x00,0x03,0xc0,0x1c,0x00,0x00,0x00,
    0x03,0xc0,0x1c,0x00,0xff,0xc0,0x03,0xc0,0x1c,0x00,0xff,0xc0,0x03,0xc0,0x1c,0x00,
    0xff,0xc0,0x03,0xc0,0x1c,0x00,0x03,0xc0,0x03,0xc0,0x1c,0x00,0x01,0xc0,0x03,0xc0,
    0x1c,0x00,0x01,0xc1,0xff,0xff,0x9c,0x00,0x01,0xc1,0xff,0xff,0x9c,0x00,0x01,0xc1,
    0xff,0xff,0x9c,0x00,0x01,0xc0,0x03,0xc0,0x1c,0x00,0x01,0xc0,0x03,0xc0,0x1c,0x00,
    0x01,0xc0,0x03,0xc0,0x1c,0x00,0x01,0xc0,0x03,0xc0,0x1c,0x00,0x01,0xc0,0x03,0xc0,
    0x1c,0x00,0x01,0xc0,0x03,0xc0,0x1c,0x00,0x01,0xc0,0x03,0xc0,0x1e,0x00,0x01,0xc0,
    0x03,0xc0,0x1e,0x00,0x01,0xc3,0x03,0xc0,0x1e,0x00,0x01,0xc7,0x03,0xc0,0x1e,0x00,
    0x01,0xcf,0x03,0xc0,0x1e,0x20,0x01,0xff,0x03,0xc0,0x0e,0x30,0x01,0xfc,0x03,0xc0,
    0x0e,0x30,0x01,0xf8,0x03,0xc0,0x0e,0x30,0x03,0xf0,0x03,0xc0,0x0f,0x30,0x07,0xe0,
    0x03,0xc0,0x0f,0x30,0x07,0xc0,0x03,0xc0,0x07,0x70,0x07,0x00,0x03,0xc0,0x07,0xf0,
    0x02,0x00,0x03,0xc0,0x07,0xe0,0x00,0x00,0x03,0xc0,0x03,0xe0,0x00,0x00,0x00,0x00,
    0x01,0xc0,

    /* U+8BD5 */
    0x00,0x00,0x00,0x07,0x80,0x00,0x0c,0x00,0x00,0x07,0x9c,0x00,0x1e,0x00,0x00,0x07,
    0x9c,0x00,0x0f,0x00,0x00,0x07,0x9e,0x00,0x07,0x80,0x00,0x07,0x8f,0x00,0x03,0xc0,
    0x00,0x07,0x87,0x80,0x01,0xe0,0x00,0x07,0x83,0xc0,0x00,0xf0,0x00,0x07,0x83,0x80,
    0x00,0xf0,0x00,0x07,0x81,0x00,0x00,0x60,0x00,0x07,0x80,0x00,0x00,0x03,0xff,0xff,
    0xff,0xe0,0x00,0x03,0xff,0xff,0xff,0xe0,0x00,0x03,0xff,0xff,0xff,0xe0,0x00,0x00,
    0x00,0x07,0x80,0x00,0x00,0x00,0x00,0x03,0x80,0x00,0xff,0xc0,0x00,0x03,0x80,0x00,
    0xff,0xc0,0x00,0x03,0x80,0x00,0xff,0xc0,0x00,0x03,0x80,0x00,0x03,0xc0,0x00,0x03,
    0x80,0x00,0x03,0xc0,0x00,0x03,0x80,0x00,0x03,0xc0,0x00,0x03,0xc0,0x00,0x03,0xc1,
    0xff,0xf3,0xc0,0x00,0x03,0xc1,0xff,0xf3,0xc0,0x00,0x03,0xc1,0xff,0xf3,0xc0,0x00,
    0x03,0xc0,0x0e,0x03,0xc0,0x00,0x03,0xc0,0x0e,0x03,0xc0,0x00,0x03,0xc0,0x0e,0x01,
    0xc0,0x00,0x03,0xc0,0x0e,0x01,0xc0,0x00,0x03,0xc0,0x0e,0x01,0xc0,0x00,0x03,0xc0,
    0x0e,0x01,0xe0,0x00,0x03,0xc0,0x0e,0x01,0xe0,0x00,0x03,0xc0,0x0e,0x01,0xe0,0x00,
    0x03,0xc0,0x0e,0x00,0xe0,0x00,0x03,0xc2,0x0e,0x00,0xe0,0xc0,0x03,0xce,0x0e,0x38,
    0xf0,0xe0,0x03,0xdf,0x0f,0xf8,0xf0,0xe0,0x03,0xfe,0x1f,0xf8,0x70,0xe0,0x03,0xf9,
    0xff,0xe0,0x78,0xe0,0x07,0xf1,0xff,0x00,0x79,0xc0,0x07,0xe1,0xf0,0x00,0x3f,0xc0,
    0x0f,0x81,0x80,0x00,0x3f,0xc0,0x07,0x00,0x00,0x00,0x1f,0x80,0x04,0x00,0x00,0x00,
    0x0f,0x80,0x00,0x00,0x00,0x00,0x07,0x00,

    /* U+8BEF */
    0x04,0x00,0x00,0x00,0x00,0x00,0x0e,0x00,0x3f,0xff,0xff,0x80,0x1f,0x00,0x3f,0xff,
    0xff,0x80,0x0f,0x80,0x3f,0xff,0xff,0x80,0x07,0xc0,0x3c,0x00,0x07,0x80,0x03,0xe0,
    0x3c,0x00,0x07,0x80,0x01,0xf0,0x3c,0x00,0x07,0x80,0x00,0xf0,0x3c,0x00,0x07,0x80,
    0x00,0x70,0x3c,0x00,0x07,0x80,0x00,0x20,0x3c,0x00,0x07,0x80,0x00,0x00,0x3c,0x00,
    0x07,0x80,0x00,0x00,0x3f,0xff,0xff,0x80,0x00,0x00,0x3f,0xff,0xff,0x80,0x00,0x00,
    0x3f,0xff,0xff,0x80,0xff,0xe0,0x00,0x00,0x00,0x00,0xff,0xe0,0x00,0x00,0x00,0x00,
    0xff,0xe0,0x00,0x00,0x00,0x00,0x01,0xe0,0x00,0x00,0x00,0x00,0x01,0xe0,0x00,0x00,
    0x00,0x00,0x01,0xe0,0x7f,0xff,0xff,0xc0,0x01,0xe0,0x7f,0xff,0xff,0xc0,0x01,0xe0,
    0x7f,0xff,0xff,0xc0,0x01,0xe0,0x00,0x0e,0x00,0x00,0x01,0xe0,0x00,0x0e,0x00,0x00,
    0x01,0xe0,0x00,0x1e,0x00,0x00,0x01,0xe0,0x00,0x1e,0x00,0x00,0x01,0xe0,0x00,0x1e,
    0x00,0x00,0x01,0xe0,0xff,0xff,0xff,0xf0,0x01,0xe0,0xff,0xff,0xff,0xf0,0x01,0xe0,
    0xff,0xff,0xff,0xf0,0x01,0xe0,0x00,0x3f,0x00,0x00,0x01,0xe0,0x00,0x3f,0x00,0x00,
    0x01,0xe3,0x00,0x7f,0x80,0x00,0x01,0xe7,0x00,0x7b,0xc0,0x00,0x01,0xff,0x80,0xf3,
    0xc0,0x00,0x01,0xfe,0x01,0xf1,0xe0,0x00,0x01,0xfc,0x03,0xe0,0xf0,0x00,0x03,0xf8,
    0x07,0xc0,0x7c,0x00,0x03,0xe0,0x1f,0x80,0x3e,0x00,0x03,0xc0,0x7f,0x00,0x1f,0xc0,
    0x01,0x81,0xfe,0x00,0x0f,0xf0,0x01,0x01,0xf8,0x00,0x03,0xe0,0x00,0x00,0xe0,0x00,
    0x00,0xe0,

    /* U+8BF4 */
    0x00,0x00,0x0c,0x00,0x18,0x00,0x06,0x00,0x1c,0x00,0x3e,0x00,0x0f,0x00,0x1e,0x00,
    0x3c,0x00,0x0f,0x80,0x0f,0x00,0x3c,0x00,0x07,0xc0,0x0f,0x00,0x78,0x00,0x03,0xe0,
    0x07,0x80,0x78,0x00,0x01,0xf0,0x07,0x80,0xf0,0x00,0x00,0xf0,0x03,0xc0,0xf0,0x00,
    0x00,0x78,0x03,0xc0,0xe0,0x00,0x00,0x70,0x01,0x01,0xe0,0x00,0x00,0x20,0xff,0xff,
    0xff,0x00,0x00,0x00,0xff,0xff,0xff,0x00,0x00,0x00,0xff,0xff,0xff,0x00,0x00,0x00,
    0xf0,0x00,0x0f,0x00,0x00,0x00,0xf0,0x00,0x0f,0x00,0xff,0xe0,0xf0,0x00,0x0f,0x00,
    0xff,0xe0,0xf0,0x00,0x0f,0x00,0xff,0xe0,0xf0,0x00,0x0f,0x00,0x01,0xe0,0xf0,0x00,
    0x0f,0x00,0x01,0xe0,0xf0,0x00,0x0f,0x00,0x01,0xe0,0xf0,0x00,0x0f,0x00,0x01,0xe0,
    0xf0,0x00,0x0f,0x00,0x01,0xe0,0xff,0xff,0xff,0x00,0x01,0xe0,0xff,0xff,0xff,0x00,
    0x01,0xe0,0xff,0xff,0xff,0x00,0x01,0xe0,0x03,0xc3,0xc0,0x00,0x01,0xe0,0x03,0xc3,
    0xc0,0x00,0x01,0xe0,0x03,0xc3,0xc0,0x00,0x01,0xe0,0x03,0xc3,0xc0,0x00,0x01,0xe0,
    0x03,0x83,0xc0,0x00,0x01,0xe0,0x03,0x83,0xc0,0x00,0x01,0xe1,0x83,0x83,0xc0,0x00,
    0x01,0xe7,0x87,0x83,0xc0,0x00,0x01,0xef,0x87,0x83,0xc0,0x00,0x01,0xff,0x0f,0x03,
    0xc0,0x00,0x01,0xfe,0x0f,0x03,0xc0,0x60,0x01,0xfc,0x1e,0x03,0xc0,0x70,0x03,0xf0,
    0x3e,0x03,0xc0,0x70,0x07,0xe0,0x7c,0x03,0xc0,0xf0,0x07,0xc0,0xf8,0x03,0xc0,0xe0,
    0x03,0x03,0xf0,0x01,0xff,0xe0,0x02,0x07,0xe0,0x01,0xff,0xe0,0x00,0x07,0xc0,0x00,
    0xff,0xc0,0x00,0x03,0x00,0x00,0x00,0x00,

    /* U+8BF7 */
    0x00,0x00,0x00,0x1e,0x00,0x00,0x06,0x00,0x00,0x1e,0x00,0x00,0x0f,0x00,0x00,0x1e,
    0x00,0x00,0x0f,0x80,0x7f,0xff,0xff,0xc0,0x07,0xc0,0xff,0xff,0xff,0xc0,0x03,0xe0,
    0xff,0xff,0xff,0xc0,0x01,0xf0,0x00,0x1e,0x00,0x00,0x00,0xf8,0x00,0x1e,0x00,0x00,
    0x00,0x70,0x00,0x1e,0x00,0x00,0x00,0x20,0x3f,0xff,0xff,0x80,0x00,0x00,0x3f,0xff,
    0xff,0x80,0x00,0x00,0x3f,0xff,0xff,0x80,0x00,0x00,0x00,0x1e,0x00,0x00,0x00,0x00,
    0x00,0x1e,0x00,0x00,0x00,0x00,0x00,0x1e,0x00,0x00,0xff,0xe1,0xff,0xff,0xff,0xf0,
    0xff,0xe1,0xff,0xff,0xff,0xf0,0xff,0xe1,0xff,0xff,0xff,0xf0,0x01,0xe0,0x00,0x00,
    0x00,0x00,0x01,0xe0,0x00,0x00,0x00,0x00,0x01,0xe0,0x00,0x00,0x00,0x00,0x01,0xe0,
    0x3f,0xff,0xff,0x00,0x01,0xe0,0x3f,0xff,0xff,0x00,0x01,0xe0,0x3f,0xff,0xff,0x00,
    0x01,0xe0,0x3c,0x00,0x07,0x00,0x01,0xe0,0x3c,0x00,0x07,0x00,0x01,0xe0,0x3c,0x00,
    0x07,0x00,0x01,0xe0,0x3c,0x00,0x0f,0x00,0x01,0xe0,0x3f,0xff,0xff,0x00,0x01,0xe0,
    0x3f,0xff,0xff,0x00,0x01,0xe0,0x3c,0x00,0x07,0x00,0x01,0xe0,0x3c,0x00,0x07,0x00,
    0x01,0xe1,0x3c,0x00,0x07,0x00,0x01,0xe3,0x3c,0x00,0x07,0x00,0x01,0xef,0xbf,0xff,
    0xff,0x00,0x01,0xff,0x3f,0xff,0xff,0x00,0x01,0xfe,0x3f,0xff,0xff,0x00,0x01,0xfc,
    0x3c,0x00,0x07,0x00,0x01,0xf8,0x3c,0x00,0x07,0x00,0x03,0xe0,0x3c,0x00,0x07,0x00,
    0x07,0xc0,0x3c,0x00,0x07,0x00,0x03,0x80,0x3c,0x01,0xff,0x00,0x03,0x00,0x3c,0x01,
    0xff,0x00,0x00,0x00,0x3c,0x01,0xfc,0x00,

    /* U+8D25 */
    0x00,0x00,0x00,0x38,0x00,0x00,0x00,0x00,0x00,0x3c,0x00,0x00,0x7f,0xff,0xc0,0x38,
    0x00,0x00,0x7f,0xff,0xc0,0x38,0x00,0x00,0x7f,0xff,0xc0,0x38,0x00,0x00,0x78,0x01,
    0xc0,0x78,0x00,0x00,0x70,0x01,0xc0,0x70,0x00,0x00,0x70,0x01,0xc0,0x70,0x00,0x00,
    0x70,0x61,0xc0,0xff,0xff,0xc0,0x70,0xe1,0xc0,0xff,0xff,0xc0,0x70,0xe1,0xc0,0xff,
    0xff,0xc0,0x70,0xe1,0xc1,0xe0,0x0e,0x00,0x70,0xe1,0xc1,0xc0,0x0e,0x00,0x70,0xe1,
    0xc3,0xc0,0x0e,0x00,0x70,0xe1,0xc3,0xc0,0x1c,0x00,0x70,0xe1,0xc3,0x80,0x1c,0x00,
    0x70,0xe1,0xc7,0x80,0x1c,0x00,0x70,0xe1,0xcf,0xc0,0x1c,0x00,0x70,0xe1,0xcf,0xc0,
    0x1c,0x00,0x70,0xe1,0xdf,0xc0,0x3c,0x00,0x70,0xe1,0xce,0xe0,0x38,0x00,0x70,0xe1,
    0xc4,0xe0,0x38,0x00,0x70,0xe1,0xc0,0xe0,0x38,0x00,0x70,0xe1,0xc0,0x70,0x78,0x00,
    0x70,0xe1,0xc0,0x70,0x70,0x00,0x70,0xe1,0xc0,0x78,0x70,0x00,0x70,0xe1,0xc0,0x38,
    0xf0,0x00,0x70,0xe1,0xc0,0x3c,0xe0,0x00,0x70,0xe1,0xc0,0x1c,0xe0,0x00,0x70,0xe1,
    0xc0,0x1f,0xc0,0x00,0x71,0xe1,0xc0,0x0f,0xc0,0x00,0x01,0xc0,0x00,0x07,0xc0,0x00,
    0x01,0xc0,0x00,0x07,0x80,0x00,0x03,0xcc,0x00,0x07,0xc0,0x00,0x03,0x9e,0x00,0x0f,
    0xc0,0x00,0x07,0x8f,0x00,0x1f,0xe0,0x00,0x07,0x07,0x00,0x3e,0xf0,0x00,0x0f,0x07,
    0x80,0x7c,0x78,0x00,0x1e,0x03,0xc0,0xf8,0x3c,0x00,0x3e,0x01,0xc1,0xf0,0x1f,0x00,
    0x7c,0x01,0xe3,0xe0,0x0f,0x80,0xf8,0x00,0xef,0xc0,0x07,0xe0,0xf0,0x00,0xcf,0x80,
    0x03,0xc0,0x40,0x00,0x06,0x00,0x00,0x80,

    /* U+8F7D */
    0x00,0x1e,0x00,0x3c,0x00,0x00,0x00,0x1e,0x00,0x3c,0x20,0x00,0x00,0x1e,0x00,0x3c,
    0x70,0x00,0x00,0x1e,0x00,0x3c,0x78,0x00,0x3f,0xff,0xfe,0x3c,0x3c,0x00,0x3f,0xff,
    0xfe,0x3c,0x1e,0x00,0x3f,0xff,0xfe,0x3c,0x0f,0x00,0x00,0x1e,0x00,0x3c,0x07,0x00,
    0x00,0x1e,0x00,0x3c,0x02,0x00,0x00,0x1e,0x00,0x3c,0x00,0x00,0x00,0x1e,0x00,0x3c,
    0x00,0x00,0xff,0xff,0xff,0xff,0xff,0xc0,0xff,0xff,0xff,0xff,0xff,0xc0,0xff,0xff,
    0xff,0xff,0xff,0xc0,0x00,0x60,0x00,0x1c,0x00,0x00,0x00,0xf0,0x00,0x1c,0x00,0x00,
    0x00,0xf0,0x00,0x1c,0x06,0x00,0x01,0xe0,0x00,0x1c,0x07,0x00,0xff,0xff,0xff,0x9c,
    0x0f,0x00,0xff,0xff,0xff,0x9e,0x0f,0x00,0xff,0xff,0xff,0x9e,0x0e,0x00,0x03,0x80,
    0x00,0x1e,0x1e,0x00,0x07,0x80,0x00,0x1e,0x1c,0x00,0x07,0x07,0x00,0x0e,0x1c,0x00,
    0x0f,0x07,0x00,0x0e,0x3c,0x00,0x0e,0x07,0x00,0x0e,0x38,0x00,0x1e,0x07,0x00,0x0e,
    0x78,0x00,0x3f,0xff,0xff,0x0f,0x70,0x00,0x3f,0xff,0xff,0x0f,0xf0,0x00,0x1f,0xff,
    0xff,0x0f,0xf0,0x00,0x10,0x07,0x00,0x07,0xe0,0x00,0x00,0x07,0x00,0x07,0xe0,0x00,
    0x00,0x07,0x00,0x07,0xc0,0x00,0x00,0x07,0x00,0x07,0x80,0x80,0x00,0x07,0x07,0x87,
    0x80,0xe0,0x01,0xff,0xff,0x8f,0xc0,0xe0,0xff,0xff,0xff,0x9f,0xc0,0xe0,0xff,0xff,
    0xf8,0x3f,0xe0,0xe0,0xff,0x87,0x00,0x7d,0xe0,0xe0,0x00,0x07,0x00,0xf8,0xf1,0xc0,
    0x00,0x07,0x01,0xf0,0xff,0xc0,0x00,0x07,0x03,0xe0,0x7f,0xc0,0x00,0x07,0x03,0xc0,
    0x3f,0x80,0x00,0x07,0x01,0x80,0x0f,0x00,

    /* U+8F93 */
    0x03,0x80,0x00,0x07,0x00,0x00,0x03,0x80,0x00,0x0f,0x00,0x00,0x03,0x80,0x00,0x1f,
    0x00,0x00,0x03,0x80,0x00,0x1f,0x80,0x00,0x03,0x80,0x00,0x3f,0xc0,0x00,0x07,0x80,
    0x00,0x7b,0xe0,0x00,0xff,0xff,0x00,0xf1,0xf0,0x00,0xff,0xff,0x03,0xe0,0xf8,0x00,
    0xff,0xff,0x07,0xc0,0x7e,0x00,0x07,0x00,0x0f,0x80,0x3f,0x80,0x0e,0x00,0x3f,0x00,
    0x0f,0xe0,0x0e,0x00,0x7e,0x00,0x07,0xf0,0x0e,0x01,0xff,0xff,0xff,0xe0,0x0e,0x70,
    0xf7,0xff,0xfe,0x60,0x1c,0x70,0x47,0xff,0xfe,0x00,0x1c,0x70,0x00,0x00,0x00,0x00,
    0x1c,0x70,0x00,0x00,0x00,0x00,0x18,0x70,0x00,0x00,0x01,0xc0,0x38,0x70,0x3f,0xfc,
    0x01,0xc0,0x38,0x70,0x3f,0xfc,0x71,0xc0,0x78,0xf0,0x3f,0xfc,0x71,0xc0,0x7f,0xff,
    0x38,0x1c,0x71,0xc0,0x7f,0xff,0x38,0x1c,0x71,0xc0,0x7f,0xff,0x38,0x1c,0x71,0xc0,
    0x00,0x70,0x3f,0xfc,0x71,0xc0,0x00,0x70,0x3f,0xfc,0x71,0xc0,0x00,0x70,0x3f,0xfc,
    0x71,0xc0,0x00,0x70,0x38,0x1c,0x71,0xc0,0x00,0x70,0x38,0x1c,0x71,0xc0,0x00,0x7e,
    0x38,0x1c,0x71,0xc0,0x00,0xff,0x38,0x1c,0x71,0xc0,0x0f,0xff,0x3f,0xfc,0x71,0xc0,
    0xff,0xf8,0x3f,0xfc,0x71,0xc0,0xff,0xf0,0x3f,0xfc,0x71,0xc0,0x78,0x70,0x38,0x1c,
    0x71,0xc0,0x40,0x70,0x38,0x1c,0x71,0xc0,0x00,0x70,0x38,0x1c,0x01,0xc0,0x00,0x70,
    0x38,0x1c,0x01,0xc0,0x00,0x70,0x38,0x1c,0x01,0xc0,0x00,0x70,0x38,0x1c,0x01,0xc0,
    0x00,0x70,0x38,0x1c,0x01,0xc0,0x00,0x70,0x38,0xfc,0x3f,0xc0,0x00,0x70,0x38,0xfc,
    0x3f,0xc0,0x00,0x70,0x38,0x78,0x1f,0x00,

    /* U+8FD4 */
    0x08,0x00,0x00,0x00,0x7f,0x80,0x1c,0x00,0x00,0xff,0xff,0xc0,0x3e,0x00,0x7f,0xff,
    0xff,0x80,0x1f,0x00,0x7f,0xff,0xe0,0x00,0x0f,0x80,0x7f,0xc0,0x00,0x00,0x07,0x80,
    0x70,0x00,0x00,0x00,0x03,0xc0,0x70,0x00,0x00,0x00,0x03,0xe0,0x70,0x00,0x00,0x00,
    0x01,0xc0,0x70,0x00,0x00,0x00,0x00,0x80,0x70,0x00,0x00,0x00,0x00,0x00,0x70,0x00,
    0x00,0x00,0x00,0x00,0x7f,0xff,0xff,0x00,0x00,0x00,0x7f,0xff,0xff,0x80,0x00,0x00,
    0xff,0xff,0xff,0x00,0x00,0x00,0xf0,0x00,0x0f,0x00,0x00,0x00,0xf0,0x00,0x0f,0x00,
    0x00,0x00,0xf0,0x00,0x0e,0x00,0xff,0xc0,0xf0,0x00,0x1e,0x00,0xff,0xc0,0xf1,0x80,
    0x1c,0x00,0xff,0xc0,0xf7,0xc0,0x3c,0x00,0x03,0xc0,0xf3,0xe0,0x78,0x00,0x01,0xc0,
    0xe1,0xf0,0x78,0x00,0x01,0xc0,0xe0,0xfc,0xf0,0x00,0x01,0xc0,0xe0,0x3f,0xf0,0x00,
    0x01,0xc1,0xe0,0x1f,0xe0,0x00,0x01,0xc1,0xe0,0x0f,0xc0,0x00,0x01,0xc1,0xc0,0x0f,
    0xc0,0x00,0x01,0xc3,0xc0,0x1f,0xe0,0x00,0x01,0xc3,0xc0,0x3f,0xf8,0x00,0x01,0xc7,
    0x80,0x7c,0xfc,0x00,0x01,0xc7,0x81,0xf8,0x3e,0x00,0x01,0xcf,0x07,0xf0,0x1f,0x00,
    0x01,0xcf,0x1f,0xc0,0x0f,0x80,0x01,0xc6,0x1f,0x80,0x07,0x80,0x03,0xc0,0x0e,0x00,
    0x03,0x00,0x0f,0xf0,0x00,0x00,0x00,0x00,0x1f,0xf8,0x00,0x00,0x00,0x00,0x3e,0x7f,
    0x00,0x00,0x00,0x00,0x7c,0x1f,0xfc,0x00,0x7f,0xf0,0xf8,0x0f,0xff,0xff,0xff,0xe0,
    0x70,0x01,0xff,0xff,0xff,0xe0,0x60,0x00,0x3f,0xff,0xff,0xc0,

    /* U+9000 */
    0x0c,0x00,0x7f,0xff,0xfe,0x00,0x3e,0x00,0x7f,0xff,0xfe,0x00,0x1f,0x00,0x7f,0xff,
    0xfe,0x00,0x0f,0x80,0x70,0x00,0x1e,0x00,0x07,0xc0,0x70,0x00,0x1e,0x00,0x03,0xe0,
    0x70,0x00,0x1e,0x00,0x01,0xe0,0x70,0x00,0x1e,0x00,0x00,0xe0,0x7f,0xff,0xfe,0x00,
    0x00,0xc0,0x7f,0xff,0xfe,0x00,0x00,0x00,0x7f,0xff,0xfe,0x00,0x00,0x00,0x70,0x00,
    0x1e,0x00,0x00,0x00,0x70,0x00,0x1e,0x00,0x00,0x00,0x70,0x00,0x1e,0x00,0x00,0x00,
    0x70,0x00,0x1e,0x00,0x00,0x00,0x70,0x00,0x1e,0x00,0x7f,0xe0,0x7f,0xff,0xfe,0x00,
    0x7f,0xe0,0x7f,0xff,0xfe,0x00,0x7f,0xe0,0x7f,0xff,0xfe,0x00,0x01,0xe0,0x70,0x00,
    0x01,0x80,0x01,0xe0,0x70,0x00,0x03,0xc0,0x01,0xe0,0x70,0x30,0x07,0xc0,0x01,0xe0,
    0x70,0x7c,0x1f,0x80,0x01,0xe0,0x70,0x3e,0x3e,0x00,0x01,0xe0,0x70,0x1f,0xfc,0x00,
    0x01,0xe0,0x70,0x07,0xf0,0x00,0x01,0xe0,0x70,0x03,0xe0,0x00,0x01,0xe0,0x70,0x01,
    0xf0,0x00,0x01,0xe0,0x70,0x00,0xf8,0x00,0x01,0xe0,0x70,0xf8,0x7c,0x00,0x01,0xe0,
    0x7f,0xf8,0x3e,0x00,0x01,0xe0,0xff,0xf0,0x1f,0x00,0x01,0xe1,0xff,0x80,0x0f,0x80,
    0x01,0xe0,0xfc,0x00,0x07,0x80,0x01,0xe0,0xe0,0x00,0x03,0x00,0x07,0xf8,0x00,0x00,
    0x00,0x00,0x0f,0xfc,0x00,0x00,0x00,0x00,0x3f,0x3f,0x00,0x00,0x00,0x00,0x7c,0x0f,
    0xf8,0x00,0x07,0xf0,0xf8,0x03,0xff,0xff,0xff,0xf0,0x70,0x00,0xff,0xff,0xff,0xe0,
    0x20,0x00,0x1f,0xff,0xff,0xe0,

    /* U+9009 */
    0x00,0x00,0x00,0x38,0x00,0x00,0x20,0x00,0x38,0x38,0x00,0x00,0x70,0x00,0x3c,0x38,
    0x00,0x00,0x7c,0x00,0x38,0x38,0x00,0x00,0x3e,0x00,0x78,0x38,0x00,0x00,0x1f,0x00,
    0x70,0x38,0x00,0x00,0x0f,0x80,0xff,0xff,0xff,0x00,0x07,0x80,0xff,0xff,0xff,0x00,
    0x03,0xc1,0xff,0xff,0xff,0x00,0x03,0x81,0xe0,0x3c,0x00,0x00,0x01,0x03,0xc0,0x38,
    0x00,0x00,0x00,0x07,0xc0,0x38,0x00,0x00,0x00,0x07,0x80,0x38,0x00,0x00,0x00,0x03,
    0x00,0x38,0x00,0x00,0x00,0x00,0x00,0x38,0x00,0x00,0x00,0x00,0x00,0x38,0x00,0x00,
    0x00,0x00,0x00,0x38,0x00,0x00,0x00,0x0f,0xff,0xff,0xff,0xc0,0xff,0x8f,0xff,0xff,
    0xff,0xc0,0xff,0x8f,0xff,0xff,0xff,0xc0,0xff,0x80,0x07,0x07,0x80,0x00,0x07,0x80,
    0x07,0x07,0x80,0x00,0x03,0x80,0x07,0x07,0x80,0x00,0x03,0x80,0x0f,0x07,0x80,0x00,
    0x03,0x80,0x0f,0x07,0x80,0x00,0x03,0x80,0x0f,0x07,0x80,0x00,0x03,0x80,0x1e,0x07,
    0x80,0x00,0x03,0x80,0x1e,0x07,0x80,0x80,0x03,0x80,0x3c,0x07,0x80,0xe0,0x03,0x80,
    0x3c,0x07,0x80,0xe0,0x03,0x80,0x78,0x07,0x80,0xe0,0x03,0x81,0xf0,0x03,0x81,0xe0,
    0x03,0x83,0xf0,0x03,0x81,0xc0,0x03,0x8f,0xc0,0x03,0xff,0xc0,0x03,0x8f,0x80,0x03,
    0xff,0xc0,0x03,0x86,0x00,0x01,0xff,0x80,0x03,0xe0,0x00,0x00,0x00,0x00,0x0f,0xf0,
    0x00,0x00,0x00,0x00,0x1f,0xfc,0x00,0x00,0x00,0x00,0x3e,0x3f,0x00,0x00,0x00,0x00,
    0xfc,0x1f,0xfc,0x00,0xff,0xe0,0xf8,0x07,0xff,0xff,0xff,0xe0,0xf0,0x01,0xff,0xff,
    0xff,0xc0,0x60,0x00,0x1f,0xff,0xff,0xc0,

    /* U+901A */
    0x00,0x00,0xff,0xff,0xff,0x00,0x38,0x00,0xff,0xff,0xff,0x80,0x3c,0x00,0xff,0xff,
    0xff,0x80,0x3e,0x00,0x00,0x00,0x1f,0x00,0x1f,0x00,0x00,0x00,0x3e,0x00,0x0f,0x80,
    0x07,0x80,0xfc,0x00,0x07,0xc0,0x0f,0xe1,0xf0,0x00,0x03,0xe0,0x03,0xff,0xc0,0x00,
    0x01,0xf0,0x00,0xff,0x80,0x00,0x00,0xe0,0x00,0x3f,0x80,0x00,0x00,0x40,0x00,0x0f,
    0xe0,0x00,0x00,0x01,0xff,0xff,0xff,0xc0,0x00,0x01,0xff,0xff,0xff,0xc0,0x00,0x01,
    0xff,0xff,0xff,0xc0,0x00,0x01,0xe0,0x1c,0x03,0xc0,0x00,0x01,0xe0,0x1c,0x03,0xc0,
    0x00,0x01,0xe0,0x1c,0x03,0xc0,0xff,0xc1,0xe0,0x1c,0x03,0xc0,0xff,0xc1,0xff,0xff,
    0xff,0xc0,0xff,0xc1,0xff,0xff,0xff,0xc0,0x01,0xc1,0xff,0xff,0xff,0xc0,0x01,0xc1,
    0xe0,0x1c,0x03,0xc0,0x01,0xc1,0xe0,0x1c,0x03,0xc0,0x01,0xc1,0xe0,0x1c,0x03,0xc0,
    0x01,0xc1,0xe0,0x1c,0x03,0xc0,0x01,0xc1,0xff,0xff,0xff,0xc0,0x01,0xc1,0xff,0xff,
    0xff,0xc0,0x01,0xc1,0xff,0xff,0xff,0xc0,0x01,0xc1,0xe0,0x1c,0x03,0xc0,0x01,0xc1,
    0xe0,0x1c,0x03,0xc0,0x01,0xc1,0xe0,0x1c,0x03,0xc0,0x01,0xc1,0xe0,0x1c,0x03,0xc0,
    0x01,0xc1,0xe0,0x1c,0x03,0xc0,0x01,0xc1,0xe0,0x1c,0x7f,0xc0,0x03,0xe1,0xe0,0x1c,
    0x7f,0x80,0x07,0xf1,0xe0,0x1c,0x3f,0x00,0x1f,0xfc,0x00,0x00,0x00,0x00,0x3e,0x3f,
    0x00,0x00,0x00,0x00,0x7c,0x0f,0xe0,0x00,0x01,0xf0,0xf8,0x07,0xff,0xff,0xff,0xf0,
    0x70,0x00,0xff,0xff,0xff,0xf0,0x60,0x00,0x1f,0xff,0xff,0xe0,

    /* U+90E8 */
    0x00,0x78,0x00,0x00,0x00,0x00,0x00,0x78,0x00,0x00,0x00,0x00,0x00,0x38,0x00,0x1f,
    0xff,0x80,0x00,0x3c,0x00,0x1f,0xff,0xc0,0x00,0x1c,0x00,0x1f,0xff,0xc0,0x00,0x1e,
    0x00,0x1c,0x03,0xc0,0x7f,0xff,0xfe,0x1c,0x07,0x80,0x7f,0xff,0xfe,0x1c,0x07,0x80,
    0x7f,0xff,0xfe,0x1c,0x07,0x00,0x00,0x00,0x20,0x1c,0x0f,0x00,0x0e,0x00,0x78,0x1c,
    0x0f,0x00,0x0f,0x00,0x78,0x1c,0x0e,0x00,0x07,0x00,0x70,0x1c,0x1e,0x00,0x07,0x80,
    0xf0,0x1c,0x1c,0x00,0x03,0x80,0xf0,0x1c,0x1c,0x00,0x03,0xc0,0xe0,0x1c,0x3c,0x00,
    0x03,0xc1,0xe0,0x1c,0x38,0x00,0x01,0xc1,0xc0,0x1c,0x78,0x00,0x01,0x03,0xc0,0x1c,
    0x78,0x00,0xff,0xff,0xff,0x9c,0x3c,0x00,0xff,0xff,0xff,0x9c,0x1c,0x00,0xff,0xff,
    0xff,0x9c,0x1e,0x00,0x00,0x00,0x00,0x1c,0x0f,0x00,0x00,0x00,0x00,0x1c,0x07,0x00,
    0x00,0x00,0x00,0x1c,0x07,0x80,0x00,0x00,0x00,0x1c,0x03,0x80,0x3f,0xff,0xfc,0x1c,
    0x03,0x80,0x3f,0xff,0xfc,0x1c,0x03,0x80,0x3f,0xff,0xfc,0x1c,0x03,0xc0,0x3c,0x00,
    0x1c,0x1c,0x03,0xc0,0x3c,0x00,0x1c,0x1c,0x03,0xc0,0x3c,0x00,0x1c,0x1c,0x03,0xc0,
    0x3c,0x00,0x1c,0x1c,0x03,0xc0,0x3c,0x00,0x1c,0x1c,0x07,0x80,0x3c,0x00,0x1c,0x1c,
    0xff,0x80,0x3c,0x00,0x1c,0x1c,0xff,0x00,0x3c,0x00,0x1c,0x1c,0xfe,0x00,0x3c,0x00,
    0x1c,0x1c,0x00,0x00,0x3c,0x00,0x1c,0x1c,0x00,0x00,0x3f,0xff,0xfc,0x1c,0x00,0x00,
    0x3f,0xff,0xfc,0x1c,0x00,0x00,0x3f,0xff,0xfc,0x1c,0x00,0x00,0x3c,0x00,0x1c,0x1c,
    0x00,0x00,0x3c,0x00,0x1c,0x1c,0x00,0x00,

    /* U+91CD */
    0x00,0x00,0x00,0x03,0xf0,0x00,0x00,0x00,0x1f,0xff,0xf8,0x00,0x0f,0xff,0xff,0xff,
    0xf8,0x00,0x0f,0xff,0xff,0xfc,0x00,0x00,0x0f,0xff,0xfe,0x00,0x00,0x00,0x00,0x00,
    0x1e,0x00,0x00,0x00,0x00,0x00,0x1e,0x00,0x00,0x00,0x00,0x00,0x1e,0x00,0x00,0x00,
    0xff,0xff,0xff,0xff,0xff,0xc0,0xff,0xff,0xff,0xff,0xff,0xc0,0xff,0xff,0xff,0xff,
    0xff,0xc0,0x00,0x00,0x1e,0x00,0x00,0x00,0x00,0x00,0x1e,0x00,0x00,0x00,0x00,0x00,
    0x1e,0x00,0x00,0x00,0x07,0xff,0xff,0xff,0xf8,0x00,0x07,0xff,0xff,0xff,0xfc,0x00,
    0x07,0xff,0xff,0xff,0xfc,0x00,0x07,0x00,0x1e,0x00,0x3c,0x00,0x07,0x00,0x1e,0x00,
    0x3c,0x00,0x07,0x00,0x1e,0x00,0x3c,0x00,0x07,0x80,0x1e,0x00,0x3c,0x00,0x07,0xff,
    0xff,0xff,0xfc,0x00,0x07,0xff,0xff,0xff,0xfc,0x00,0x07,0x00,0x1e,0x00,0x3c,0x00,
    0x07,0x00,0x1e,0x00,0x3c,0x00,0x07,0x00,0x1e,0x00,0x3c,0x00,0x07,0x00,0x1e,0x00,
    0x3c,0x00,0x07,0xff,0xff,0xff,0xfc,0x00,0x07,0xff,0xff,0xff,0xfc,0x00,0x07,0xff,
    0xff,0xff,0xf8,0x00,0x00,0x00,0x1e,0x00,0x00,0x00,0x00,0x00,0x1e,0x00,0x00,0x00,
    0x00,0x00,0x1e,0x00,0x00,0x00,0x1f,0xff,0xff,0xff,0xfe,0x00,0x1f,0xff,0xff,0xff,
    0xfe,0x00,0x1f,0xff,0xff,0xff,0xfe,0x00,0x00,0x00,0x1e,0x00,0x00,0x00,0x00,0x00,
    0x1e,0x00,0x00,0x00,0x00,0x00,0x1e,0x00,0x00,0x00,0x00,0x00,0x1e,0x00,0x00,0x00,
    0xff,0xff,0xff,0xff,0xff,0xc0,0xff,0xff,0xff,0xff,0xff,0xc0,0xff,0xff,0xff,0xff,
    0xff,0xc0,

    /* U+91CF */
    0x01,0xff,0xff,0xff,0xf8,0x00,0x01,0xff,0xff,0xff,0xf8,0x00,0x01,0xc0,0x00,0x00,
    0x38,0x00,0x01,0xc0,0x00,0x00,0x38,0x00,0x01,0xc0,0x00,0x00,0x38,0x00,0x01,0xff,
    0xff,0xff,0xf8,0x00,0x01,0xff,0xff,0xff,0xf8,0x00,0x01,0xc0,0x00,0x00,0x38,0x00,
    0x01,0xc0,0x00,0x00,0x38,0x00,0x01,0xc0,0x00,0x00,0x38,0x00,0x01,0xff,0xff,0xff,
    0xf8,0x00,0x01,0xff,0xff,0xff,0xf8,0x00,0x00,0x00,0x00,0x00,0x00,0x00,0x00,0x00,
    0x00,0x00,0x00,0x00,0x7f,0xff,0xff,0xff,0xff,0xe0,0x7f,0xff,0xff,0xff,0xff,0xe0,
    0x7f,0xff,0xff,0xff,0xff,0xe0,0x00,0x00,0x00,0x00,0x00,0x00,0x00,0x00,0x00,0x00,
    0x00,0x00,0x03,0xff,0xff,0xff,0xfe,0x00,0x03,0xff,0xff,0xff,0xfe,0x00,0x03,0x80,
    0x0f,0x00,0x1e,0x00,0x03,0x80,0x0f,0x00,0x1e,0x00,0x03,0x80,0x0f,0x00,0x1e,0x00,
    0x03,0xff,0xff,0xff,0xfe,0x00,0x03,0xff,0xff,0xff,0xfe,0x00,0x03,0x80,0x0f,0x00,
    0x1e,0x00,0x03,0x80,0x0f,0x00,0x1e,0x00,0x03,0x80,0x0f,0x00,0x1e,0x00,0x03,0xff,
    0xff,0xff,0xfe,0x00,0x03,0xff,0xff,0xff,0xfe,0x00,0x00,0x00,0x0f,0x00,0x00,0x00,
    0x00,0x00,0x0f,0x00,0x00,0x00,0x00,0x00,0x0f,0x00,0x00,0x00,0x0f,0xff,0xff,0xff,
    0xff,0x00,0x0f,0xff,0xff,0xff,0xff,0x00,0x00,0x00,0x0f,0x00,0x00,0x00,0x00,0x00,
    0x0f,0x00,0x00,0x00,0x00,0x00,0x0f,0x00,0x00,0x00,0x7f,0xff,0xff,0xff,0xff,0xf0,
    0xff,0xff,0xff,0xff,0xff,0xf0,0xff,0xff,0xff,0xff,0xff,0xf0,

    /* U+9519 */
    0x03,0x80,0x00,0xe0,0x38,0x00,0x03,0x80,0x00,0xe0,0x38,0x00,0x03,0x80,0x00,0xe0,
    0x38,0x00,0x07,0x80,0x00,0xe0,0x38,0x00,0x07,0x00,0x00,0xe0,0x38,0x00,0x0f,0x00,
    0x00,0xe0,0x38,0x00,0x0f,0xff,0x9f,0xff,0xff,0xe0,0x1f,0xff,0x9f,0xff,0xff,0xe0,
    0x3f,0xff,0x9f,0xff,0xff,0xe0,0x3c,0x00,0x00,0xe0,0x38,0x00,0x78,0x00,0x00,0xe0,
    0x38,0x00,0xf0,0x00,0x00,0xe0,0x38,0x00,0x70,0x00,0x00,0xe0,0x38,0x00,0x60,0x00,
    0x00,0xe0,0x38,0x00,0x1f,0xff,0x80,0xe0,0x38,0x00,0x1f,0xff,0x80,0xe0,0x38,0x00,
    0x1f,0xff,0xbf,0xff,0xff,0xf0,0x00,0xe0,0x3f,0xff,0xff,0xf0,0x00,0xe0,0x3f,0xff,
    0xff,0xf0,0x00,0xe0,0x00,0x00,0x00,0x00,0x00,0xe0,0x00,0x00,0x00,0x00,0x00,0xe0,
    0x00,0x00,0x00,0x00,0x00,0xe0,0x00,0x00,0x00,0x00,0x00,0xe0,0x07,0xff,0xff,0x80,
    0x7f,0xff,0xc7,0xff,0xff,0x80,0x7f,0xff,0xc7,0xff,0xff,0x80,0x7f,0xff,0xc7,0x00,
    0x07,0x80,0x00,0xe0,0x07,0x00,0x07,0x80,0x00,0xe0,0x07,0x00,0x07,0x80,0x00,0xe0,
    0x07,0x00,0x07,0x80,0x00,0xe0,0x07,0x00,0x07,0x80,0x00,0xe0,0x07,0xff,0xff,0x80,
    0x00,0xe0,0x07,0xff,0xff,0x80,0x00,0xe0,0x07,0xff,0xff,0x80,0x00,0xe0,0x07,0x00,
    0x07,0x80,0x00,0xe1,0x87,0x00,0x07,0x80,0x00,0xe7,0x87,0x00,0x07,0x80,0x00,0xff,
    0x87,0x00,0x07,0x80,0x01,0xff,0x07,0x00,0x07,0x80,0x01,0xfc,0x07,0xff,0xff,0x80,
    0x03,0xf0,0x07,0xff,0xff,0x80,0x03,0xc0,0x07,0xff,0xff,0x80,0x01,0x80,0x07,0x00,
    0x07,0x80,0x00,0x00,0x07,0x00,0x07,0x80,

    /* U+95ED */
    0x38,0x00,0x00,0x00,0x00,0x7c,0x00,0x00,0x00,0x00,0x3e,0x07,0xff,0xff,0xff,0x1f,
    0x07,0xff,0xff,0xff,0x0f,0x87,0xff,0xff,0xff,0x07,0x80,0x00,0x00,0x0f,0x03,0xc0,
    0x00,0x00,0x0f,0x01,0x00,0x00,0x00,0x0f,0x00,0x00,0x01,0xe0,0x0f,0x00,0x00,0x01,
    0xe0,0x0f,0xf0,0x00,0x01,0xe0,0x0f,0xf0,0x00,0x01,0xe0,0x0f,0xf0,0x00,0x01,0xe0,
    0x0f,0xf0,0x00,0x01,0xe0,0x0f,0xf0,0x00,0x01,0xe0,0x0f,0xf0,0xff,0xff,0xff,0x8f,
    0xf0,0xff,0xff,0xff,0x8f,0xf0,0xff,0xff,0xff,0x8f,0xf0,0x00,0x07,0xe0,0x0f,0xf0,
    0x00,0x0f,0xe0,0x0f,0xf0,0x00,0x1f,0xe0,0x0f,0xf0,0x00,0x3f,0xe0,0x0f,0xf0,0x00,
    0x3d,0xe0,0x0f,0xf0,0x00,0x79,0xe0,0x0f,0xf0,0x00,0xf1,0xe0,0x0f,0xf0,0x01,0xe1,
    0xe0,0x0f,0xf0,0x07,0xc1,0xe0,0x0f,0xf0,0x0f,0x81,0xe0,0x0f,0xf0,0x1f,0x01,0xe0,
    0x0f,0xf0,0x7e,0x01,0xe0,0x0f,0xf0,0xfc,0x01,0xe0,0x0f,0xf3,0xf8,0x01,0xe0,0x0f,
    0xf3,0xe0,0x01,0xe0,0x0f,0xf1,0x80,0x01,0xe0,0x0f,0xf0,0x00,0x01,0xe0,0x0f,0xf0,
    0x00,0x03,0xe0,0x0f,0xf0,0x00,0xff,0xc0,0x0f,0xf0,0x00,0x7f,0xc0,0x0f,0xf0,0x00,
    0x7f,0x00,0x0f,0xf0,0x00,0x00,0x00,0x0f,0xf0,0x00,0x00,0x03,0xfe,0xf0,0x00,0x00,
    0x01,0xfe,0xf0,0x00,0x00,0x01,0xfc,

    /* U+95EE */
    0x70,0x00,0x00,0x00,0x00,0xf8,0x00,0x00,0x00,0x00,0x7c,0x0f,0xff,0xff,0xfc,0x3c,
    0x0f,0xff,0xff,0xfc,0x1e,0x0f,0xff,0xff,0xfc,0x0f,0x00,0x00,0x00,0x1c,0x07,0x80,
    0x00,0x00,0x1c,0x03,0xc0,0x00,0x00,0x1c,0x03,0x00,0x00,0x00,0x1c,0x00,0x00,0x00,
    0x00,0x1c,0xe0,0x00,0x00,0x00,0x1c,0xe0,0x00,0x00,0x00,0x1c,0xe0,0x00,0x00,0x00,
    0x1c,0xe0,0x00,0x00,0x00,0x1c,0xe0,0x1f,0xff,0xe0,0x1c,0xe0,0x1f,0xff,0xe0,0x1c,
    0xe0,0x1f,0xff,0xe0,0x1c,0xe0,0x1c,0x00,0xe0,0x1c,0xe0,0x1c,0x00,0xe0,0x1c,0xe0,
    0x1c,0x00,0xe0,0x1c,0xe0,0x1c,0x00,0xe0,0x1c,0xe0,0x1c,0x00,0xe0,0x1c,0xe0,0x1c,
    0x00,0xe0,0x1c,0xe0,0x1c,0x00,0xe0,0x1c,0xe0,0x1c,0x00,0xe0,0x1c,0xe0,0x1c,0x00,
    0xe0,0x1c,0xe0,0x1c,0x00,0xe0,0x1c,0xe0,0x1c,0x00,0xe0,0x1c,0xe0,0x1f,0xff,0xe0,
    0x1c,0xe0,0x1f,0xff,0xe0,0x1c,0xe0,0x1f,0xff,0xe0,0x1c,0xe0,0x1c,0x00,0x00,0x1c,
    0xe0,0x1c,0x00,0x00,0x1c,0xe0,0x1c,0x00,0x00,0x1c,0xe0,0x00,0x00,0x00,0x1c,0xe0,
    0x00,0x00,0x00,0x1c,0xe0,0x00,0x00,0x00,0x1c,0xe0,0x00,0x00,0x00,0x1c,0xe0,0x00,
    0x00,0x00,0x1c,0xe0,0x00,0x00,0x0c,0x7c,0xe0,0x00,0x00,0x0f,0xfc,0xe0,0x00,0x00,
    0x0f,0xfc,0xe0,0x00,0x00,0x0f,0xf0,

    /* U+95F4 */
    0x70,0x00,0x00,0x00,0x00,0x78,0x00,0x00,0x00,0x00,0x7c,0x0f,0xff,0xff,0xfe,0x3e,
    0x0f,0xff,0xff,0xfe,0x1f,0x0f,0xff,0xff,0xfe,0x0f,0x00,0x00,0x00,0x1e,0x07,0x80,
    0x00,0x00,0x1e,0x06,0x00,0x00,0x00,0x1e,0x00,0x00,0x00,0x00,0x1e,0x00,0x00,0x00,
    0x00,0x1e,0xe0,0x00,0x00,0x00,0x1e,0xe0,0x00,0x00,0x00,0x1e,0xe0,0x00,0x00,0x00,
    0x1e,0xe0,0x3f,0xff,0xf0,0x1e,0xe0,0x3f,0xff,0xf0,0x1e,0xe0,0x3f,0xff,0xf0,0x1e,
    0xe0,0x38,0x00,0x70,0x1e,0xe0,0x38,0x00,0x70,0x1e,0xe0,0x38,0x00,0x70,0x1e,0xe0,
    0x38,0x00,0x70,0x1e,0xe0,0x38,0x00,0x70,0x1e,0xe0,0x38,0x00,0x70,0x1e,0xe0,0x3f,
    0xff,0xf0,0x1e,0xe0,0x3f,0xff,0xf0,0x1e,0xe0,0x3f,0xff,0xf0,0x1e,0xe0,0x38,0x00,
    0x70,0x1e,0xe0,0x38,0x00,0x70,0x1e,0xe0,0x38,0x00,0x70,0x1e,0xe0,0x38,0x00,0x70,
    0x1e,0xe0,0x38,0x00,0x70,0x1e,0xe0,0x38,0x00,0x70,0x1e,0xe0,0x38,0x00,0x70,0x1e,
    0xe0,0x3f,0xff,0xf0,0x1e,0xe0,0x3f,0xff,0xf0,0x1e,0xe0,0x3f,0xff,0xf0,0x1e,0xe0,
    0x00,0x00,0x00,0x1e,0xe0,0x00,0x00,0x00,0x1e,0xe0,0x00,0x00,0x00,0x1e,0xe0,0x00,
    0x00,0x00,0x1e,0xe0,0x00,0x00,0x00,0x1e,0xe0,0x00,0x00,0x03,0xfe,0xe0,0x00,0x00,
    0x03,0xfc,0xe0,0x00,0x00,0x01,0xf8,

    /* U+9762 */
    0xff,0xff,0xff,0xff,0xff,0xc0,0xff,0xff,0xff,0xff,0xff,0xc0,0xff,0xff,0xff,0xff,
    0xff,0xc0,0x00,0x00,0x3e,0x00,0x00,0x00,0x00,0x00,0x3c,0x00,0x00,0x00,0x00,0x00,
    0x3c,0x00,0x00,0x00,0x00,0x00,0x3c,0x00,0x00,0x00,0x00,0x00,0x78,0x00,0x00,0x00,
    0x00,0x00,0x78,0x00,0x00,0x00,0x00,0x00,0x78,0x00,0x00,0x00,0x3f,0xff,0xff,0xff,
    0xff,0x00,0x3f,0xff,0xff,0xff,0xff,0x00,0x3f,0xff,0xff,0xff,0xff,0x00,0x3c,0x0f,
    0x00,0x38,0x0f,0x00,0x3c,0x0f,0x00,0x38,0x0f,0x00,0x3c,0x0f,0x00,0x38,0x0f,0x00,
    0x3c,0x0f,0x00,0x38,0x0f,0x00,0x3c,0x0f,0x00,0x38,0x0f,0x00,0x3c,0x0f,0xff,0xf8,
    0x0f,0x00,0x3c,0x0f,0xff,0xf8,0x0f,0x00,0x3c,0x0f,0xff,0xf8,0x0f,0x00,0x3c,0x0f,
    0x00,0x38,0x0f,0x00,0x3c,0x0f,0x00,0x38,0x0f,0x00,0x3c,0x0f,0x00,0x38,0x0f,0x00,
    0x3c,0x0f,0x00,0x38,0x0f,0x00,0x3c,0x0f,0x00,0x38,0x0f,0x00,0x3c,0x0f,0x00,0x38,
    0x0f,0x00,0x3c,0x0f,0xff,0xf8,0x0f,0x00,0x3c,0x0f,0xff,0xf8,0x0f,0x00,0x3c,0x0f,
    0xff,0xf8,0x0f,0x00,0x3c,0x0f,0x00,0x38,0x0f,0x00,0x3c,0x0f,0x00,0x38,0x0f,0x00,
    0x3c,0x0f,0x00,0x38,0x0f,0x00,0x3c,0x0f,0x00,0x38,0x0f,0x00,0x3c,0x0f,0x00,0x38,
    0x0f,0x00,0x3c,0x0f,0x00,0x38,0x0f,0x00,0x3f,0xff,0xff,0xff,0xff,0x00,0x3f,0xff,
    0xff,0xff,0xff,0x00,0x3f,0xff,0xff,0xff,0xff,0x00,0x3c,0x00,0x00,0x00,0x0f,0x00,
    0x3c,0x00,0x00,0x00,0x0f,0x00,

    /* U+9879 */
    0x00,0x00,0xff,0xff,0xff,0xf0,0x00,0x00,0xff,0xff,0xff,0xf0,0x00,0x00,0xff,0xff,
    0xff,0xf0,0x00,0x00,0x00,0x1e,0x00,0x00,0xff,0xfe,0x00,0x1e,0x00,0x00,0xff,0xfe,
    0x00,0x1e,0x00,0x00,0xff,0xfe,0x00,0x3c,0x00,0x00,0x03,0xc0,0x00,0x3c,0x00,0x00,
    0x03,0xc0,0x3f,0xff,0xff,0x80,0x03,0xc0,0x3f,0xff,0xff,0x80,0x03,0xc0,0x3f,0xff,
    0xff,0x80,0x03,0xc0,0x3c,0x00,0x07,0x80,0x03,0xc0,0x3c,0x00,0x07,0x80,0x03,0xc0,
    0x3c,0x00,0x07,0x80,0x03,0xc0,0x3c,0x0e,0x07,0x80,0x03,0xc0,0x3c,0x0e,0x07,0x80,
    0x03,0xc0,0x3c,0x0e,0x07,0x80,0x03,0xc0,0x3c,0x0e,0x07,0x80,0x03,0xc0,0x3c,0x0e,
    0x07,0x80,0x03,0xc0,0x3c,0x0e,0x07,0x80,0x03,0xc0,0x3c,0x0e,0x07,0x80,0x03,0xc0,
    0x3c,0x0e,0x07,0x80,0x03,0xc0,0x3c,0x0e,0x07,0x80,0x03,0xc0,0x3c,0x0e,0x07,0x80,
    0x03,0xc0,0x3c,0x0e,0x07,0x80,0x03,0xc7,0x3c,0x0e,0x07,0x80,0x03,0xff,0x3c,0x0e,
    0x07,0x80,0x03,0xff,0x3c,0x1e,0x07,0x80,0x1f,0xfc,0x3c,0x1e,0x07,0x80,0xff,0xe0,
    0x3c,0x1e,0x07,0x80,0xff,0x00,0x3c,0x3c,0x07,0x80,0xfc,0x00,0x00,0x3c,0x00,0x00,
    0xe0,0x00,0x00,0x78,0x40,0x00,0x00,0x00,0x00,0xf8,0xf0,0x00,0x00,0x00,0x01,0xf0,
    0xf8,0x00,0x00,0x00,0x03,0xe0,0x7e,0x00,0x00,0x00,0x07,0xc0,0x1f,0x00,0x00,0x00,
    0x1f,0x80,0x0f,0x80,0x00,0x00,0xff,0x00,0x07,0xe0,0x00,0x03,0xfc,0x00,0x03,0xf0,
    0x00,0x03,0xf0,0x00,0x00,0xe0,0x00,0x01,0xc0,0x00,0x00,0x40,

    /* U+9884 */
    0x7f,0xff,0xcf,0xff,0xff,0xf0,0x7f,0xff,0xef,0xff,0xff,0xf0,0x7f,0xff,0xcf,0xff,
    0xff,0xf0,0x00,0x07,0xc0,0x03,0xc0,0x00,0x00,0x07,0x80,0x03,0xc0,0x00,0x00,0x0f,
    0x00,0x03,0x80,0x00,0x00,0x1e,0x00,0x03,0x80,0x00,0x0c,0x3e,0x00,0x07,0x80,0x00,
    0x1e,0x3c,0x03,0xff,0xff,0xc0,0x1f,0xf8,0x03,0xff,0xff,0xc0,0x07,0xf0,0x03,0xff,
    0xff,0xc0,0x03,0xf0,0x03,0x80,0x03,0xc0,0x01,0xf8,0x03,0x80,0x01,0xc0,0x00,0x7c,
    0x03,0x80,0x01,0xc0,0x00,0x3e,0x03,0x80,0x01,0xc0,0x00,0x1e,0x03,0x83,0x81,0xc0,
    0xff,0xff,0xf3,0x83,0x81,0xc0,0xff,0xff,0xf3,0x83,0x81,0xc0,0xff,0xff,0xf3,0x83,
    0x81,0xc0,0x00,0xe0,0xe3,0x83,0x81,0xc0,0x00,0xe0,0xe3,0x83,0x81,0xc0,0x00,0xe0,
    0xe3,0x83,0x81,0xc0,0x00,0xe1,0xc3,0x83,0x81,0xc0,0x00,0xe1,0xc3,0x83,0x81,0xc0,
    0x00,0xe3,0x83,0x83,0x81,0xc0,0x00,0xe3,0x83,0x83,0x81,0xc0,0x00,0xe1,0x83,0x83,
    0x81,0xc0,0x00,0xe0,0x03,0x83,0x81,0xc0,0x00,0xe0,0x03,0x83,0x81,0xc0,0x00,0xe0,
    0x03,0x87,0x81,0xc0,0x00,0xe0,0x03,0x87,0x81,0xc0,0x00,0xe0,0x00,0x07,0x00,0x00,
    0x00,0xe0,0x00,0x0f,0x00,0x00,0x00,0xe0,0x00,0x1e,0x38,0x00,0x00,0xe0,0x00,0x3e,
    0x7c,0x00,0x00,0xe0,0x00,0x7c,0x3e,0x00,0x00,0xe0,0x00,0xf8,0x1f,0x00,0x00,0xe0,
    0x01,0xf0,0x0f,0x80,0x00,0xe0,0x07,0xe0,0x07,0xc0,0x3f,0xe0,0x3f,0x80,0x01,0xe0,
    0x3f,0xe0,0x1f,0x00,0x00,0xe0,0x1f,0xc0,0x1c,0x00,0x00,0x40,

    /* U+9988 */
    0x07,0x00,0x00,0x0e,0x00,0x00,0x07,0x00,0x00,0x0e,0x00,0x00,0x07,0x00,0x00,0x0e,
    0x00,0x00,0x07,0x00,0x3f,0xff,0xff,0x80,0x07,0x00,0x3f,0xff,0xff,0x80,0x0f,0x00,
    0x3f,0xff,0xff,0x80,0x0e,0x00,0x38,0x0e,0x03,0x80,0x0f,0xff,0x38,0x0e,0x03,0x80,
    0x0f,0xff,0x38,0x0e,0x03,0x80,0x1f,0xff,0x3f,0xff,0xff,0x80,0x1c,0x0f,0x3f,0xff,
    0xff,0x80,0x1c,0x0e,0x3f,0xff,0xff,0x80,0x3c,0x0e,0x00,0x0e,0x00,0x00,0x38,0x1e,
    0x00,0x0e,0x00,0x00,0x38,0x1c,0x00,0x0e,0x00,0x00,0x78,0x1c,0xff,0xff,0xff,0xf0,
    0x70,0x38,0xff,0xff,0xff,0xf0,0xf3,0x88,0xff,0xff,0xff,0xf0,0xe3,0x80,0x00,0x00,
    0x00,0x00,0x63,0x80,0x00,0x00,0x00,0x00,0x03,0x80,0x00,0x00,0x00,0x00,0x03,0x80,
    0x3f,0xff,0xff,0x00,0x03,0x80,0x3f,0xff,0xff,0x00,0x03,0x80,0x3f,0xff,0xff,0x00,
    0x03,0x80,0x38,0x00,0x07,0x00,0x03,0x80,0x38,0x00,0x07,0x00,0x03,0x80,0x38,0x0c,
    0x07,0x00,0x03,0x80,0x38,0x1e,0x07,0x00,0x03,0x80,0x38,0x1e,0x07,0x00,0x03,0x80,
    0x38,0x1e,0x07,0x00,0x03,0x80,0x38,0x1e,0x07,0x00,0x03,0x80,0x38,0x1e,0x07,0x00,
    0x03,0x80,0x38,0x1e,0x07,0x00,0x03,0x86,0x38,0x1e,0x07,0x00,0x03,0x8e,0x38,0x1c,
    0x07,0x00,0x03,0x9e,0x38,0x3c,0x07,0x00,0x03,0xfc,0x00,0x78,0x00,0x00,0x03,0xf8,
    0x00,0xf9,0xe0,0x00,0x03,0xf0,0x01,0xf3,0xf8,0x00,0x07,0xc0,0x07,0xe0,0xfe,0x00,
    0x07,0x80,0x1f,0xc0,0x3f,0x80,0x0f,0x01,0xff,0x00,0x0f,0xc0,0x0e,0x00,0xfc,0x00,
    0x03,0xc0,0x04,0x00,0xf0,0x00,0x00,0xc0,

};

/*-----------------
 *    GLYPH DESCRIPTORS
 *----------------*/

static const lv_font_fmt_txt_glyph_dsc_t glyph_dsc[] = {
    {.bitmap_index = 0, .adv_w = 0, .box_w = 0, .box_h = 0, .ofs_x = 0, .ofs_y = 0} /* id = 0 reserved */,
    {.bitmap_index = 0, .adv_w = 172, .box_w = 0, .box_h = 0, .ofs_x = 0, .ofs_y = 0},
    {.bitmap_index = 0, .adv_w = 248, .box_w = 6, .box_h = 37, .ofs_x = 5, .ofs_y = 0},
    {.bitmap_index = 37, .adv_w = 365, .box_w = 14, .box_h = 14, .ofs_x = 4, .ofs_y = 24},
    {.bitmap_index = 65, .adv_w = 426, .box_w = 23, .box_h = 35, .ofs_x = 2, .ofs_y = 1},
    {.bitmap_index = 170, .adv_w = 426, .box_w = 20, .box_h = 46, .ofs_x = 3, .ofs_y = -5},
    {.bitmap_index = 308, .adv_w = 707, .box_w = 40, .box_h = 37, .ofs_x = 2, .ofs_y = 0},
    {.bitmap_index = 493, .adv_w = 522, .box_w = 30, .box_h = 37, .ofs_x = 2, .ofs_y = 0},
    {.bitmap_index = 641, .adv_w = 214, .box_w = 5, .box_h = 14, .ofs_x = 4, .ofs_y = 24},
    {.bitmap_index = 655, .adv_w = 260, .box_w = 10, .box_h = 48, .ofs_x = 4, .ofs_y = -8},
    {.bitmap_index = 751, .adv_w = 260, .box_w = 10, .box_h = 49, .ofs_x = 2, .ofs_y = -9},
    {.bitmap_index = 849, .adv_w = 359, .box_w = 16, .box_h = 15, .ofs_x = 3, .ofs_y = 24},
    {.bitmap_index = 879, .adv_w = 426, .box_w = 23, .box_h = 25, .ofs_x = 2, .ofs_y = 6},
    {.bitmap_index = 954, .adv_w = 214, .box_w = 8, .box_h = 15, .ofs_x = 3, .ofs_y = -8},
    {.bitmap_index = 969, .adv_w = 266, .box_w = 12, .box_h = 3, .ofs_x = 2, .ofs_y = 13},
    {.bitmap_index = 975, .adv_w = 214, .box_w = 6, .box_h = 7, .ofs_x = 4, .ofs_y = 0},
    {.bitmap_index = 982, .adv_w = 301, .box_w = 17, .box_h = 47, .ofs_x = 1, .ofs_y = -8},
    {.bitmap_index = 1123, .adv_w = 426, .box_w = 22, .box_h = 37, .ofs_x = 2, .ofs_y = 0},
    {.bitmap_index = 1234, .adv_w = 426, .box_w = 20, .box_h = 35, .ofs_x = 4, .ofs_y = 1},
    {.bitmap_index = 1339, .adv_w = 426, .box_w = 22, .box_h = 36, .ofs_x = 2, .ofs_y = 1},
    {.bitmap_index = 1447, .adv_w = 426, .box_w = 22, .box_h = 37, .ofs_x = 2, .ofs_y = 0},
    {.bitmap_index = 1558, .adv_w = 426, .box_w = 24, .box_h = 35, .ofs_x = 1, .ofs_y = 1},
    {.bitmap_index = 1663, .adv_w = 426, .box_w = 22, .box_h = 36, .ofs_x = 2, .ofs_y = 0},
    {.bitmap_index = 1771, .adv_w = 426, .box_w = 21, .box_h = 37, .ofs_x = 3, .ofs_y = 0},
    {.bitmap_index = 1882, .adv_w = 426, .box_w = 22, .box_h = 35, .ofs_x = 2, .ofs_y = 1},
    {.bitmap_index = 1987, .adv_w = 426, .box_w = 22, .box_h = 37, .ofs_x = 2, .ofs_y = 0},
    {.bitmap_index = 2098, .adv_w = 426, .box_w = 22, .box_h = 37, .ofs_x = 2, .ofs_y = 0},
    {.bitmap_index = 2209, .adv_w = 214, .box_w = 6, .box_h = 26, .ofs_x = 4, .ofs_y = 0},
    {.bitmap_index = 2235, .adv_w = 214, .box_w = 8, .box_h = 35, .ofs_x = 3, .ofs_y = -8},
    {.bitmap_index = 2270, .adv_w = 426, .box_w = 23, .box_h = 21, .ofs_x = 2, .ofs_y = 8},
    {.bitmap_index = 2333, .adv_w = 426, .box_w = 23, .box_h = 15, .ofs_x = 2, .ofs_y = 11},
    {.bitmap_index = 2378, .adv_w = 426, .box_w = 23, .box_h = 21, .ofs_x = 2, .ofs_y = 8},
    {.bitmap_index = 2441, .adv_w = 364, .box_w = 18, .box_h = 37, .ofs_x = 2, .ofs_y = 0},
    {.bitmap_index = 2552, .adv_w = 726, .box_w = 40, .box_h = 43, .ofs_x = 3, .ofs_y = -7},
    {.bitmap_index = 2767, .adv_w = 466, .box_w = 29, .box_h = 35, .ofs_x = 0, .ofs_y = 1},
    {.bitmap_index = 2907, .adv_w = 504, .box_w = 24, .box_h = 35, .ofs_x = 5, .ofs_y = 1},
    {.bitmap_index = 3012, .adv_w = 490, .box_w = 25, .box_h = 37, .ofs_x = 3, .ofs_y = 0},
    {.bitmap_index = 3160, .adv_w = 528, .box_w = 25, .box_h = 35, .ofs_x = 5, .ofs_y = 1},
    {.bitmap_index = 3300, .adv_w = 452, .box_w = 21, .box_h = 35, .ofs_x = 5, .ofs_y = 1},
    {.bitmap_index = 3405, .adv_w = 424, .box_w = 20, .box_h = 35, .ofs_x = 5, .ofs_y = 1},
    {.bitmap_index = 3510, .adv_w = 529, .box_w = 27, .box_h = 37, .ofs_x = 3, .ofs_y = 0},
    {.bitmap_index = 3658, .adv_w = 559, .box_w = 25, .box_h = 35, .ofs_x = 5, .ofs_y = 1},
    {.bitmap_index = 3798, .adv_w = 225, .box_w = 4, .box_h = 35, .ofs_x = 5, .ofs_y = 1},
    {.bitmap_index = 3833, .adv_w = 412, .box_w = 19, .box_h = 36, .ofs_x = 2, .ofs_y = 0},
    {.bitmap_index = 3941, .adv_w = 496, .box_w = 26, .box_h = 35, .ofs_x = 5, .ofs_y = 1},
    {.bitmap_index = 4081, .adv_w = 417, .box_w = 20, .box_h = 35, .ofs_x = 5, .ofs_y = 1},
    {.bitmap_index = 4186, .adv_w = 624, .box_w = 29, .box_h = 35, .ofs_x = 5, .ofs_y = 1},
    {.bitmap_index = 4326, .adv_w = 554, .box_w = 25, .box_h = 35, .ofs_x = 5, .ofs_y = 1},
    {.bitmap_index = 4466, .adv_w = 570, .box_w = 30, .box_h = 37, .ofs_x = 3, .ofs_y = 0},
    {.bitmap_index = 4614, .adv_w = 486, .box_w = 23, .box_h = 35, .ofs_x = 5, .ofs_y = 1},
    {.bitmap_index = 4719, .adv_w = 570, .box_w = 30, .box_h = 46, .ofs_x = 3, .ofs_y = -9},
    {.bitmap_index = 4903, .adv_w = 488, .box_w = 24, .box_h = 35, .ofs_x = 5, .ofs_y = 1},
    {.bitmap_index = 5008, .adv_w = 458, .box_w = 23, .box_h = 37, .ofs_x = 3, .ofs_y = 0},
    {.bitmap_index = 5119, .adv_w = 460, .box_w = 26, .box_h = 35, .ofs_x = 1, .ofs_y = 1},
    {.bitmap_index = 5259, .adv_w = 554, .box_w = 25, .box_h = 36, .ofs_x = 5, .ofs_y = 0},
    {.bitmap_index = 5403, .adv_w = 442, .box_w = 27, .box_h = 35, .ofs_x = 0, .ofs_y = 1},
    {.bitmap_index = 5543, .adv_w = 674, .box_w = 40, .box_h = 35, .ofs_x = 1, .ofs_y = 1},
    {.bitmap_index = 5718, .adv_w = 440, .box_w = 25, .box_h = 35, .ofs_x = 1, .ofs_y = 1},
    {.bitmap_index = 5858, .adv_w = 408, .box_w = 25, .box_h = 35, .ofs_x = 0, .ofs_y = 1},
    {.bitmap_index = 5998, .adv_w = 463, .box_w = 25, .box_h = 35, .ofs_x = 2, .ofs_y = 1},
    {.bitmap_index = 6138, .adv_w = 260, .box_w = 10, .box_h = 46, .ofs_x = 5, .ofs_y = -7},
    {.bitmap_index = 6230, .adv_w = 301, .box_w = 17, .box_h = 47, .ofs_x = 1, .ofs_y = -8},
    {.bitmap_index = 6371, .adv_w = 260, .box_w = 9, .box_h = 46, .ofs_x = 2, .ofs_y = -7},
    {.bitmap_index = 6463, .adv_w = 426, .box_w = 19, .box_h = 21, .ofs_x = 4, .ofs_y = 16},
    {.bitmap_index = 6526, .adv_w = 429, .box_w = 25, .box_h = 3, .ofs_x = 1, .ofs_y = -6},
    {.bitmap_index = 6538, .adv_w = 466, .box_w = 10, .box_h = 11, .ofs_x = 7, .ofs_y = 32},
    {.bitmap_index = 6560, .adv_w = 433, .box_w = 20, .box_h = 28, .ofs_x = 3, .ofs_y = 0},
    {.bitmap_index = 6644, .adv_w = 475, .box_w = 23, .box_h = 39, .ofs_x = 4, .ofs_y = 0},
    {.bitmap_index = 6761, .adv_w = 391, .box_w = 21, .box_h = 28, .ofs_x = 2, .ofs_y = 0},
    {.bitmap_index = 6845, .adv_w = 476, .box_w = 22, .box_h = 39, .ofs_x = 3, .ofs_y = 0},
    {.bitmap_index = 6962, .adv_w = 426, .box_w = 23, .box_h = 28, .ofs_x = 2, .ofs_y = 0},
    {.bitmap_index = 7046, .adv_w = 250, .box_w = 15, .box_h = 39, .ofs_x = 2, .ofs_y = 1},
    {.bitmap_index = 7124, .adv_w = 432, .box_w = 24, .box_h = 39, .ofs_x = 2, .ofs_y = -11},
    {.bitmap_index = 7241, .adv_w = 466, .box_w = 21, .box_h = 38, .ofs_x = 4, .ofs_y = 1},
    {.bitmap_index = 7355, .adv_w = 211, .box_w = 5, .box_h = 37, .ofs_x = 4, .ofs_y = 1},
    {.bitmap_index = 7392, .adv_w = 212, .box_w = 11, .box_h = 49, .ofs_x = -2, .ofs_y = -11},
    {.bitmap_index = 7490, .adv_w = 424, .box_w = 22, .box_h = 38, .ofs_x = 4, .ofs_y = 1},
    {.bitmap_index = 7604, .adv_w = 219, .box_w = 7, .box_h = 39, .ofs_x = 4, .ofs_y = 0},
    {.bitmap_index = 7643, .adv_w = 711, .box_w = 36, .box_h = 27, .ofs_x = 4, .ofs_y = 1},
    {.bitmap_index = 7778, .adv_w = 469, .box_w = 21, .box_h = 27, .ofs_x = 4, .ofs_y = 1},
    {.bitmap_index = 7859, .adv_w = 466, .box_w = 25, .box_h = 28, .ofs_x = 2, .ofs_y = 0},
    {.bitmap_index = 7971, .adv_w = 476, .box_w = 23, .box_h = 38, .ofs_x = 4, .ofs_y = -10},
    {.bitmap_index = 8085, .adv_w = 476, .box_w = 22, .box_h = 38, .ofs_x = 3, .ofs_y = -10},
    {.bitmap_index = 8199, .adv_w = 298, .box_w = 15, .box_h = 27, .ofs_x = 4, .ofs_y = 1},
    {.bitmap_index = 8253, .adv_w = 360, .box_w = 19, .box_h = 28, .ofs_x = 2, .ofs_y = 0},
    {.bitmap_index = 8337, .adv_w = 290, .box_w = 16, .box_h = 34, .ofs_x = 1, .ofs_y = 0},
    {.bitmap_index = 8405, .adv_w = 466, .box_w = 21, .box_h = 27, .ofs_x = 4, .ofs_y = 0},
    {.bitmap_index = 8486, .adv_w = 400, .box_w = 23, .box_h = 26, .ofs_x = 1, .ofs_y = 1},
    {.bitmap_index = 8564, .adv_w = 616, .box_w = 36, .box_h = 26, .ofs_x = 1, .ofs_y = 1},
    {.bitmap_index = 8694, .adv_w = 382, .box_w = 22, .box_h = 26, .ofs_x = 1, .ofs_y = 1},
    {.bitmap_index = 8772, .adv_w = 400, .box_w = 23, .box_h = 37, .ofs_x = 1, .ofs_y = -10},
    {.bitmap_index = 8883, .adv_w = 364, .box_w = 19, .box_h = 26, .ofs_x = 2, .ofs_y = 1},
    {.bitmap_index = 8961, .adv_w = 260, .box_w = 13, .box_h = 46, .ofs_x = 2, .ofs_y = -7},
    {.bitmap_index = 9053, .adv_w = 206, .box_w = 3, .box_h = 54, .ofs_x = 5, .ofs_y = -13},
    {.bitmap_index = 9107, .adv_w = 260, .box_w = 12, .box_h = 46, .ofs_x = 2, .ofs_y = -7},
    {.bitmap_index = 9199, .adv_w = 426, .box_w = 22, .box_h = 7, .ofs_x = 2, .ofs_y = 15},
    {.bitmap_index = 9220, .adv_w = 768, .box_w = 38, .box_h = 44, .ofs_x = 5, .ofs_y = -3},
    {.bitmap_index = 9440, .adv_w = 768, .box_w = 38, .box_h = 44, .ofs_x = 5, .ofs_y = -3},
    {.bitmap_index = 9660, .adv_w = 768, .box_w = 42, .box_h = 41, .ofs_x = 3, .ofs_y = -3},
    {.bitmap_index = 9906, .adv_w = 768, .box_w = 42, .box_h = 45, .ofs_x = 3, .ofs_y = -3},
    {.bitmap_index = 10176, .adv_w = 768, .box_w = 44, .box_h = 44, .ofs_x = 2, .ofs_y = -3},
    {.bitmap_index = 10440, .adv_w = 768, .box_w = 44, .box_h = 45, .ofs_x = 2, .ofs_y = -3},
    {.bitmap_index = 10710, .adv_w = 768, .box_w = 44, .box_h = 44, .ofs_x = 2, .ofs_y = -3},
    {.bitmap_index = 10974, .adv_w = 768, .box_w = 45, .box_h = 44, .ofs_x = 2, .ofs_y = -3},
    {.bitmap_index = 11238, .adv_w = 768, .box_w = 43, .box_h = 44, .ofs_x = 2, .ofs_y = -3},
    {.bitmap_index = 11502, .adv_w = 768, .box_w = 44, .box_h = 44, .ofs_x = 2, .ofs_y = -3},
    {.bitmap_index = 11766, .adv_w = 768, .box_w = 43, .box_h = 42, .ofs_x = 3, .ofs_y = -2},
    {.bitmap_index = 12018, .adv_w = 768, .box_w = 44, .box_h = 44, .ofs_x = 2, .ofs_y = -2},
    {.bitmap_index = 12282, .adv_w = 768, .box_w = 42, .box_h = 44, .ofs_x = 3, .ofs_y = -3},
    {.bitmap_index = 12546, .adv_w = 768, .box_w = 38, .box_h = 44, .ofs_x = 5, .ofs_y = -3},
    {.bitmap_index = 12766, .adv_w = 768, .box_w = 43, .box_h = 43, .ofs_x = 3, .ofs_y = -3},
    {.bitmap_index = 13024, .adv_w = 768, .box_w = 41, .box_h = 44, .ofs_x = 3, .ofs_y = -3},
    {.bitmap_index = 13288, .adv_w = 768, .box_w = 42, .box_h = 44, .ofs_x = 2, .ofs_y = -3},
    {.bitmap_index = 13552, .adv_w = 768, .box_w = 42, .box_h = 44, .ofs_x = 3, .ofs_y = -3},
    {.bitmap_index = 13816, .adv_w = 768, .box_w = 41, .box_h = 44, .ofs_x = 3, .ofs_y = -3},
    {.bitmap_index = 14080, .adv_w = 768, .box_w = 43, .box_h = 43, .ofs_x = 2, .ofs_y = -3},
    {.bitmap_index = 14338, .adv_w = 768, .box_w = 42, .box_h = 44, .ofs_x = 2, .ofs_y = -3},
    {.bitmap_index = 14602, .adv_w = 768, .box_w = 42, .box_h = 43, .ofs_x = 3, .ofs_y = -3},
    {.bitmap_index = 14860, .adv_w = 768, .box_w = 42, .box_h = 44, .ofs_x = 2, .ofs_y = -3},
    {.bitmap_index = 15124, .adv_w = 768, .box_w = 42, .box_h = 44, .ofs_x = 3, .ofs_y = -3},
    {.bitmap_index = 15388, .adv_w = 768, .box_w = 42, .box_h = 44, .ofs_x = 3, .ofs_y = -3},
    {.bitmap_index = 15652, .adv_w = 768, .box_w = 41, .box_h = 42, .ofs_x = 3, .ofs_y = -3},
    {.bitmap_index = 15904, .adv_w = 768, .box_w = 41, .box_h = 44, .ofs_x = 3, .ofs_y = -3},
    {.bitmap_index = 16168, .adv_w = 768, .box_w = 44, .box_h = 42, .ofs_x = 2, .ofs_y = -3},
    {.bitmap_index = 16420, .adv_w = 768, .box_w = 36, .box_h = 38, .ofs_x = 6, .ofs_y = -2},
    {.bitmap_index = 16610, .adv_w = 768, .box_w = 43, .box_h = 44, .ofs_x = 2, .ofs_y = -3},
    {.bitmap_index = 16874, .adv_w = 768, .box_w = 42, .box_h = 42, .ofs_x = 3, .ofs_y = -3},
    {.bitmap_index = 17126, .adv_w = 768, .box_w = 44, .box_h = 44, .ofs_x = 2, .ofs_y = -3},
    {.bitmap_index = 17390, .adv_w = 768, .box_w = 44, .box_h = 46, .ofs_x = 2, .ofs_y = -4},
    {.bitmap_index = 17666, .adv_w = 768, .box_w = 40, .box_h = 43, .ofs_x = 4, .ofs_y = -3},
    {.bitmap_index = 17881, .adv_w = 768, .box_w = 40, .box_h = 42, .ofs_x = 4, .ofs_y = -3},
    {.bitmap_index = 18091, .adv_w = 768, .box_w = 43, .box_h = 44, .ofs_x = 2, .ofs_y = -3},
    {.bitmap_index = 18355, .adv_w = 768, .box_w = 43, .box_h = 44, .ofs_x = 2, .ofs_y = -3},
    {.bitmap_index = 18619, .adv_w = 768, .box_w = 42, .box_h = 44, .ofs_x = 3, .ofs_y = -3},
    {.bitmap_index = 18883, .adv_w = 768, .box_w = 44, .box_h = 44, .ofs_x = 2, .ofs_y = -3},
    {.bitmap_index = 19147, .adv_w = 768, .box_w = 41, .box_h = 46, .ofs_x = 3, .ofs_y = -4},
    {.bitmap_index = 19423, .adv_w = 768, .box_w = 44, .box_h = 44, .ofs_x = 2, .ofs_y = -3},
    {.bitmap_index = 19687, .adv_w = 768, .box_w = 43, .box_h = 45, .ofs_x = 3, .ofs_y = -3},
    {.bitmap_index = 19957, .adv_w = 768, .box_w = 44, .box_h = 45, .ofs_x = 2, .ofs_y = -3},
    {.bitmap_index = 20227, .adv_w = 768, .box_w = 42, .box_h = 43, .ofs_x = 3, .ofs_y = -2},
    {.bitmap_index = 20485, .adv_w = 768, .box_w = 44, .box_h = 44, .ofs_x = 2, .ofs_y = -3},
    {.bitmap_index = 20749, .adv_w = 768, .box_w = 43, .box_h = 42, .ofs_x = 2, .ofs_y = -3},
    {.bitmap_index = 21001, .adv_w = 768, .box_w = 43, .box_h = 43, .ofs_x = 2, .ofs_y = -2},
    {.bitmap_index = 21259, .adv_w = 768, .box_w = 40, .box_h = 40, .ofs_x = 5, .ofs_y = -2},
    {.bitmap_index = 21459, .adv_w = 768, .box_w = 41, .box_h = 44, .ofs_x = 4, .ofs_y = -3},
    {.bitmap_index = 21723, .adv_w = 768, .box_w = 42, .box_h = 44, .ofs_x = 3, .ofs_y = -3},
    {.bitmap_index = 21987, .adv_w = 768, .box_w = 44, .box_h = 44, .ofs_x = 2, .ofs_y = -3},
    {.bitmap_index = 22251, .adv_w = 768, .box_w = 42, .box_h = 41, .ofs_x = 3, .ofs_y = -3},
    {.bitmap_index = 22497, .adv_w = 768, .box_w = 43, .box_h = 45, .ofs_x = 3, .ofs_y = -4},
    {.bitmap_index = 22767, .adv_w = 768, .box_w = 42, .box_h = 43, .ofs_x = 4, .ofs_y = -3},
    {.bitmap_index = 23025, .adv_w = 768, .box_w = 36, .box_h = 44, .ofs_x = 6, .ofs_y = -3},
    {.bitmap_index = 23245, .adv_w = 768, .box_w = 44, .box_h = 44, .ofs_x = 2, .ofs_y = -3},
    {.bitmap_index = 23509, .adv_w = 768, .box_w = 42, .box_h = 43, .ofs_x = 3, .ofs_y = -2},
    {.bitmap_index = 23767, .adv_w = 768, .box_w = 42, .box_h = 44, .ofs_x = 3, .ofs_y = -2},
    {.bitmap_index = 24031, .adv_w = 768, .box_w = 44, .box_h = 44, .ofs_x = 2, .ofs_y = -3},
    {.bitmap_index = 24295, .adv_w = 768, .box_w = 44, .box_h = 44, .ofs_x = 2, .ofs_y = -3},
    {.bitmap_index = 24559, .adv_w = 768, .box_w = 44, .box_h = 44, .ofs_x = 2, .ofs_y = -3},
    {.bitmap_index = 24823, .adv_w = 768, .box_w = 41, .box_h = 44, .ofs_x = 2, .ofs_y = -3},
    {.bitmap_index = 25087, .adv_w = 768, .box_w = 44, .box_h = 44, .ofs_x = 2, .ofs_y = -3},
    {.bitmap_index = 25351, .adv_w = 768, .box_w = 44, .box_h = 44, .ofs_x = 2, .ofs_y = -3},
    {.bitmap_index = 25615, .adv_w = 768, .box_w = 44, .box_h = 44, .ofs_x = 2, .ofs_y = -3},
    {.bitmap_index = 25879, .adv_w = 768, .box_w = 44, .box_h = 44, .ofs_x = 2, .ofs_y = -3},
    {.bitmap_index = 26143, .adv_w = 768, .box_w = 43, .box_h = 44, .ofs_x = 2, .ofs_y = -3},
    {.bitmap_index = 26407, .adv_w = 768, .box_w = 44, .box_h = 44, .ofs_x = 2, .ofs_y = -3},
    {.bitmap_index = 26671, .adv_w = 768, .box_w = 44, .box_h = 44, .ofs_x = 2, .ofs_y = -3},
    {.bitmap_index = 26935, .adv_w = 768, .box_w = 44, .box_h = 41, .ofs_x = 2, .ofs_y = -3},
    {.bitmap_index = 27181, .adv_w = 768, .box_w = 31, .box_h = 41, .ofs_x = 9, .ofs_y = -3},
    {.bitmap_index = 27345, .adv_w = 768, .box_w = 42, .box_h = 44, .ofs_x = 4, .ofs_y = -3},
    {.bitmap_index = 27609, .adv_w = 768, .box_w = 44, .box_h = 40, .ofs_x = 2, .ofs_y = -1},
    {.bitmap_index = 27849, .adv_w = 768, .box_w = 42, .box_h = 44, .ofs_x = 2, .ofs_y = -3},
    {.bitmap_index = 28113, .adv_w = 768, .box_w = 44, .box_h = 44, .ofs_x = 2, .ofs_y = -3},
    {.bitmap_index = 28377, .adv_w = 768, .box_w = 44, .box_h = 44, .ofs_x = 2, .ofs_y = -3},
    {.bitmap_index = 28641, .adv_w = 768, .box_w = 45, .box_h = 44, .ofs_x = 2, .ofs_y = -3},
    {.bitmap_index = 28905, .adv_w = 768, .box_w = 44, .box_h = 44, .ofs_x = 2, .ofs_y = -3},
    {.bitmap_index = 29169, .adv_w = 768, .box_w = 44, .box_h = 45, .ofs_x = 2, .ofs_y = -3},
    {.bitmap_index = 29439, .adv_w = 768, .box_w = 44, .box_h = 44, .ofs_x = 2, .ofs_y = -3},
    {.bitmap_index = 29703, .adv_w = 768, .box_w = 42, .box_h = 38, .ofs_x = 3, .ofs_y = -1},
    {.bitmap_index = 29931, .adv_w = 768, .box_w = 43, .box_h = 44, .ofs_x = 2, .ofs_y = -3},
    {.bitmap_index = 30195, .adv_w = 768, .box_w = 42, .box_h = 44, .ofs_x = 2, .ofs_y = -3},
    {.bitmap_index = 30459, .adv_w = 768, .box_w = 44, .box_h = 42, .ofs_x = 2, .ofs_y = -3},
    {.bitmap_index = 30711, .adv_w = 768, .box_w = 43, .box_h = 44, .ofs_x = 3, .ofs_y = -3},
    {.bitmap_index = 30975, .adv_w = 768, .box_w = 43, .box_h = 42, .ofs_x = 3, .ofs_y = -3},
    {.bitmap_index = 31227, .adv_w = 768, .box_w = 44, .box_h = 44, .ofs_x = 2, .ofs_y = -3},
    {.bitmap_index = 31491, .adv_w = 768, .box_w = 44, .box_h = 44, .ofs_x = 2, .ofs_y = -3},
    {.bitmap_index = 31755, .adv_w = 768, .box_w = 44, .box_h = 44, .ofs_x = 2, .ofs_y = -3},
    {.bitmap_index = 32019, .adv_w = 768, .box_w = 42, .box_h = 44, .ofs_x = 3, .ofs_y = -3},
    {.bitmap_index = 32283, .adv_w = 768, .box_w = 40, .box_h = 41, .ofs_x = 2, .ofs_y = -3},
    {.bitmap_index = 32488, .adv_w = 768, .box_w = 42, .box_h = 44, .ofs_x = 2, .ofs_y = -3},
    {.bitmap_index = 32752, .adv_w = 768, .box_w = 43, .box_h = 45, .ofs_x = 2, .ofs_y = -4},
    {.bitmap_index = 33022, .adv_w = 768, .box_w = 42, .box_h = 42, .ofs_x = 4, .ofs_y = -3},
    {.bitmap_index = 33274, .adv_w = 768, .box_w = 42, .box_h = 44, .ofs_x = 2, .ofs_y = -3},
    {.bitmap_index = 33538, .adv_w = 768, .box_w = 43, .box_h = 40, .ofs_x = 2, .ofs_y = -3},
    {.bitmap_index = 33778, .adv_w = 768, .box_w = 43, .box_h = 44, .ofs_x = 2, .ofs_y = -3},
    {.bitmap_index = 34042, .adv_w = 768, .box_w = 43, .box_h = 44, .ofs_x = 2, .ofs_y = -3},
    {.bitmap_index = 34306, .adv_w = 768, .box_w = 42, .box_h = 42, .ofs_x = 3, .ofs_y = -1},
    {.bitmap_index = 34558, .adv_w = 768, .box_w = 42, .box_h = 44, .ofs_x = 3, .ofs_y = -3},
    {.bitmap_index = 34822, .adv_w = 768, .box_w = 44, .box_h = 44, .ofs_x = 2, .ofs_y = -3},
    {.bitmap_index = 35086, .adv_w = 768, .box_w = 40, .box_h = 44, .ofs_x = 4, .ofs_y = -3},
    {.bitmap_index = 35306, .adv_w = 768, .box_w = 44, .box_h = 44, .ofs_x = 2, .ofs_y = -3},
    {.bitmap_index = 35570, .adv_w = 768, .box_w = 42, .box_h = 42, .ofs_x = 3, .ofs_y = -2},
    {.bitmap_index = 35822, .adv_w = 768, .box_w = 33, .box_h = 44, .ofs_x = 8, .ofs_y = -3},
    {.bitmap_index = 36042, .adv_w = 768, .box_w = 44, .box_h = 44, .ofs_x = 2, .ofs_y = -3},
    {.bitmap_index = 36306, .adv_w = 768, .box_w = 44, .box_h = 44, .ofs_x = 2, .ofs_y = -3},
    {.bitmap_index = 36570, .adv_w = 768, .box_w = 41, .box_h = 44, .ofs_x = 4, .ofs_y = -3},
    {.bitmap_index = 36834, .adv_w = 768, .box_w = 44, .box_h = 44, .ofs_x = 2, .ofs_y = -3},
    {.bitmap_index = 37098, .adv_w = 768, .box_w = 44, .box_h = 43, .ofs_x = 2, .ofs_y = -3},
    {.bitmap_index = 37356, .adv_w = 768, .box_w = 43, .box_h = 44, .ofs_x = 3, .ofs_y = -3},
    {.bitmap_index = 37620, .adv_w = 768, .box_w = 44, .box_h = 43, .ofs_x = 2, .ofs_y = -3},
    {.bitmap_index = 37878, .adv_w = 768, .box_w = 44, .box_h = 44, .ofs_x = 2, .ofs_y = -3},
    {.bitmap_index = 38142, .adv_w = 768, .box_w = 44, .box_h = 44, .ofs_x = 2, .ofs_y = -3},
    {.bitmap_index = 38406, .adv_w = 768, .box_w = 43, .box_h = 44, .ofs_x = 3, .ofs_y = -3},
    {.bitmap_index = 38670, .adv_w = 768, .box_w = 43, .box_h = 44, .ofs_x = 3, .ofs_y = -3},
    {.bitmap_index = 38934, .adv_w = 768, .box_w = 44, .box_h = 44, .ofs_x = 2, .ofs_y = -3},
    {.bitmap_index = 39198, .adv_w = 768, .box_w = 44, .box_h = 42, .ofs_x = 2, .ofs_y = -2},
    {.bitmap_index = 39450, .adv_w = 768, .box_w = 44, .box_h = 41, .ofs_x = 2, .ofs_y = -2},
    {.bitmap_index = 39696, .adv_w = 768, .box_w = 43, .box_h = 44, .ofs_x = 3, .ofs_y = -3},
    {.bitmap_index = 39960, .adv_w = 768, .box_w = 44, .box_h = 42, .ofs_x = 2, .ofs_y = -2},
    {.bitmap_index = 40212, .adv_w = 768, .box_w = 42, .box_h = 44, .ofs_x = 3, .ofs_y = -3},
    {.bitmap_index = 40476, .adv_w = 768, .box_w = 42, .box_h = 43, .ofs_x = 3, .ofs_y = -2},
    {.bitmap_index = 40734, .adv_w = 768, .box_w = 44, .box_h = 42, .ofs_x = 2, .ofs_y = -2},
    {.bitmap_index = 40986, .adv_w = 768, .box_w = 44, .box_h = 44, .ofs_x = 2, .ofs_y = -3},
    {.bitmap_index = 41250, .adv_w = 768, .box_w = 40, .box_h = 43, .ofs_x = 4, .ofs_y = -3},
    {.bitmap_index = 41465, .adv_w = 768, .box_w = 38, .box_h = 43, .ofs_x = 5, .ofs_y = -3},
    {.bitmap_index = 41680, .adv_w = 768, .box_w = 39, .box_h = 43, .ofs_x = 5, .ofs_y = -3},
    {.bitmap_index = 41895, .adv_w = 768, .box_w = 42, .box_h = 41, .ofs_x = 3, .ofs_y = -3},
    {.bitmap_index = 42141, .adv_w = 768, .box_w = 44, .box_h = 42, .ofs_x = 2, .ofs_y = -3},
    {.bitmap_index = 42393, .adv_w = 768, .box_w = 44, .box_h = 42, .ofs_x = 2, .ofs_y = -3},
    {.bitmap_index = 42645, .adv_w = 768, .box_w = 44, .box_h = 44, .ofs_x = 2, .ofs_y = -3},
};

/*-----------------
 *    CHARACTER MAPPING
 *----------------*/

/* Codepoints relative to range_start, ascending (sparse cmap). */
static const uint16_t unicode_list_0[] = {
    0x0000, 0x0001, 0x0002, 0x0003, 0x0004, 0x0005, 0x0006, 0x0007, 0x0008, 0x0009,
    0x000a, 0x000b, 0x000c, 0x000d, 0x000e, 0x000f, 0x0010, 0x0011, 0x0012, 0x0013,
    0x0014, 0x0015, 0x0016, 0x0017, 0x0018, 0x0019, 0x001a, 0x001b, 0x001c, 0x001d,
    0x001e, 0x001f, 0x0020, 0x0021, 0x0022, 0x0023, 0x0024, 0x0025, 0x0026, 0x0027,
    0x0028, 0x0029, 0x002a, 0x002b, 0x002c, 0x002d, 0x002e, 0x002f, 0x0030, 0x0031,
    0x0032, 0x0033, 0x0034, 0x0035, 0x0036, 0x0037, 0x0038, 0x0039, 0x003a, 0x003b,
    0x003c, 0x003d, 0x003e, 0x003f, 0x0040, 0x0041, 0x0042, 0x0043, 0x0044, 0x0045,
    0x0046, 0x0047, 0x0048, 0x0049, 0x004a, 0x004b, 0x004c, 0x004d, 0x004e, 0x004f,
    0x0050, 0x0051, 0x0052, 0x0053, 0x0054, 0x0055, 0x0056, 0x0057, 0x0058, 0x0059,
    0x005a, 0x005b, 0x005c, 0x005d, 0x005e, 0x4e0d, 0x4e12, 0x4e6e, 0x4e8e, 0x4ec4,
    0x4f39, 0x4f3c, 0x4fbd, 0x4fc1, 0x4ff9, 0x5145, 0x5148, 0x5153, 0x51da, 0x51e6,
    0x5210, 0x5216, 0x522d, 0x5249, 0x527f, 0x5280, 0x5288, 0x5289, 0x5335, 0x5341,
    0x5353, 0x53ad, 0x53b6, 0x53c3, 0x53d3, 0x53d7, 0x53ee, 0x545d, 0x56be, 0x56de,
    0x5708, 0x57e6, 0x5907, 0x5911, 0x5b37, 0x5b38, 0x5b6c, 0x5b7a, 0x5b7c, 0x5bef,
    0x5c2f, 0x5dc6, 0x5dd2, 0x5e07, 0x5e0e, 0x5e86, 0x5ee0, 0x5eef, 0x5f00, 0x5f33,
    0x5f65, 0x5fe1, 0x604f, 0x61f0, 0x6233, 0x625e, 0x62ad, 0x62c9, 0x62e2, 0x634e,
    0x6387, 0x63b2, 0x6550, 0x6567, 0x65c0, 0x65c5, 0x65d6, 0x661e, 0x66ff, 0x670a,
    0x670c, 0x671a, 0x675f, 0x6962, 0x6a01, 0x6b43, 0x6cb5, 0x6d68, 0x704d, 0x704f,
    0x7147, 0x7164, 0x7228, 0x7296, 0x7367, 0x7508, 0x76d8, 0x76eb, 0x771c, 0x784e,
    0x791a, 0x79b2, 0x79ed, 0x7aab, 0x7b0c, 0x7b29, 0x7cdb, 0x7ebf, 0x7f4e, 0x81ca,
    0x83bc, 0x89a6, 0x89a8, 0x8b84, 0x8b8f, 0x8bb5, 0x8bcf, 0x8bd4, 0x8bd7, 0x8d05,
    0x8f5d, 0x8f73, 0x8fb4, 0x8fe0, 0x8fe9, 0x8ffa, 0x90c8, 0x91ad, 0x91af, 0x94f9,
    0x95cd, 0x95ce, 0x95d4, 0x9742, 0x9859, 0x9864, 0x9968,
};

static const lv_font_fmt_txt_cmap_t cmaps[] = {
    {
        .range_start = 32, .range_length = 39273, .glyph_id_start = 1,
        .unicode_list = unicode_list_0, .glyph_id_ofs_list = NULL,
        .list_length = 227, .type = LV_FONT_FMT_TXT_CMAP_SPARSE_TINY
    }
};

/*-----------------
 *  ALL CUSTOM DATA
 *----------------*/

static const lv_font_fmt_txt_dsc_t font_dsc = {
    .glyph_bitmap = glyph_bitmap,
    .glyph_dsc = glyph_dsc,
    .cmaps = cmaps,
    .kern_dsc = NULL,
    .kern_scale = 0,
    .cmap_num = 1,
    .bpp = 1,
    .kern_classes = 0,
    .bitmap_format = 0,
};

/*-----------------
 *  PUBLIC FONT
 *----------------*/

const lv_font_t eye_ui_font_48 = {
    .get_glyph_dsc = lv_font_get_glyph_dsc_fmt_txt,
    .get_glyph_bitmap = lv_font_get_bitmap_fmt_txt,
    .line_height = 70,
    .base_line = 14,
    .subpx = LV_FONT_SUBPX_NONE,
    .underline_position = -2,
    .underline_thickness = 2,
    .dsc = &font_dsc
};
