/*******************************************************************************
 * Eye-control UI font, 32 px, 1 bpp (generated - do not edit by hand)
 *
 * Glyphs : Noto Sans CJK Regular @ 32 px, binarized to 1 bpp.
 * Metrics: line_height = 48, base_line = 10 (read from the face).
 * Tool   : gen_eye_font.py
 ******************************************************************************/

#ifdef LV_LVGL_H_INCLUDE_SIMPLE
    #include "lvgl.h"
#else
    #include "lvgl/lvgl.h"
#endif

/*-----------------
 *    BITMAPS
 *----------------*/

static LV_ATTRIBUTE_LARGE_CONST const uint8_t glyph_bitmap[] = {
    /* U+0020 */

    /* ! */
    0x70,0x70,0x70,0x70,0x70,0x60,0x60,0x60,0x60,0x60,0x60,0x60,0x60,0x60,0x60,0x60,
    0x20,0x00,0x00,0x00,0xf0,0xf0,0xf0,0x60,

    /* \" */
    0xe3,0x80,0xe3,0x80,0xe3,0x80,0xe3,0x80,0xe3,0x80,0xe3,0x80,0xe1,0x80,0xc1,0x80,
    0xc1,0x80,

    /* # */
    0x06,0x08,0x06,0x0c,0x06,0x18,0x06,0x18,0x04,0x18,0x0c,0x18,0x0c,0x18,0x7f,0xff,
    0x7f,0xff,0x0c,0x18,0x0c,0x10,0x0c,0x30,0x0c,0x30,0x08,0x30,0x18,0x30,0xff,0xfe,
    0xff,0xfe,0x18,0x30,0x18,0x20,0x18,0x60,0x18,0x60,0x10,0x60,0x30,0x60,0x30,0x60,

    /* $ */
    0x03,0x00,0x03,0x00,0x03,0x00,0x03,0x00,0x0f,0xe0,0x3f,0xf0,0x38,0x38,0x70,0x10,
    0x70,0x00,0x70,0x00,0x70,0x00,0x70,0x00,0x3c,0x00,0x3e,0x00,0x0f,0x80,0x07,0xe0,
    0x01,0xf0,0x00,0x78,0x00,0x38,0x00,0x38,0x00,0x1c,0x00,0x18,0x00,0x38,0xe0,0x38,
    0xfd,0xf0,0x3f,0xe0,0x0f,0xc0,0x03,0x00,0x03,0x00,0x03,0x00,0x03,0x00,

    /* % */
    0x1f,0x00,0x18,0x00,0x3f,0x80,0x30,0x00,0x71,0xc0,0x30,0x00,0x60,0xc0,0x60,0x00,
    0x60,0xe0,0x60,0x00,0xe0,0x60,0xc0,0x00,0xe0,0x60,0xc0,0x00,0xc0,0x61,0x80,0x00,
    0xe0,0x61,0x80,0x00,0x60,0xe3,0x0e,0x00,0x60,0xc2,0x1f,0x80,0x60,0xc6,0x39,0xc0,
    0x31,0xcc,0x70,0xc0,0x3f,0x8c,0x60,0xe0,0x0e,0x18,0x60,0x60,0x00,0x18,0x60,0x60,
    0x00,0x30,0x60,0x60,0x00,0x30,0x60,0x60,0x00,0x60,0x60,0x60,0x00,0x60,0x60,0x60,
    0x00,0xc0,0x70,0xe0,0x00,0xc0,0x30,0xc0,0x01,0x80,0x3f,0x80,0x01,0x00,0x0f,0x00,

    /* & */
    0x03,0xe0,0x00,0x07,0xf0,0x00,0x0e,0x38,0x00,0x0c,0x18,0x00,0x1c,0x18,0x00,0x1c,
    0x18,0x00,0x1c,0x38,0x00,0x0c,0x70,0x00,0x0c,0xe0,0x00,0x0f,0xc0,0x00,0x07,0x80,
    0x00,0x0f,0x00,0x70,0x1f,0x80,0x60,0x3b,0xc0,0xe0,0x71,0xc0,0xe0,0x70,0xe1,0xc0,
    0xe0,0x71,0xc0,0xe0,0x3b,0x80,0xe0,0x1f,0x00,0xf0,0x0f,0x00,0x70,0x1f,0xc0,0x3e,
    0xff,0xf0,0x1f,0xf0,0xf0,0x0f,0xc0,0x30,

    /* ' */
    0xe0,0xe0,0xe0,0xe0,0xe0,0xe0,0xe0,0xc0,0xc0,

    /* ( */
    0x0c,0x0c,0x1c,0x18,0x38,0x30,0x30,0x70,0x60,0x60,0x60,0xe0,0xe0,0xe0,0xc0,0xc0,
    0xc0,0xc0,0xe0,0xe0,0xe0,0xe0,0x60,0x60,0x60,0x70,0x30,0x30,0x18,0x18,0x0c,0x0c,

    /* ) */
    0x80,0xc0,0xe0,0x60,0x60,0x30,0x30,0x38,0x18,0x18,0x18,0x1c,0x1c,0x1c,0x1c,0x1c,
    0x1c,0x1c,0x1c,0x1c,0x1c,0x18,0x18,0x18,0x38,0x30,0x30,0x70,0x60,0xe0,0xc0,0xc0,

    /* * */
    0x04,0x00,0x0c,0x00,0x0e,0x00,0xff,0xe0,0x7f,0xc0,0x1f,0x00,0x1f,0x00,0x3b,0x00,
    0x31,0x80,0x20,0x80,

    /* + */
    0x01,0x80,0x01,0x80,0x01,0x80,0x01,0x80,0x01,0x80,0x01,0x80,0x01,0x80,0xff,0xff,
    0xff,0xff,0x01,0x80,0x01,0x80,0x01,0x80,0x01,0x80,0x01,0x80,0x01,0x80,0x01,0x80,

    /* , */
    0x70,0xf8,0x78,0x78,0x18,0x18,0x30,0x70,0xe0,0x80,

    /* - */
    0xff,0x80,0xff,0x80,

    /* . */
    0x70,0xf0,0xf0,0x70,

    /* / */
    0x00,0x30,0x00,0x70,0x00,0x60,0x00,0x60,0x00,0x60,0x00,0xc0,0x00,0xc0,0x00,0xc0,
    0x01,0x80,0x01,0x80,0x01,0x80,0x03,0x00,0x03,0x00,0x03,0x00,0x07,0x00,0x06,0x00,
    0x06,0x00,0x06,0x00,0x0c,0x00,0x0c,0x00,0x0c,0x00,0x18,0x00,0x18,0x00,0x18,0x00,
    0x30,0x00,0x30,0x00,0x30,0x00,0x70,0x00,0x60,0x00,0x60,0x00,0xe0,0x00,

    /* 0 */
    0x0f,0x80,0x1f,0xe0,0x3c,0xf0,0x70,0x70,0x70,0x38,0xe0,0x38,0xe0,0x1c,0xe0,0x1c,
    0xe0,0x1c,0xe0,0x1c,0xc0,0x1c,0xc0,0x1c,0xc0,0x1c,0xc0,0x1c,0xe0,0x1c,0xe0,0x1c,
    0xe0,0x1c,0xe0,0x1c,0xe0,0x38,0x70,0x38,0x70,0x70,0x3c,0xf0,0x1f,0xe0,0x0f,0x80,

    /* 1 */
    0x07,0x00,0x3f,0x00,0x7f,0x00,0x7f,0x00,0x07,0x00,0x07,0x00,0x07,0x00,0x07,0x00,
    0x07,0x00,0x07,0x00,0x07,0x00,0x07,0x00,0x07,0x00,0x07,0x00,0x07,0x00,0x07,0x00,
    0x07,0x00,0x07,0x00,0x07,0x00,0x07,0x00,0x07,0x00,0x07,0x00,0xff,0xf8,0xff,0xf8,

    /* 2 */
    0x0f,0xc0,0x1f,0xf0,0x7d,0xf8,0x70,0x38,0x60,0x1c,0x00,0x1c,0x00,0x1c,0x00,0x1c,
    0x00,0x1c,0x00,0x1c,0x00,0x38,0x00,0x38,0x00,0x70,0x00,0x70,0x00,0xe0,0x01,0xc0,
    0x03,0xc0,0x07,0x80,0x0f,0x00,0x1e,0x00,0x3c,0x00,0x78,0xfe,0xff,0xfe,0xff,0xfe,

    /* 3 */
    0x07,0xc0,0x1f,0xf0,0x7c,0xf8,0x70,0x3c,0x20,0x1c,0x00,0x1c,0x00,0x1c,0x00,0x1c,
    0x00,0x3c,0x00,0x38,0x01,0xf0,0x07,0xc0,0x07,0xf0,0x00,0x78,0x00,0x1c,0x00,0x1e,
    0x00,0x0e,0x00,0x0e,0x00,0x0e,0x40,0x1e,0xe0,0x3c,0x7c,0xf8,0x3f,0xf0,0x0f,0xc0,

    /* 4 */
    0x00,0x78,0x00,0xf8,0x00,0xf8,0x01,0xf8,0x01,0xb8,0x03,0xb8,0x07,0x38,0x07,0x38,
    0x0e,0x38,0x1c,0x38,0x1c,0x38,0x38,0x38,0x70,0x38,0x70,0x38,0xe0,0x38,0xff,0xff,
    0xff,0xff,0x00,0x38,0x00,0x38,0x00,0x38,0x00,0x38,0x00,0x38,0x00,0x38,0x00,0x38,

    /* 5 */
    0x3f,0xfc,0x3f,0xfc,0x3f,0xf8,0x38,0x00,0x38,0x00,0x38,0x00,0x38,0x00,0x38,0x00,
    0x38,0x00,0x3f,0xe0,0x3f,0xf8,0x38,0x7c,0x00,0x1c,0x00,0x1e,0x00,0x0e,0x00,0x0e,
    0x00,0x0e,0x00,0x0e,0x00,0x0e,0x40,0x1c,0xe0,0x3c,0x7d,0xf8,0x3f,0xf0,0x0f,0xc0,

    /* 6 */
    0x03,0xe0,0x0f,0xf8,0x1f,0x7c,0x38,0x18,0x70,0x00,0x70,0x00,0x60,0x00,0xe0,0x00,
    0xe0,0x00,0xe3,0xc0,0xef,0xf0,0xfc,0x78,0xf0,0x3c,0xe0,0x1c,0xe0,0x1c,0xe0,0x0c,
    0xe0,0x0c,0xe0,0x1c,0x70,0x1c,0x70,0x1c,0x38,0x38,0x3e,0x78,0x1f,0xf0,0x07,0xc0,

    /* 7 */
    0xff,0xfc,0xff,0xfc,0xff,0xfc,0x00,0x38,0x00,0x30,0x00,0x70,0x00,0xe0,0x00,0xe0,
    0x00,0xc0,0x01,0xc0,0x01,0x80,0x03,0x80,0x03,0x80,0x03,0x80,0x03,0x00,0x07,0x00,
    0x07,0x00,0x07,0x00,0x07,0x00,0x07,0x00,0x07,0x00,0x0e,0x00,0x0e,0x00,0x0e,0x00,

    /* 8 */
    0x07,0xe0,0x0f,0xf0,0x1c,0x38,0x38,0x1c,0x38,0x0c,0x30,0x0c,0x30,0x0c,0x38,0x0c,
    0x38,0x1c,0x1e,0x18,0x0f,0x38,0x0f,0xf0,0x1d,0xf0,0x38,0x78,0x70,0x1c,0x70,0x0e,
    0x60,0x0e,0xe0,0x0e,0x60,0x0e,0x70,0x0e,0x70,0x1e,0x3c,0x3c,0x1f,0xf8,0x07,0xe0,

    /* 9 */
    0x07,0xc0,0x1f,0xe0,0x3c,0xf0,0x38,0x38,0x70,0x1c,0x60,0x1c,0xe0,0x0c,0xe0,0x0e,
    0x60,0x0e,0x60,0x0e,0x70,0x0e,0x70,0x1e,0x3c,0x7e,0x1f,0xee,0x0f,0x8e,0x00,0x0e,
    0x00,0x0c,0x00,0x1c,0x00,0x1c,0x00,0x38,0x20,0x78,0x7d,0xf0,0x3f,0xe0,0x0f,0x80,

    /* : */
    0x70,0xf0,0xf0,0x70,0x00,0x00,0x00,0x00,0x00,0x00,0x00,0x00,0x00,0x70,0xf0,0xf0,
    0x70,

    /* ; */
    0x70,0xf0,0xf0,0x70,0x00,0x00,0x00,0x00,0x00,0x00,0x00,0x00,0x00,0x70,0xf8,0x78,
    0x78,0x18,0x18,0x30,0x70,0xe0,0x80,

    /* < */
    0x00,0x02,0x00,0x0f,0x00,0x7e,0x01,0xf8,0x0f,0xc0,0x3f,0x00,0xf8,0x00,0xf0,0x00,
    0x7c,0x00,0x1f,0x80,0x03,0xf0,0x00,0xfe,0x00,0x1f,0x00,0x07,

    /* = */
    0xff,0xff,0xff,0xff,0x00,0x00,0x00,0x00,0x00,0x00,0x00,0x00,0x00,0x00,0x00,0x00,
    0xff,0xff,0xff,0xff,

    /* > */
    0x80,0x00,0xf0,0x00,0xfe,0x00,0x1f,0x80,0x07,0xf0,0x00,0xfc,0x00,0x1f,0x00,0x0f,
    0x00,0x7e,0x01,0xf8,0x0f,0xc0,0x7f,0x00,0xf8,0x00,0xe0,0x00,

    /* ? */
    0x1f,0x00,0x7f,0xc0,0xff,0xc0,0xc0,0xe0,0x00,0xe0,0x00,0x60,0x00,0x60,0x00,0xe0,
    0x00,0xe0,0x01,0xc0,0x03,0x80,0x03,0x80,0x07,0x00,0x0e,0x00,0x0e,0x00,0x0c,0x00,
    0x0c,0x00,0x00,0x00,0x00,0x00,0x00,0x00,0x00,0x00,0x1e,0x00,0x1e,0x00,0x1e,0x00,
    0x0c,0x00,

    /* @ */
    0x00,0x1f,0xc0,0x00,0x00,0xff,0xf8,0x00,0x01,0xe0,0x3c,0x00,0x07,0x80,0x0e,0x00,
    0x0e,0x00,0x07,0x00,0x1c,0x00,0x03,0x80,0x18,0x00,0x01,0x80,0x30,0x00,0x01,0xc0,
    0x70,0x1e,0x60,0xc0,0x60,0x3f,0xe0,0xc0,0x60,0x71,0xe0,0xc0,0xe0,0xe0,0xc0,0xc0,
    0xc0,0xc0,0xc0,0xc0,0xc1,0xc0,0xc0,0xc0,0xc1,0x80,0xc0,0xc0,0xc1,0x81,0xc0,0xc0,
    0xc1,0x81,0x81,0x80,0xc1,0xc1,0x83,0x80,0xc1,0xc7,0xc7,0x00,0xe0,0xfc,0xfe,0x00,
    0x60,0x78,0x7c,0x00,0x60,0x00,0x00,0x00,0x70,0x00,0x00,0x00,0x38,0x00,0x00,0x00,
    0x1c,0x00,0x00,0x00,0x0e,0x00,0x00,0x00,0x07,0x80,0xe0,0x00,0x03,0xff,0xc0,0x00,
    0x00,0x7f,0x00,0x00,

    /* A */
    0x00,0xf0,0x00,0x00,0xf0,0x00,0x01,0xf0,0x00,0x01,0xb8,0x00,0x01,0xb8,0x00,0x03,
    0x98,0x00,0x03,0x18,0x00,0x03,0x1c,0x00,0x07,0x0c,0x00,0x07,0x0c,0x00,0x06,0x0e,
    0x00,0x0e,0x0e,0x00,0x0e,0x06,0x00,0x0c,0x07,0x00,0x1f,0xff,0x00,0x1f,0xff,0x00,
    0x1c,0x03,0x80,0x38,0x03,0x80,0x38,0x01,0x80,0x30,0x01,0xc0,0x70,0x01,0xc0,0x70,
    0x01,0xc0,0x70,0x00,0xe0,0xe0,0x00,0xe0,

    /* B */
    0xff,0xe0,0x00,0xff,0xf8,0x00,0xe0,0xfc,0x00,0xe0,0x1e,0x00,0xe0,0x0e,0x00,0xe0,
    0x0e,0x00,0xe0,0x0e,0x00,0xe0,0x0e,0x00,0xe0,0x1e,0x00,0xe0,0x3c,0x00,0xff,0xf0,
    0x00,0xff,0xf8,0x00,0xe0,0x3e,0x00,0xe0,0x0f,0x00,0xe0,0x07,0x00,0xe0,0x07,0x00,
    0xe0,0x03,0x80,0xe0,0x03,0x80,0xe0,0x07,0x00,0xe0,0x07,0x00,0xe0,0x0f,0x00,0xe0,
    0x7e,0x00,0xff,0xfc,0x00,0xff,0xe0,0x00,

    /* C */
    0x01,0xf8,0x00,0x07,0xfe,0x00,0x0f,0xff,0x00,0x1e,0x07,0x00,0x3c,0x00,0x00,0x78,
    0x00,0x00,0x70,0x00,0x00,0x70,0x00,0x00,0xe0,0x00,0x00,0xe0,0x00,0x00,0xe0,0x00,
    0x00,0xe0,0x00,0x00,0xe0,0x00,0x00,0xe0,0x00,0x00,0xe0,0x00,0x00,0xe0,0x00,0x00,
    0xf0,0x00,0x00,0x70,0x00,0x00,0x78,0x00,0x00,0x38,0x01,0x00,0x1e,0x03,0x80,0x1f,
    0xff,0x00,0x07,0xfe,0x00,0x01,0xf8,0x00,

    /* D */
    0xff,0xc0,0x00,0xff,0xf0,0x00,0xf1,0xfc,0x00,0xe0,0x3e,0x00,0xe0,0x0e,0x00,0xe0,
    0x0f,0x00,0xe0,0x07,0x00,0xe0,0x07,0x80,0xe0,0x03,0x80,0xe0,0x03,0x80,0xe0,0x03,
    0x80,0xe0,0x03,0x80,0xe0,0x03,0x80,0xe0,0x03,0x80,0xe0,0x03,0x80,0xe0,0x03,0x80,
    0xe0,0x07,0x80,0xe0,0x07,0x00,0xe0,0x0f,0x00,0xe0,0x0e,0x00,0xe0,0x3e,0x00,0xf1,
    0xfc,0x00,0xff,0xf0,0x00,0xff,0xc0,0x00,

    /* E */
    0xff,0xfc,0xff,0xfc,0xff,0xf8,0xe0,0x00,0xe0,0x00,0xe0,0x00,0xe0,0x00,0xe0,0x00,
    0xe0,0x00,0xe0,0x00,0xff,0xf0,0xff,0xf0,0xff,0xf0,0xe0,0x00,0xe0,0x00,0xe0,0x00,
    0xe0,0x00,0xe0,0x00,0xe0,0x00,0xe0,0x00,0xe0,0x00,0xff,0xfc,0xff,0xfc,0xff,0xfc,

    /* F */
    0xff,0xfc,0xff,0xfc,0xff,0xf8,0xe0,0x00,0xe0,0x00,0xe0,0x00,0xe0,0x00,0xe0,0x00,
    0xe0,0x00,0xe0,0x00,0xf0,0x00,0xff,0xf0,0xff,0xf0,0xe0,0x00,0xe0,0x00,0xe0,0x00,
    0xe0,0x00,0xe0,0x00,0xe0,0x00,0xe0,0x00,0xe0,0x00,0xe0,0x00,0xe0,0x00,0xe0,0x00,

    /* G */
    0x01,0xfc,0x00,0x07,0xff,0x00,0x0f,0xff,0x80,0x1e,0x03,0x80,0x3c,0x01,0x00,0x78,
    0x00,0x00,0x70,0x00,0x00,0x70,0x00,0x00,0xe0,0x00,0x00,0xe0,0x00,0x00,0xe0,0x00,
    0x00,0xe0,0x00,0x00,0xe0,0x3f,0xc0,0xe0,0x3f,0xc0,0xe0,0x01,0xc0,0xe0,0x01,0xc0,
    0xf0,0x01,0xc0,0x70,0x01,0xc0,0x78,0x01,0xc0,0x3c,0x01,0xc0,0x1e,0x03,0xc0,0x0f,
    0xff,0x80,0x07,0xff,0x00,0x01,0xfc,0x00,

    /* H */
    0xe0,0x03,0x80,0xe0,0x03,0x80,0xe0,0x03,0x80,0xe0,0x03,0x80,0xe0,0x03,0x80,0xe0,
    0x03,0x80,0xe0,0x03,0x80,0xe0,0x03,0x80,0xe0,0x03,0x80,0xe0,0x03,0x80,0xff,0xff,
    0x80,0xff,0xff,0x80,0xff,0xff,0x80,0xe0,0x03,0x80,0xe0,0x03,0x80,0xe0,0x03,0x80,
    0xe0,0x03,0x80,0xe0,0x03,0x80,0xe0,0x03,0x80,0xe0,0x03,0x80,0xe0,0x03,0x80,0xe0,
    0x03,0x80,0xe0,0x03,0x80,0xe0,0x03,0x80,

    /* I */
    0xe0,0xe0,0xe0,0xe0,0xe0,0xe0,0xe0,0xe0,0xe0,0xe0,0xe0,0xe0,0xe0,0xe0,0xe0,0xe0,
    0xe0,0xe0,0xe0,0xe0,0xe0,0xe0,0xe0,0xe0,

    /* J */
    0x00,0x38,0x00,0x38,0x00,0x38,0x00,0x38,0x00,0x38,0x00,0x38,0x00,0x38,0x00,0x38,
    0x00,0x38,0x00,0x38,0x00,0x38,0x00,0x38,0x00,0x38,0x00,0x38,0x00,0x38,0x00,0x38,
    0x00,0x38,0x00,0x38,0x00,0x38,0x60,0x78,0xf0,0x70,0x7f,0xf0,0x3f,0xe0,0x0f,0x80,

    /* K */
    0xe0,0x07,0x00,0xe0,0x0e,0x00,0xe0,0x1c,0x00,0xe0,0x3c,0x00,0xe0,0x78,0x00,0xe0,
    0x70,0x00,0xe0,0xe0,0x00,0xe1,0xc0,0x00,0xe3,0xc0,0x00,0xe7,0x80,0x00,0xe7,0xc0,
    0x00,0xef,0xc0,0x00,0xfc,0xe0,0x00,0xfc,0xf0,0x00,0xf8,0x70,0x00,0xf0,0x78,0x00,
    0xe0,0x38,0x00,0xe0,0x1c,0x00,0xe0,0x1c,0x00,0xe0,0x0e,0x00,0xe0,0x0f,0x00,0xe0,
    0x07,0x00,0xe0,0x07,0x80,0xe0,0x03,0x80,

    /* L */
    0xe0,0x00,0xe0,0x00,0xe0,0x00,0xe0,0x00,0xe0,0x00,0xe0,0x00,0xe0,0x00,0xe0,0x00,
    0xe0,0x00,0xe0,0x00,0xe0,0x00,0xe0,0x00,0xe0,0x00,0xe0,0x00,0xe0,0x00,0xe0,0x00,
    0xe0,0x00,0xe0,0x00,0xe0,0x00,0xe0,0x00,0xe0,0x00,0xff,0xf8,0xff,0xf8,0xff,0xf8,

    /* M */
    0xf0,0x00,0xf0,0xf0,0x00,0xf0,0xf8,0x01,0xf0,0xf8,0x01,0xf0,0xf8,0x01,0xf0,0xfc,
    0x03,0xf0,0xec,0x03,0x70,0xec,0x03,0x70,0xee,0x07,0x70,0xe6,0x06,0x70,0xe6,0x06,
    0x70,0xe7,0x0e,0x70,0xe3,0x0c,0x70,0xe3,0x0c,0x70,0xe3,0x98,0x70,0xe1,0x98,0x70,
    0xe1,0x98,0x70,0xe1,0xf0,0x70,0xe0,0xf0,0x70,0xe0,0xf0,0x70,0xe0,0x60,0x70,0xe0,
    0x60,0x70,0xe0,0x00,0x70,0xe0,0x00,0x70,

    /* N */
    0xf0,0x03,0x80,0xf0,0x03,0x80,0xf8,0x03,0x80,0xf8,0x03,0x80,0xfc,0x03,0x80,0xec,
    0x03,0x80,0xee,0x03,0x80,0xe6,0x03,0x80,0xe7,0x03,0x80,0xe3,0x83,0x80,0xe3,0x83,
    0x80,0xe1,0xc3,0x80,0xe1,0xc3,0x80,0xe0,0xe3,0x80,0xe0,0x63,0x80,0xe0,0x73,0x80,
    0xe0,0x33,0x80,0xe0,0x3b,0x80,0xe0,0x1b,0x80,0xe0,0x1f,0x80,0xe0,0x0f,0x80,0xe0,
    0x0f,0x80,0xe0,0x07,0x80,0xe0,0x03,0x80,

    /* O */
    0x01,0xf8,0x00,0x07,0xfe,0x00,0x1f,0xff,0x00,0x3e,0x07,0x80,0x38,0x03,0xc0,0x78,
    0x01,0xe0,0x70,0x00,0xe0,0xf0,0x00,0xe0,0xe0,0x00,0xe0,0xe0,0x00,0x70,0xe0,0x00,
    0x70,0xe0,0x00,0x70,0xe0,0x00,0x70,0xe0,0x00,0x70,0xe0,0x00,0x70,0xe0,0x00,0xe0,
    0xf0,0x00,0xe0,0x70,0x00,0xe0,0x78,0x01,0xc0,0x38,0x03,0xc0,0x3e,0x07,0x80,0x1f,
    0xff,0x00,0x07,0xfe,0x00,0x01,0xf8,0x00,

    /* P */
    0xff,0xe0,0xff,0xf8,0xf1,0xfc,0xe0,0x1e,0xe0,0x0e,0xe0,0x0f,0xe0,0x07,0xe0,0x07,
    0xe0,0x0f,0xe0,0x0e,0xe0,0x1e,0xe0,0x3c,0xff,0xf8,0xff,0xf0,0xf0,0x00,0xe0,0x00,
    0xe0,0x00,0xe0,0x00,0xe0,0x00,0xe0,0x00,0xe0,0x00,0xe0,0x00,0xe0,0x00,0xe0,0x00,

    /* Q */
    0x01,0xf8,0x00,0x07,0xfe,0x00,0x1f,0xff,0x00,0x3e,0x07,0x80,0x38,0x03,0xc0,0x78,
    0x01,0xc0,0x70,0x00,0xe0,0xf0,0x00,0xe0,0xe0,0x00,0xe0,0xe0,0x00,0x70,0xe0,0x00,
    0x70,0xe0,0x00,0x70,0xe0,0x00,0x70,0xe0,0x00,0x70,0xe0,0x00,0x70,0xe0,0x00,0xe0,
    0xf0,0x00,0xe0,0x70,0x00,0xe0,0x70,0x01,0xe0,0x38,0x01,0xc0,0x3c,0x07,0x80,0x1f,
    0x1f,0x00,0x0f,0xfe,0x00,0x03,0xf8,0x00,0x00,0x70,0x00,0x00,0x78,0x00,0x00,0x3e,
    0x00,0x00,0x1f,0xf0,0x00,0x07,0xf0,

    /* R */
    0xff,0xe0,0xff,0xf8,0xf0,0xfc,0xe0,0x1e,0xe0,0x0e,0xe0,0x07,0xe0,0x07,0xe0,0x07,
    0xe0,0x07,0xe0,0x0e,0xe0,0x1e,0xe0,0xfc,0xff,0xf8,0xff,0xe0,0xe0,0xe0,0xe0,0xe0,
    0xe0,0x70,0xe0,0x78,0xe0,0x38,0xe0,0x1c,0xe0,0x1c,0xe0,0x0e,0xe0,0x0f,0xe0,0x07,

    /* S */
    0x07,0xe0,0x1f,0xf8,0x3f,0xfc,0x78,0x1c,0x70,0x00,0x70,0x00,0x70,0x00,0x70,0x00,
    0x78,0x00,0x3e,0x00,0x1f,0x80,0x0f,0xe0,0x03,0xf8,0x00,0x7c,0x00,0x1e,0x00,0x0e,
    0x00,0x0f,0x00,0x07,0x00,0x0f,0xc0,0x0e,0xf0,0x1e,0x7f,0xfc,0x3f,0xf8,0x07,0xe0,

    /* T */
    0xff,0xff,0x80,0xff,0xff,0x80,0xff,0xff,0x80,0x01,0xc0,0x00,0x01,0xc0,0x00,0x01,
    0xc0,0x00,0x01,0xc0,0x00,0x01,0xc0,0x00,0x01,0xc0,0x00,0x01,0xc0,0x00,0x01,0xc0,
    0x00,0x01,0xc0,0x00,0x01,0xc0,0x00,0x01,0xc0,0x00,0x01,0xc0,0x00,0x01,0xc0,0x00,
    0x01,0xc0,0x00,0x01,0xc0,0x00,0x01,0xc0,0x00,0x01,0xc0,0x00,0x01,0xc0,0x00,0x01,
    0xc0,0x00,0x01,0xc0,0x00,0x01,0xc0,0x00,

    /* U */
    0xe0,0x03,0x80,0xe0,0x03,0x80,0xe0,0x03,0x80,0xe0,0x03,0x80,0xe0,0x03,0x80,0xe0,
    0x03,0x80,0xe0,0x03,0x80,0xe0,0x03,0x80,0xe0,0x03,0x80,0xe0,0x03,0x80,0xe0,0x03,
    0x80,0xe0,0x03,0x80,0xe0,0x03,0x80,0xe0,0x03,0x80,0xe0,0x03,0x80,0xe0,0x03,0x80,
    0xe0,0x03,0x80,0xf0,0x03,0x80,0x70,0x07,0x00,0x70,0x07,0x00,0x3c,0x0e,0x00,0x3f,
    0xfe,0x00,0x1f,0xfc,0x00,0x07,0xf0,0x00,

    /* V */
    0xe0,0x01,0xc0,0xf0,0x01,0xc0,0x70,0x01,0xc0,0x70,0x03,0x80,0x70,0x03,0x80,0x38,
    0x03,0x80,0x38,0x03,0x00,0x38,0x07,0x00,0x1c,0x07,0x00,0x1c,0x06,0x00,0x1c,0x0e,
    0x00,0x0c,0x0e,0x00,0x0e,0x0e,0x00,0x0e,0x1c,0x00,0x06,0x1c,0x00,0x07,0x1c,0x00,
    0x07,0x18,0x00,0x07,0x38,0x00,0x03,0x38,0x00,0x03,0xb0,0x00,0x03,0xf0,0x00,0x01,
    0xf0,0x00,0x01,0xe0,0x00,0x01,0xe0,0x00,

    /* W */
    0xe0,0x0e,0x01,0xc0,0xe0,0x1e,0x01,0xc0,0xe0,0x1e,0x01,0xc0,0x70,0x1e,0x01,0xc0,
    0x70,0x1f,0x01,0x80,0x70,0x3f,0x03,0x80,0x70,0x33,0x03,0x80,0x70,0x33,0x03,0x80,
    0x30,0x33,0x83,0x00,0x38,0x73,0x83,0x00,0x38,0x73,0x87,0x00,0x38,0x61,0x87,0x00,
    0x38,0x61,0xc7,0x00,0x18,0xe1,0xc6,0x00,0x1c,0xe1,0xc6,0x00,0x1c,0xc0,0xce,0x00,
    0x1c,0xc0,0xce,0x00,0x1c,0xc0,0xee,0x00,0x0d,0xc0,0xec,0x00,0x0d,0x80,0x6c,0x00,
    0x0f,0x80,0x7c,0x00,0x0f,0x80,0x7c,0x00,0x0f,0x80,0x7c,0x00,0x07,0x00,0x38,0x00,

    /* X */
    0xf0,0x07,0x70,0x0f,0x78,0x0e,0x38,0x1c,0x3c,0x1c,0x1c,0x38,0x0e,0x38,0x0e,0x70,
    0x07,0x70,0x07,0xe0,0x03,0xe0,0x03,0xc0,0x03,0xc0,0x07,0xe0,0x07,0xe0,0x0e,0x70,
    0x0e,0x38,0x1c,0x38,0x1c,0x1c,0x38,0x1c,0x70,0x0e,0x70,0x0e,0xe0,0x07,0xe0,0x07,

    /* Y */
    0xe0,0x03,0x80,0x70,0x07,0x00,0x70,0x07,0x00,0x38,0x0e,0x00,0x38,0x0e,0x00,0x1c,
    0x1c,0x00,0x1c,0x1c,0x00,0x0c,0x18,0x00,0x0e,0x38,0x00,0x06,0x30,0x00,0x07,0x70,
    0x00,0x07,0x60,0x00,0x03,0xe0,0x00,0x03,0xe0,0x00,0x01,0xc0,0x00,0x01,0xc0,0x00,
    0x01,0xc0,0x00,0x01,0xc0,0x00,0x01,0xc0,0x00,0x01,0xc0,0x00,0x01,0xc0,0x00,0x01,
    0xc0,0x00,0x01,0xc0,0x00,0x01,0xc0,0x00,

    /* Z */
    0x7f,0xff,0x7f,0xff,0x7f,0xfe,0x00,0x1e,0x00,0x1c,0x00,0x38,0x00,0x78,0x00,0x70,
    0x00,0xe0,0x00,0xe0,0x01,0xc0,0x03,0xc0,0x03,0x80,0x07,0x00,0x0f,0x00,0x0e,0x00,
    0x1c,0x00,0x1c,0x00,0x38,0x00,0x70,0x00,0x70,0x00,0xff,0xfe,0xff,0xff,0xff,0xff,

    /* [ */
    0xfe,0xfc,0xe0,0xe0,0xe0,0xe0,0xe0,0xe0,0xe0,0xe0,0xe0,0xe0,0xe0,0xe0,0xe0,0xe0,
    0xe0,0xe0,0xe0,0xe0,0xe0,0xe0,0xe0,0xe0,0xe0,0xe0,0xe0,0xe0,0xe0,0xfe,0x7c,

    /* \ */
    0xc0,0x00,0xc0,0x00,0xc0,0x00,0x60,0x00,0x60,0x00,0x60,0x00,0x30,0x00,0x30,0x00,
    0x30,0x00,0x38,0x00,0x18,0x00,0x18,0x00,0x18,0x00,0x0c,0x00,0x0c,0x00,0x0c,0x00,
    0x06,0x00,0x06,0x00,0x06,0x00,0x03,0x00,0x03,0x00,0x03,0x00,0x03,0x80,0x01,0x80,
    0x01,0x80,0x01,0x80,0x00,0xc0,0x00,0xc0,0x00,0xc0,0x00,0x60,0x00,0x60,

    /* ] */
    0xfc,0xfc,0x0c,0x0c,0x0c,0x0c,0x0c,0x0c,0x0c,0x0c,0x0c,0x0c,0x0c,0x0c,0x0c,0x0c,
    0x0c,0x0c,0x0c,0x0c,0x0c,0x0c,0x0c,0x0c,0x0c,0x0c,0x0c,0x0c,0x0c,0xfc,0xfc,

    /* ^ */
    0x07,0x00,0x07,0x80,0x07,0x80,0x0f,0xc0,0x0c,0xc0,0x1c,0xc0,0x18,0xe0,0x18,0x60,
    0x38,0x70,0x30,0x70,0x70,0x30,0x70,0x38,0x60,0x18,0xe0,0x18,

    /* _ */
    0xff,0xff,0x80,0xff,0xff,0x80,

    /* ` */
    0x40,0xe0,0xf0,0x78,0x38,0x1c,0x0c,

    /* a */
    0x0f,0xc0,0x3f,0xe0,0x7d,0xf0,0x60,0x38,0x00,0x38,0x00,0x38,0x00,0x38,0x07,0xf8,
    0x1f,0x38,0x78,0x18,0xe0,0x18,0xe0,0x18,0xe0,0x38,0xe0,0x78,0xf9,0xf8,0x7f,0x98,
    0x1e,0x18,

    /* b */
    0xe0,0x00,0xe0,0x00,0xe0,0x00,0xe0,0x00,0xe0,0x00,0xe0,0x00,0xe0,0x00,0xe0,0x00,
    0xe3,0xe0,0xef,0xf0,0xff,0xf8,0xf0,0x3c,0xe0,0x1c,0xe0,0x0e,0xe0,0x0e,0xe0,0x0e,
    0xe0,0x0e,0xe0,0x0e,0xe0,0x0e,0xe0,0x1e,0xe0,0x1c,0xf0,0x3c,0xff,0xf8,0xcf,0xf0,
    0xc7,0xc0,

    /* c */
    0x07,0xe0,0x1f,0xf0,0x3f,0xf8,0x78,0x10,0x70,0x00,0xe0,0x00,0xe0,0x00,0xe0,0x00,
    0xe0,0x00,0xe0,0x00,0xe0,0x00,0xe0,0x00,0xf0,0x00,0x78,0x10,0x3f,0xf8,0x1f,0xf0,
    0x07,0xe0,

    /* d */
    0x00,0x0e,0x00,0x0e,0x00,0x0e,0x00,0x0e,0x00,0x0e,0x00,0x0e,0x00,0x0e,0x00,0x0e,
    0x07,0xce,0x1f,0xee,0x3f,0xfe,0x78,0x1e,0x70,0x0e,0xe0,0x0e,0xe0,0x0e,0xe0,0x0e,
    0xe0,0x0e,0xe0,0x0e,0xe0,0x0e,0xe0,0x0e,0xf0,0x0e,0x78,0x1e,0x7e,0xfe,0x3f,0xee,
    0x0f,0x8e,

    /* e */
    0x07,0xc0,0x1f,0xf0,0x3e,0xf8,0x70,0x18,0x60,0x1c,0xe0,0x0c,0xe0,0x0c,0xff,0xfc,
    0xff,0xfc,0xe0,0x00,0xe0,0x00,0xe0,0x00,0x70,0x00,0x78,0x00,0x3e,0x38,0x1f,0xf8,
    0x07,0xe0,

    /* f */
    0x07,0xc0,0x0f,0xc0,0x1c,0x00,0x1c,0x00,0x18,0x00,0x38,0x00,0x38,0x00,0x38,0x00,
    0xff,0x80,0xff,0x80,0x3c,0x00,0x38,0x00,0x38,0x00,0x38,0x00,0x38,0x00,0x38,0x00,
    0x38,0x00,0x38,0x00,0x38,0x00,0x38,0x00,0x38,0x00,0x38,0x00,0x38,0x00,0x38,0x00,
    0x38,0x00,

    /* g */
    0x0f,0xfe,0x3f,0xfe,0x78,0xf0,0x70,0x38,0xe0,0x38,0xe0,0x38,0xe0,0x38,0x70,0x38,
    0x38,0x70,0x3f,0xe0,0x3f,0x80,0x60,0x00,0x60,0x00,0x60,0x00,0x78,0x00,0x3f,0xfc,
    0x3f,0xfe,0x60,0x0e,0xe0,0x07,0xc0,0x06,0xe0,0x0e,0xf0,0x3c,0x7f,0xf8,0x1f,0xc0,

    /* h */
    0xe0,0x00,0xe0,0x00,0xe0,0x00,0xe0,0x00,0xe0,0x00,0xe0,0x00,0xe0,0x00,0xe0,0x00,
    0xe3,0xe0,0xe7,0xf0,0xff,0xf8,0xf8,0x38,0xf0,0x1c,0xe0,0x1c,0xe0,0x1c,0xe0,0x1c,
    0xe0,0x1c,0xe0,0x1c,0xe0,0x1c,0xe0,0x1c,0xe0,0x1c,0xe0,0x1c,0xe0,0x1c,0xe0,0x1c,
    0xe0,0x1c,

    /* i */
    0xc0,0xe0,0xe0,0xe0,0x00,0x00,0x00,0x00,0xe0,0xe0,0xe0,0xe0,0xe0,0xe0,0xe0,0xe0,
    0xe0,0xe0,0xe0,0xe0,0xe0,0xe0,0xe0,0xe0,0xe0,

    /* j */
    0x0c,0x0e,0x0e,0x0e,0x00,0x00,0x00,0x00,0x0e,0x0e,0x0e,0x0e,0x0e,0x0e,0x0e,0x0e,
    0x0e,0x0e,0x0e,0x0e,0x0e,0x0e,0x0e,0x0e,0x0e,0x0e,0x0e,0x0e,0x0e,0xbc,0xfc,0xf0,

    /* k */
    0xe0,0x00,0xe0,0x00,0xe0,0x00,0xe0,0x00,0xe0,0x00,0xe0,0x00,0xe0,0x00,0xe0,0x00,
    0xe0,0x38,0xe0,0x70,0xe0,0xe0,0xe1,0xe0,0xe1,0xc0,0xe3,0x80,0xe7,0x00,0xef,0x00,
    0xff,0x80,0xf9,0x80,0xf9,0xc0,0xf0,0xe0,0xe0,0xe0,0xe0,0x70,0xe0,0x38,0xe0,0x38,
    0xe0,0x1c,

    /* l */
    0xe0,0xe0,0xe0,0xe0,0xe0,0xe0,0xe0,0xe0,0xe0,0xe0,0xe0,0xe0,0xe0,0xe0,0xe0,0xe0,
    0xe0,0xe0,0xe0,0xe0,0xe0,0xe0,0xe0,0xf0,0xf0,0x78,

    /* m */
    0xc3,0xc0,0x78,0xcf,0xf1,0xfc,0xff,0xf3,0xfe,0xf8,0x7e,0x0e,0xe0,0x3c,0x07,0xe0,
    0x38,0x07,0xe0,0x38,0x07,0xe0,0x38,0x07,0xe0,0x38,0x07,0xe0,0x38,0x07,0xe0,0x38,
    0x07,0xe0,0x38,0x07,0xe0,0x38,0x07,0xe0,0x38,0x07,0xe0,0x38,0x07,0xe0,0x38,0x07,
    0xe0,0x38,0x07,

    /* n */
    0xc3,0xe0,0xc7,0xf0,0xff,0xf8,0xf8,0x38,0xf0,0x1c,0xe0,0x1c,0xe0,0x1c,0xe0,0x1c,
    0xe0,0x1c,0xe0,0x1c,0xe0,0x1c,0xe0,0x1c,0xe0,0x1c,0xe0,0x1c,0xe0,0x1c,0xe0,0x1c,
    0xe0,0x1c,

    /* o */
    0x07,0xc0,0x1f,0xf0,0x3f,0xf8,0x78,0x1c,0x70,0x0e,0xe0,0x0e,0xe0,0x0f,0xe0,0x07,
    0xe0,0x07,0xe0,0x07,0xe0,0x0f,0xe0,0x0e,0x70,0x0e,0x78,0x1c,0x3e,0xf8,0x1f,0xf0,
    0x07,0xc0,

    /* p */
    0xc3,0xe0,0xcf,0xf8,0xff,0xf8,0xf0,0x3c,0xe0,0x1c,0xe0,0x0e,0xe0,0x0e,0xe0,0x0e,
    0xe0,0x0e,0xe0,0x0e,0xe0,0x0e,0xe0,0x1e,0xe0,0x1c,0xf0,0x3c,0xff,0xf8,0xef,0xf0,
    0xe7,0xc0,0xe0,0x00,0xe0,0x00,0xe0,0x00,0xe0,0x00,0xe0,0x00,0xe0,0x00,0xe0,0x00,

    /* q */
    0x07,0xce,0x1f,0xee,0x3f,0xfe,0x78,0x1e,0x70,0x0e,0xe0,0x0e,0xe0,0x0e,0xe0,0x0e,
    0xe0,0x0e,0xe0,0x0e,0xe0,0x0e,0xe0,0x0e,0xf0,0x0e,0x78,0x1e,0x3e,0xfe,0x3f,0xee,
    0x0f,0x8e,0x00,0x0e,0x00,0x0e,0x00,0x0e,0x00,0x0e,0x00,0x0e,0x00,0x0e,0x00,0x0e,

    /* r */
    0xc3,0x80,0xcf,0x80,0xff,0x80,0xf8,0x00,0xf0,0x00,0xe0,0x00,0xe0,0x00,0xe0,0x00,
    0xe0,0x00,0xe0,0x00,0xe0,0x00,0xe0,0x00,0xe0,0x00,0xe0,0x00,0xe0,0x00,0xe0,0x00,
    0xe0,0x00,

    /* s */
    0x0f,0xc0,0x1f,0xf0,0x3c,0xf0,0x70,0x00,0x70,0x00,0x70,0x00,0x38,0x00,0x3f,0x00,
    0x0f,0xc0,0x01,0xf0,0x00,0x70,0x00,0x38,0x00,0x38,0x60,0x30,0xf8,0xf0,0x7f,0xe0,
    0x0f,0x80,

    /* t */
    0x18,0x00,0x18,0x00,0x18,0x00,0x18,0x00,0x18,0x00,0xff,0xc0,0xff,0xc0,0x3c,0x00,
    0x38,0x00,0x38,0x00,0x38,0x00,0x38,0x00,0x38,0x00,0x38,0x00,0x38,0x00,0x38,0x00,
    0x38,0x00,0x18,0x00,0x1c,0x00,0x1e,0x40,0x0f,0xc0,0x07,0xc0,

    /* u */
    0xe0,0x18,0xe0,0x18,0xe0,0x18,0xe0,0x18,0xe0,0x18,0xe0,0x18,0xe0,0x18,0xe0,0x18,
    0xe0,0x18,0xe0,0x18,0xe0,0x18,0xe0,0x18,0xe0,0x38,0xf0,0x78,0x7f,0xd8,0x7f,0x98,
    0x1e,0x18,

    /* v */
    0xe0,0x0e,0xe0,0x0e,0xe0,0x0c,0x70,0x1c,0x70,0x1c,0x70,0x38,0x38,0x38,0x38,0x38,
    0x18,0x70,0x1c,0x70,0x1c,0x60,0x0c,0xe0,0x0e,0xe0,0x0e,0xc0,0x07,0xc0,0x07,0xc0,
    0x03,0x80,

    /* w */
    0xe0,0x38,0x07,0xe0,0x3c,0x06,0x60,0x3c,0x0e,0x70,0x3c,0x0e,0x70,0x6e,0x0e,0x70,
    0x6e,0x0c,0x38,0x66,0x1c,0x38,0xe6,0x1c,0x38,0xc7,0x18,0x18,0xc3,0x18,0x1c,0xc3,
    0x38,0x1d,0xc3,0x38,0x1d,0x83,0xb0,0x0d,0x81,0xb0,0x0f,0x81,0xf0,0x0f,0x81,0xf0,
    0x07,0x01,0xe0,

    /* x */
    0xe0,0x1c,0x70,0x38,0x38,0x30,0x38,0x70,0x1c,0xe0,0x1c,0xe0,0x0f,0xc0,0x07,0x80,
    0x07,0x80,0x0f,0x80,0x0d,0xc0,0x1c,0xe0,0x38,0xe0,0x38,0x70,0x70,0x38,0xe0,0x38,
    0xe0,0x1c,

    /* y */
    0xe0,0x0e,0xe0,0x0e,0xe0,0x0c,0x70,0x1c,0x70,0x1c,0x38,0x18,0x38,0x38,0x18,0x38,
    0x1c,0x30,0x1c,0x70,0x0c,0x60,0x0e,0x60,0x06,0xe0,0x07,0xc0,0x07,0xc0,0x03,0xc0,
    0x03,0x80,0x03,0x80,0x03,0x80,0x07,0x00,0x07,0x00,0x5e,0x00,0xfc,0x00,0xf0,0x00,

    /* z */
    0x7f,0xf8,0x7f,0xf8,0x00,0x70,0x00,0xf0,0x00,0xe0,0x01,0xc0,0x03,0x80,0x03,0x80,
    0x07,0x00,0x0e,0x00,0x0e,0x00,0x1c,0x00,0x38,0x00,0x78,0x00,0x70,0x00,0xff,0xf8,
    0xff,0xf8,

    /* { */
    0x07,0x80,0x0f,0x00,0x1c,0x00,0x18,0x00,0x18,0x00,0x18,0x00,0x18,0x00,0x18,0x00,
    0x18,0x00,0x18,0x00,0x1c,0x00,0x1c,0x00,0x18,0x00,0x38,0x00,0xf0,0x00,0xf0,0x00,
    0x38,0x00,0x18,0x00,0x18,0x00,0x1c,0x00,0x1c,0x00,0x18,0x00,0x18,0x00,0x18,0x00,
    0x18,0x00,0x18,0x00,0x18,0x00,0x1c,0x00,0x1c,0x00,0x0f,0x80,0x03,0x00,

    /* | */
    0xc0,0xc0,0xc0,0xc0,0xc0,0xc0,0xc0,0xc0,0xc0,0xc0,0xc0,0xc0,0xc0,0xc0,0xc0,0xc0,
    0xc0,0xc0,0xc0,0xc0,0xc0,0xc0,0xc0,0xc0,0xc0,0xc0,0xc0,0xc0,0xc0,0xc0,0xc0,0xc0,
    0xc0,0xc0,0xc0,0xc0,

    /* } */
    0xf0,0x00,0xf8,0x00,0x1c,0x00,0x1c,0x00,0x1c,0x00,0x1c,0x00,0x1c,0x00,0x1c,0x00,
    0x1c,0x00,0x1c,0x00,0x1c,0x00,0x1c,0x00,0x1c,0x00,0x0c,0x00,0x0f,0x80,0x07,0x80,
    0x0e,0x00,0x1c,0x00,0x1c,0x00,0x1c,0x00,0x1c,0x00,0x1c,0x00,0x1c,0x00,0x1c,0x00,
    0x1c,0x00,0x1c,0x00,0x1c,0x00,0x1c,0x00,0x18,0x00,0xf8,0x00,0xe0,0x00,

    /* ~ */
    0x3c,0x00,0xfe,0x0c,0xc7,0x9c,0x81,0xf8,0x00,0xf0,

    /* U+4E2D */
    0x00,0x0c,0x00,0x00,0x00,0x0c,0x00,0x00,0x00,0x0c,0x00,0x00,0x00,0x0c,0x00,0x00,
    0x00,0x0c,0x00,0x00,0x00,0x1c,0x00,0x00,0xff,0xff,0xff,0xc0,0xff,0xff,0xff,0xc0,
    0xe0,0x0c,0x01,0xc0,0xe0,0x0c,0x01,0xc0,0xe0,0x0c,0x01,0xc0,0xe0,0x0c,0x01,0xc0,
    0xe0,0x0c,0x01,0xc0,0xe0,0x0c,0x01,0xc0,0xe0,0x0c,0x01,0xc0,0xe0,0x0c,0x01,0xc0,
    0xe0,0x0c,0x01,0xc0,0xff,0xff,0xff,0xc0,0xff,0xff,0xff,0xc0,0xe0,0x1c,0x01,0xc0,
    0xe0,0x0c,0x01,0xc0,0x00,0x0c,0x00,0x00,0x00,0x0c,0x00,0x00,0x00,0x0c,0x00,0x00,
    0x00,0x0c,0x00,0x00,0x00,0x0c,0x00,0x00,0x00,0x0c,0x00,0x00,0x00,0x0c,0x00,0x00,
    0x00,0x0c,0x00,0x00,0x00,0x0c,0x00,0x00,

    /* U+4E32 */
    0x00,0x0c,0x00,0x00,0x00,0x0c,0x00,0x00,0x00,0x0c,0x00,0x00,0x00,0x0c,0x00,0x00,
    0x3f,0xff,0xff,0x00,0x3f,0xff,0xff,0x00,0x30,0x0c,0x03,0x00,0x30,0x0c,0x03,0x00,
    0x30,0x0c,0x03,0x00,0x30,0x0c,0x03,0x00,0x30,0x0c,0x03,0x00,0x3f,0xff,0xff,0x00,
    0x3f,0xff,0xff,0x00,0x00,0x0c,0x00,0x00,0x00,0x0c,0x00,0x00,0x00,0x0c,0x00,0x00,
    0xff,0xff,0xff,0xc0,0xff,0xff,0xff,0xc0,0xe0,0x0c,0x01,0xc0,0xe0,0x0c,0x01,0xc0,
    0xe0,0x0c,0x01,0xc0,0xe0,0x0c,0x01,0xc0,0xe0,0x0c,0x01,0xc0,0xff,0xff,0xff,0xc0,
    0xff,0xff,0xff,0xc0,0xe0,0x0c,0x01,0xc0,0x00,0x0c,0x00,0x00,0x00,0x0c,0x00,0x00,
    0x00,0x0c,0x00,0x00,0x00,0x0c,0x00,0x00,

    /* U+4E8E */
    0x3f,0xff,0xff,0xc0,0x3f,0xff,0xff,0xc0,0x00,0x07,0x00,0x00,0x00,0x07,0x00,0x00,
    0x00,0x07,0x00,0x00,0x00,0x07,0x00,0x00,0x00,0x07,0x00,0x00,0x00,0x07,0x00,0x00,
    0x00,0x07,0x00,0x00,0x00,0x07,0x00,0x00,0x00,0x07,0x00,0x00,0xff,0xff,0xff,0xf0,
    0xff,0xff,0xff,0xf0,0x00,0x07,0x00,0x00,0x00,0x07,0x00,0x00,0x00,0x07,0x00,0x00,
    0x00,0x07,0x00,0x00,0x00,0x07,0x00,0x00,0x00,0x07,0x00,0x00,0x00,0x07,0x00,0x00,
    0x00,0x07,0x00,0x00,0x00,0x07,0x00,0x00,0x00,0x07,0x00,0x00,0x00,0x07,0x00,0x00,
    0x00,0x07,0x00,0x00,0x00,0x0e,0x00,0x00,0x01,0xfe,0x00,0x00,0x01,0xfc,0x00,0x00,

    /* U+4EAE */
    0x00,0x0e,0x00,0x00,0x00,0x06,0x00,0x00,0x00,0x07,0x00,0x00,0xff,0xff,0xff,0xf0,
    0xff,0xff,0xff,0xf0,0x00,0x00,0x00,0x00,0x00,0x00,0x00,0x00,0x07,0xff,0xff,0x00,
    0x07,0xff,0xff,0x00,0x06,0x00,0x07,0x00,0x06,0x00,0x07,0x00,0x07,0xff,0xff,0x00,
    0x07,0xff,0xff,0x00,0x00,0x00,0x00,0x00,0x00,0x00,0x00,0x00,0x7f,0xff,0xff,0xe0,
    0x7f,0xff,0xff,0xe0,0x60,0x00,0x00,0x60,0x60,0x00,0x00,0x60,0x60,0x00,0x00,0x60,
    0x60,0xff,0xf0,0x60,0x00,0xff,0xf0,0x00,0x01,0xc0,0x30,0x00,0x01,0xc0,0x30,0x00,
    0x01,0x80,0x30,0x20,0x03,0x80,0x30,0x30,0x0f,0x00,0x30,0x70,0x7e,0x00,0x3f,0xe0,
    0x78,0x00,0x1f,0xe0,0x40,0x00,0x00,0x00,

    /* U+4EE4 */
    0x00,0x03,0x00,0x00,0x00,0x07,0x00,0x00,0x00,0x0f,0x00,0x00,0x00,0x1f,0x80,0x00,
    0x00,0x39,0xc0,0x00,0x00,0x70,0xe0,0x00,0x00,0xe0,0x78,0x00,0x03,0xc0,0x3c,0x00,
    0x07,0x88,0x0f,0x00,0x1e,0x1c,0x07,0xc0,0x7c,0x0f,0x03,0xf0,0xf0,0x07,0x80,0xf8,
    0xe0,0x03,0x80,0x30,0x00,0x01,0x00,0x00,0x00,0x00,0x00,0x00,0x1f,0xff,0xff,0x80,
    0x1f,0xff,0xff,0x80,0x00,0x00,0x0f,0x00,0x00,0x00,0x0e,0x00,0x00,0x00,0x1c,0x00,
    0x00,0x00,0x38,0x00,0x00,0x60,0x70,0x00,0x00,0xf0,0xe0,0x00,0x00,0x7d,0xc0,0x00,
    0x00,0x1f,0x80,0x00,0x00,0x0f,0x80,0x00,0x00,0x03,0xc0,0x00,0x00,0x01,0xe0,0x00,
    0x00,0x00,0xf0,0x00,0x00,0x00,0x60,0x00,

    /* U+4F59 */
    0x00,0x03,0x80,0x00,0x00,0x07,0x80,0x00,0x00,0x07,0x80,0x00,0x00,0x0d,0xc0,0x00,
    0x00,0x38,0xf0,0x00,0x00,0x70,0x78,0x00,0x00,0xe0,0x1c,0x00,0x03,0xc0,0x0f,0x00,
    0x07,0x80,0x07,0xc0,0x1f,0x00,0x01,0xf0,0x7f,0xff,0xfe,0xfc,0xf1,0xff,0xfe,0x38,
    0x60,0x03,0x00,0x08,0x00,0x03,0x00,0x00,0x00,0x03,0x00,0x00,0x00,0x03,0x00,0x00,
    0x00,0x03,0x80,0x00,0x3f,0xff,0xff,0xf0,0x3f,0xff,0xff,0xf0,0x00,0x03,0x00,0x00,
    0x00,0x03,0x00,0x00,0x01,0x83,0x04,0x00,0x01,0x83,0x0e,0x00,0x03,0x83,0x07,0x80,
    0x07,0x03,0x03,0xc0,0x1e,0x03,0x01,0xe0,0x3c,0x03,0x00,0xf0,0x70,0x03,0x00,0x70,
    0x20,0x7f,0x00,0x20,0x00,0x3e,0x00,0x00,

    /* U+4F5C */
    0x00,0x80,0x00,0x00,0x00,0xc1,0xc0,0x00,0x01,0xc1,0xc0,0x00,0x01,0x81,0x80,0x00,
    0x03,0x83,0x80,0x00,0x03,0x83,0x80,0x00,0x07,0x07,0xff,0xfc,0x06,0x07,0xff,0xfc,
    0x0e,0x0e,0x70,0x00,0x1e,0x0c,0x70,0x00,0x1e,0x1c,0x70,0x00,0x3e,0x38,0x70,0x00,
    0x7e,0x70,0x70,0x00,0xf6,0x70,0x7f,0xf8,0x66,0x20,0x7f,0xf8,0x06,0x00,0x70,0x00,
    0x06,0x00,0x70,0x00,0x06,0x00,0x70,0x00,0x06,0x00,0x70,0x00,0x06,0x00,0x70,0x00,
    0x06,0x00,0x7f,0xf8,0x06,0x00,0x7f,0xf8,0x06,0x00,0x70,0x00,0x06,0x00,0x70,0x00,
    0x06,0x00,0x70,0x00,0x06,0x00,0x70,0x00,0x06,0x00,0x70,0x00,0x06,0x00,0x70,0x00,
    0x06,0x00,0x70,0x00,0x06,0x00,0x70,0x00,

    /* U+4FDD */
    0x00,0x80,0x00,0x00,0x01,0xc0,0x00,0x00,0x01,0x9f,0xff,0xf0,0x03,0x9f,0xff,0xf0,
    0x03,0x98,0x00,0x70,0x07,0x18,0x00,0x70,0x07,0x18,0x00,0x70,0x0e,0x18,0x00,0x70,
    0x0e,0x18,0x00,0x70,0x1e,0x18,0x00,0x70,0x3e,0x1f,0xff,0xf0,0x7e,0x1f,0xff,0xf0,
    0xf6,0x00,0x30,0x00,0xe6,0x00,0x30,0x00,0x46,0x00,0x30,0x00,0x06,0x00,0x30,0x00,
    0x06,0x7f,0xff,0xf8,0x06,0x7f,0xff,0xf8,0x06,0x00,0xfc,0x00,0x06,0x00,0xfe,0x00,
    0x06,0x01,0xfe,0x00,0x06,0x03,0xb3,0x00,0x06,0x07,0x33,0x80,0x06,0x0e,0x31,0xc0,
    0x06,0x1c,0x30,0xe0,0x06,0x38,0x30,0x70,0x06,0xf0,0x30,0x3c,0x06,0x60,0x30,0x1c,
    0x06,0x00,0x30,0x00,0x06,0x00,0x30,0x00,

    /* U+4FE1 */
    0x01,0x80,0x60,0x00,0x01,0x80,0x60,0x00,0x03,0x80,0x70,0x00,0x03,0x00,0x30,0x00,
    0x07,0x00,0x00,0x00,0x06,0x7f,0xff,0xf8,0x0e,0x7f,0xff,0xf8,0x0e,0x00,0x00,0x00,
    0x1e,0x00,0x00,0x00,0x1e,0x00,0x00,0x00,0x3e,0x1f,0xff,0xe0,0x7e,0x1f,0xff,0xe0,
    0x76,0x00,0x00,0x00,0xe6,0x00,0x00,0x00,0x46,0x00,0x00,0x00,0x06,0x1f,0xff,0xe0,
    0x06,0x1f,0xff,0xe0,0x06,0x00,0x00,0x00,0x06,0x00,0x00,0x00,0x06,0x00,0x00,0x00,
    0x06,0x1f,0xff,0xe0,0x06,0x1f,0xff,0xe0,0x06,0x18,0x00,0x60,0x06,0x18,0x00,0x60,
    0x06,0x18,0x00,0x60,0x06,0x18,0x00,0x60,0x06,0x18,0x00,0x60,0x06,0x1f,0xff,0xe0,
    0x06,0x1f,0xff,0xe0,0x06,0x18,0x00,0x60,

    /* U+5019 */
    0x03,0x00,0x00,0x00,0x03,0x03,0xff,0xc0,0x07,0x03,0xff,0xc0,0x07,0x00,0x00,0xc0,
    0x06,0x00,0x00,0xc0,0x0e,0x00,0x00,0xc0,0x0c,0x60,0x00,0xc0,0x1c,0x6f,0xff,0xf8,
    0x1c,0x6f,0xff,0xf8,0x3c,0x60,0x80,0x00,0x3c,0x61,0xc0,0x00,0x7c,0x61,0x80,0x00,
    0xec,0x63,0xff,0xf0,0x4c,0x63,0xff,0xf0,0x0c,0x67,0x1c,0x00,0x0c,0x6e,0x1c,0x00,
    0x0c,0x6c,0x1c,0x00,0x0c,0x60,0x1c,0x00,0x0c,0x6f,0xff,0xf8,0x0c,0x6f,0xff,0xf8,
    0x0c,0x60,0x1c,0x00,0x0c,0x60,0x1e,0x00,0x0c,0x60,0x3e,0x00,0x0c,0x00,0x77,0x00,
    0x0c,0x00,0xe3,0x80,0x0c,0x01,0xc1,0xe0,0x0c,0x07,0x80,0xf8,0x0c,0x1f,0x00,0x38,
    0x0c,0x0c,0x00,0x08,

    /* U+5165 */
    0x00,0x40,0x00,0x00,0x00,0xe0,0x00,0x00,0x00,0xf0,0x00,0x00,0x00,0x78,0x00,0x00,
    0x00,0x38,0x00,0x00,0x00,0x1c,0x00,0x00,0x00,0x0e,0x00,0x00,0x00,0x0f,0x00,0x00,
    0x00,0x0f,0x00,0x00,0x00,0x0f,0x80,0x00,0x00,0x0f,0x80,0x00,0x00,0x1d,0xc0,0x00,
    0x00,0x1c,0xc0,0x00,0x00,0x18,0xe0,0x00,0x00,0x38,0x60,0x00,0x00,0x38,0x70,0x00,
    0x00,0x70,0x30,0x00,0x00,0x70,0x38,0x00,0x00,0xe0,0x1c,0x00,0x01,0xc0,0x1c,0x00,
    0x01,0xc0,0x0e,0x00,0x03,0x80,0x0f,0x00,0x07,0x00,0x07,0x80,0x0e,0x00,0x03,0xc0,
    0x3c,0x00,0x01,0xe0,0x78,0x00,0x00,0xf0,0xf0,0x00,0x00,0x70,0x60,0x00,0x00,0x30,

    /* U+5168 */
    0x00,0x03,0x00,0x00,0x00,0x07,0x00,0x00,0x00,0x07,0x80,0x00,0x00,0x0f,0xc0,0x00,
    0x00,0x1c,0xe0,0x00,0x00,0x38,0x70,0x00,0x00,0x70,0x38,0x00,0x01,0xe0,0x1e,0x00,
    0x03,0xc0,0x0f,0x00,0x07,0x80,0x03,0x80,0x1e,0x00,0x01,0xe0,0x7c,0x00,0x00,0xf8,
    0xff,0xff,0xff,0xfc,0x67,0xff,0xff,0x98,0x00,0x03,0x00,0x00,0x00,0x03,0x00,0x00,
    0x00,0x03,0x00,0x00,0x00,0x03,0x00,0x00,0x00,0x03,0x00,0x00,0x03,0xff,0xff,0x80,
    0x03,0xff,0xff,0x80,0x00,0x03,0x00,0x00,0x00,0x03,0x00,0x00,0x00,0x03,0x00,0x00,
    0x00,0x03,0x00,0x00,0x00,0x03,0x00,0x00,0x00,0x03,0x00,0x00,0x3f,0xff,0xff,0xf8,
    0x3f,0xff,0xff,0xf8,

    /* U+5173 */
    0x00,0x00,0x04,0x00,0x07,0x00,0x0e,0x00,0x03,0x80,0x0c,0x00,0x01,0x80,0x1c,0x00,
    0x01,0xc0,0x18,0x00,0x00,0xc0,0x38,0x00,0x00,0x80,0x70,0x00,0x3f,0xff,0xff,0xc0,
    0x3f,0xff,0xff,0xc0,0x00,0x07,0x00,0x00,0x00,0x06,0x00,0x00,0x00,0x06,0x00,0x00,
    0x00,0x06,0x00,0x00,0x00,0x06,0x00,0x00,0x00,0x06,0x00,0x00,0xff,0xff,0xff,0xf0,
    0xff,0xff,0xff,0xf0,0x00,0x0f,0x00,0x00,0x00,0x0f,0x80,0x00,0x00,0x1f,0x80,0x00,
    0x00,0x1d,0xc0,0x00,0x00,0x38,0xe0,0x00,0x00,0x78,0x70,0x00,0x00,0xf0,0x78,0x00,
    0x01,0xe0,0x3c,0x00,0x07,0xc0,0x1f,0x00,0x1f,0x00,0x07,0xc0,0xfe,0x00,0x03,0xf0,
    0xf8,0x00,0x00,0xf0,0x60,0x00,0x00,0x20,

    /* U+51FA */
    0x00,0x0c,0x00,0x00,0x00,0x0c,0x00,0x00,0x00,0x0c,0x00,0x00,0x30,0x0c,0x03,0x00,
    0x30,0x0c,0x03,0x00,0x30,0x0c,0x03,0x00,0x30,0x0c,0x03,0x00,0x30,0x0c,0x03,0x00,
    0x30,0x0c,0x03,0x00,0x30,0x0c,0x03,0x00,0x30,0x0c,0x03,0x00,0x30,0x0c,0x03,0x00,
    0x3f,0xff,0xff,0x00,0x3f,0xff,0xff,0x00,0x00,0x1c,0x00,0x00,0x00,0x0c,0x00,0x00,
    0x60,0x0c,0x01,0x80,0xe0,0x0c,0x01,0xc0,0xe0,0x0c,0x01,0xc0,0xe0,0x0c,0x01,0xc0,
    0xe0,0x0c,0x01,0xc0,0xe0,0x0c,0x01,0xc0,0xe0,0x0c,0x01,0xc0,0xe0,0x0c,0x01,0xc0,
    0xe0,0x0c,0x01,0xc0,0xe0,0x1c,0x01,0xc0,0xff,0xff,0xff,0xc0,0xff,0xff,0xff,0xc0,
    0x00,0x00,0x01,0xc0,0x00,0x00,0x01,0xc0,

    /* U+5206 */
    0x00,0xe0,0x30,0x00,0x00,0xc0,0x30,0x00,0x01,0xc0,0x38,0x00,0x01,0xc0,0x1c,0x00,
    0x03,0x80,0x1c,0x00,0x07,0x00,0x0e,0x00,0x07,0x00,0x07,0x00,0x0e,0x00,0x07,0x00,
    0x1e,0x00,0x03,0x80,0x1c,0x00,0x01,0xc0,0x38,0x00,0x00,0xe0,0xf8,0x00,0x00,0xf0,
    0xef,0xff,0xff,0x70,0x4f,0xff,0xff,0x20,0x00,0x38,0x07,0x00,0x00,0x30,0x07,0x00,
    0x00,0x30,0x07,0x00,0x00,0x70,0x07,0x00,0x00,0x70,0x07,0x00,0x00,0x60,0x06,0x00,
    0x00,0xe0,0x06,0x00,0x00,0xe0,0x06,0x00,0x01,0xc0,0x06,0x00,0x03,0xc0,0x06,0x00,
    0x07,0x80,0x0e,0x00,0x0f,0x00,0x0e,0x00,0x1e,0x00,0x0e,0x00,0x7c,0x03,0xfc,0x00,
    0x70,0x03,0xf8,0x00,

    /* U+5230 */
    0x00,0x00,0x00,0x60,0xff,0xff,0x80,0x60,0xff,0xff,0xb8,0x60,0x07,0x00,0x38,0x60,
    0x06,0x10,0x38,0x60,0x0e,0x38,0x38,0x60,0x0c,0x1c,0x38,0x60,0x1c,0x0c,0x38,0x60,
    0x38,0x0e,0x38,0x60,0x7f,0xff,0x38,0x60,0x7f,0xff,0x38,0x60,0x30,0x03,0x38,0x60,
    0x00,0x80,0x38,0x60,0x01,0xc0,0x38,0x60,0x01,0xc0,0x38,0x60,0x01,0xc0,0x38,0x60,
    0x7f,0xff,0x38,0x60,0x7f,0xff,0x38,0x60,0x01,0xc0,0x38,0x60,0x01,0xc0,0x38,0x60,
    0x01,0xc0,0x38,0x60,0x01,0xc0,0x10,0x60,0x01,0xc3,0x00,0x60,0x01,0xff,0x00,0x60,
    0x0f,0xfe,0x00,0x60,0xff,0xc0,0x00,0x60,0xf8,0x00,0x0f,0xe0,0x00,0x00,0x07,0xc0,

    /* U+5236 */
    0x01,0xc0,0x00,0x60,0x39,0xc0,0x00,0x70,0x39,0xc0,0x00,0x70,0x31,0xc0,0x0c,0x70,
    0x31,0xc0,0x0c,0x70,0x7f,0xff,0x0c,0x70,0x7f,0xff,0x0c,0x70,0xe1,0xc0,0x0c,0x70,
    0xc1,0xc0,0x0c,0x70,0xc1,0xc0,0x0c,0x70,0xff,0xff,0x8c,0x70,0xff,0xff,0x8c,0x70,
    0x01,0xc0,0x0c,0x70,0x01,0xc0,0x0c,0x70,0x01,0xc0,0x0c,0x70,0x01,0xc0,0x0c,0x70,
    0x7f,0xff,0x0c,0x70,0x7f,0xff,0x0c,0x70,0x61,0xc3,0x0c,0x70,0x61,0xc3,0x0c,0x70,
    0x61,0xc3,0x0c,0x70,0x61,0xc3,0x00,0x70,0x61,0xc3,0x00,0x70,0x61,0xc3,0x00,0x70,
    0x61,0xc3,0x00,0x70,0x61,0xdf,0x00,0x70,0x61,0xde,0x00,0x70,0x01,0xc0,0x00,0x70,
    0x01,0xc0,0x07,0xe0,0x01,0xc0,0x07,0xc0,

    /* U+524D */
    0x06,0x00,0x06,0x00,0x07,0x00,0x0e,0x00,0x03,0x80,0x0c,0x00,0x01,0xc0,0x1c,0x00,
    0x01,0xc0,0x38,0x00,0xff,0xff,0xff,0xf0,0xff,0xff,0xff,0xf0,0x00,0x00,0x00,0x00,
    0x00,0x00,0x00,0x00,0x00,0x00,0x00,0x00,0x3f,0xf8,0x00,0xc0,0x3f,0xf8,0x70,0xc0,
    0x30,0x18,0x70,0xc0,0x30,0x18,0x70,0xc0,0x30,0x18,0x70,0xc0,0x30,0x18,0x70,0xc0,
    0x3f,0xf8,0x70,0xc0,0x3f,0xf8,0x70,0xc0,0x30,0x18,0x70,0xc0,0x30,0x18,0x70,0xc0,
    0x30,0x18,0x70,0xc0,0x3f,0xf8,0x70,0xc0,0x3f,0xf8,0x70,0xc0,0x30,0x18,0x70,0xc0,
    0x30,0x18,0x00,0xc0,0x30,0x18,0x00,0xc0,0x30,0x18,0x00,0xc0,0x30,0x18,0x01,0xc0,
    0x31,0xf8,0x1f,0xc0,0x30,0xf0,0x0f,0x80,

    /* U+5269 */
    0x00,0x03,0x00,0x60,0x00,0xff,0x80,0x60,0x7f,0xfe,0x00,0x60,0x7f,0xc0,0x00,0x60,
    0x00,0xc0,0x0c,0x60,0x00,0xc0,0x0c,0x60,0xff,0xff,0xec,0x60,0xff,0xff,0xec,0x60,
    0x00,0xc0,0x0c,0x60,0x0c,0xcc,0x0c,0x60,0x0c,0xcc,0x0c,0x60,0x0c,0xcc,0x8c,0x60,
    0xfc,0xcd,0xcc,0x60,0x7c,0xcf,0x8c,0x60,0x0c,0xce,0x0c,0x60,0x0c,0xcc,0x0c,0x60,
    0x1c,0xcc,0x4c,0x60,0xfc,0xcc,0x4c,0x60,0xcc,0xcf,0xcc,0x60,0x0d,0xe7,0x8c,0x60,
    0x01,0xf0,0x0c,0x60,0x03,0xfc,0x0c,0x60,0x06,0xce,0x00,0x60,0x0e,0xc7,0x00,0x60,
    0x1c,0xc3,0xc0,0x60,0x38,0xc1,0x80,0x60,0xf0,0xc0,0x00,0x60,0xe0,0xc0,0x00,0x60,
    0x40,0xc0,0x07,0xe0,0x00,0xc0,0x07,0xc0,

    /* U+529F */
    0x00,0x00,0x30,0x00,0x00,0x00,0x30,0x00,0x00,0x00,0x30,0x00,0x00,0x00,0x30,0x00,
    0x7f,0xf0,0x30,0x00,0x7f,0xf0,0x30,0x00,0x07,0x00,0x30,0x00,0x07,0x00,0x38,0x00,
    0x07,0x07,0xff,0xf8,0x07,0x07,0xff,0xf8,0x07,0x00,0x30,0x18,0x07,0x00,0x30,0x18,
    0x07,0x00,0x30,0x38,0x07,0x00,0x70,0x38,0x07,0x00,0x70,0x38,0x07,0x00,0x70,0x38,
    0x07,0x00,0x60,0x38,0x07,0x00,0x60,0x38,0x07,0x00,0x60,0x38,0x07,0x78,0xe0,0x30,
    0x07,0xf8,0xc0,0x30,0x3f,0xe1,0xc0,0x30,0xfe,0x01,0xc0,0x30,0x70,0x03,0x80,0x30,
    0x00,0x03,0x80,0x30,0x00,0x07,0x00,0x70,0x00,0x0e,0x00,0x70,0x00,0x3c,0x00,0xe0,
    0x00,0x78,0x1f,0xe0,0x00,0x30,0x0f,0xc0,

    /* U+52A0 */
    0x02,0x00,0x00,0x00,0x07,0x00,0x00,0x00,0x07,0x00,0x00,0x00,0x07,0x00,0x00,0x00,
    0x07,0x00,0x7f,0xf0,0x07,0x00,0x7f,0xf0,0x7f,0xfe,0x70,0x30,0x7f,0xfe,0x70,0x30,
    0x07,0x0e,0x70,0x30,0x06,0x0e,0x70,0x30,0x06,0x0e,0x70,0x30,0x06,0x0e,0x70,0x30,
    0x06,0x0e,0x70,0x30,0x06,0x0e,0x70,0x30,0x06,0x0e,0x70,0x30,0x06,0x0c,0x70,0x30,
    0x06,0x0c,0x70,0x30,0x0e,0x0c,0x70,0x30,0x0e,0x0c,0x70,0x30,0x0c,0x0c,0x70,0x30,
    0x0c,0x0c,0x70,0x30,0x1c,0x0c,0x70,0x30,0x1c,0x0c,0x70,0x30,0x18,0x0c,0x70,0x30,
    0x38,0x0c,0x70,0x30,0x38,0x1c,0x7f,0xf0,0x70,0x1c,0x7f,0xf0,0x71,0xf8,0x70,0x30,
    0xe1,0xf8,0x70,0x30,0x40,0x00,0x00,0x00,

    /* U+52A8 */
    0x00,0x00,0x18,0x00,0x00,0x00,0x18,0x00,0x7f,0xf8,0x18,0x00,0x7f,0xf8,0x18,0x00,
    0x00,0x00,0x18,0x00,0x00,0x00,0x18,0x00,0x00,0x00,0x18,0x00,0x00,0x03,0xff,0xf0,
    0x00,0x03,0xff,0xf0,0x00,0x00,0x18,0x30,0xff,0xfc,0x18,0x30,0xff,0xfc,0x38,0x30,
    0x0e,0x00,0x38,0x30,0x0c,0x00,0x38,0x30,0x0c,0x00,0x30,0x30,0x1c,0x60,0x30,0x30,
    0x18,0x30,0x30,0x70,0x18,0x30,0x30,0x70,0x38,0x38,0x70,0x70,0x30,0x18,0x60,0x70,
    0x30,0x78,0x60,0x70,0x7f,0xfc,0xe0,0x60,0xff,0xcc,0xc0,0x60,0x78,0x0d,0xc0,0x60,
    0x40,0x01,0xc0,0x60,0x00,0x03,0x80,0xe0,0x00,0x07,0x1f,0xc0,0x00,0x07,0x1f,0xc0,

    /* U+52A9 */
    0x00,0x00,0x18,0x00,0x00,0x00,0x18,0x00,0x3f,0xf8,0x18,0x00,0x3f,0xf8,0x18,0x00,
    0x38,0x18,0x18,0x00,0x38,0x18,0x18,0x00,0x38,0x18,0x18,0x00,0x38,0x18,0x1c,0x00,
    0x38,0x1b,0xff,0xf8,0x3f,0xfb,0xff,0xf8,0x3f,0xf8,0x18,0x38,0x38,0x18,0x18,0x38,
    0x38,0x18,0x18,0x38,0x38,0x18,0x18,0x38,0x38,0x18,0x18,0x30,0x38,0x18,0x38,0x30,
    0x3f,0xf8,0x38,0x30,0x3f,0xf8,0x30,0x30,0x38,0x18,0x30,0x30,0x38,0x18,0x70,0x30,
    0x38,0x18,0x70,0x30,0x38,0x18,0x60,0x30,0x38,0x3e,0xe0,0x30,0x3b,0xfe,0xc0,0x30,
    0x7f,0xf1,0xc0,0x30,0xfe,0x03,0x80,0x70,0x60,0x07,0x80,0x70,0x00,0x0f,0x00,0x60,
    0x00,0x1e,0x0f,0xe0,0x00,0x0c,0x0f,0xc0,

    /* U+5355 */
    0x01,0x00,0x04,0x00,0x03,0x80,0x0e,0x00,0x01,0x80,0x1c,0x00,0x01,0xc0,0x1c,0x00,
    0x00,0xe0,0x38,0x00,0x00,0xe0,0x30,0x00,0x1f,0xff,0xff,0x80,0x1f,0xff,0xff,0x80,
    0x18,0x06,0x01,0x80,0x18,0x06,0x01,0x80,0x18,0x06,0x01,0x80,0x1f,0xff,0xff,0x80,
    0x1f,0xff,0xff,0x80,0x18,0x06,0x01,0x80,0x18,0x06,0x01,0x80,0x18,0x06,0x01,0x80,
    0x18,0x06,0x01,0x80,0x1f,0xff,0xff,0x80,0x1f,0xff,0xff,0x80,0x00,0x06,0x00,0x00,
    0x00,0x06,0x00,0x00,0x00,0x06,0x00,0x00,0xff,0xff,0xff,0xf0,0xff,0xff,0xff,0xf0,
    0x00,0x06,0x00,0x00,0x00,0x06,0x00,0x00,0x00,0x06,0x00,0x00,0x00,0x06,0x00,0x00,
    0x00,0x06,0x00,0x00,0x00,0x06,0x00,0x00,

    /* U+5361 */
    0x00,0x0c,0x00,0x00,0x00,0x0c,0x00,0x00,0x00,0x0c,0x00,0x00,0x00,0x0c,0x00,0x00,
    0x00,0x0e,0x00,0x00,0x00,0x0f,0xff,0x80,0x00,0x0f,0xff,0x80,0x00,0x0c,0x00,0x00,
    0x00,0x0c,0x00,0x00,0x00,0x0c,0x00,0x00,0x00,0x0c,0x00,0x00,0x00,0x0c,0x00,0x00,
    0xff,0xff,0xff,0xf0,0xff,0xff,0xff,0xf0,0x00,0x0e,0x00,0x00,0x00,0x0e,0x00,0x00,
    0x00,0x0e,0x00,0x00,0x00,0x0e,0x00,0x00,0x00,0x0e,0xc0,0x00,0x00,0x0f,0xf0,0x00,
    0x00,0x0e,0x7c,0x00,0x00,0x0e,0x1f,0x80,0x00,0x0e,0x07,0xc0,0x00,0x0e,0x01,0xc0,
    0x00,0x0e,0x00,0x00,0x00,0x0e,0x00,0x00,0x00,0x0e,0x00,0x00,0x00,0x0e,0x00,0x00,
    0x00,0x0e,0x00,0x00,0x00,0x0e,0x00,0x00,

    /* U+5373 */
    0x3f,0xfc,0x7f,0xe0,0x3f,0xfc,0x7f,0xe0,0x30,0x1c,0x60,0x60,0x30,0x1c,0x60,0x60,
    0x30,0x1c,0x60,0x60,0x30,0x1c,0x60,0x60,0x3f,0xfc,0x60,0x60,0x3f,0xfc,0x60,0x60,
    0x30,0x1c,0x60,0x60,0x30,0x1c,0x60,0x60,0x30,0x1c,0x60,0x60,0x30,0x1c,0x60,0x60,
    0x30,0x1c,0x60,0x60,0x3f,0xfc,0x60,0x60,0x3f,0xfc,0x60,0x60,0x30,0x00,0x60,0x60,
    0x30,0x00,0x60,0x60,0x30,0x60,0x60,0x60,0x30,0x60,0x60,0x60,0x30,0x70,0x67,0xe0,
    0x30,0x30,0x67,0xc0,0x30,0xf8,0x60,0x00,0x77,0xf8,0x60,0x00,0x7f,0x9c,0x60,0x00,
    0xfe,0x0c,0x60,0x00,0x70,0x0c,0x60,0x00,0x40,0x00,0x60,0x00,0x00,0x00,0x60,0x00,

    /* U+53CD */
    0x00,0x00,0x01,0x00,0x00,0x00,0x3f,0x80,0x00,0x7f,0xff,0x80,0x0f,0xff,0xf8,0x00,
    0x0f,0xf0,0x00,0x00,0x0c,0x00,0x00,0x00,0x0c,0x00,0x00,0x00,0x0c,0x00,0x00,0x00,
    0x0c,0x00,0x00,0x00,0x0c,0x00,0x00,0x00,0x0f,0xff,0xff,0x80,0x0f,0xff,0xff,0x80,
    0x0c,0xe0,0x03,0x80,0x1c,0x60,0x03,0x00,0x1c,0x60,0x07,0x00,0x1c,0x70,0x06,0x00,
    0x1c,0x30,0x0e,0x00,0x1c,0x38,0x0c,0x00,0x1c,0x1c,0x1c,0x00,0x18,0x0e,0x38,0x00,
    0x18,0x0e,0x70,0x00,0x18,0x07,0xf0,0x00,0x38,0x03,0xe0,0x00,0x38,0x03,0xe0,0x00,
    0x30,0x0f,0xf0,0x00,0x70,0x3e,0x7c,0x00,0x70,0xfc,0x1f,0x00,0x63,0xf0,0x0f,0xe0,
    0xe7,0xc0,0x01,0xe0,0x42,0x00,0x00,0x00,

    /* U+53D6 */
    0x7f,0xfe,0x00,0x00,0x7f,0xfe,0x00,0x00,0x18,0x39,0xff,0xf8,0x18,0x39,0xff,0xf0,
    0x18,0x38,0x60,0x30,0x18,0x38,0x60,0x30,0x1f,0xf8,0x60,0x30,0x1f,0xf8,0x70,0x70,
    0x18,0x38,0x30,0x60,0x18,0x38,0x30,0x60,0x18,0x38,0x30,0x60,0x18,0x38,0x38,0xe0,
    0x18,0x38,0x18,0xc0,0x1f,0xf8,0x18,0xc0,0x1f,0xf8,0x1d,0xc0,0x18,0x38,0x1d,0x80,
    0x18,0x38,0x0f,0x80,0x18,0x38,0x0f,0x00,0x18,0x38,0x07,0x00,0x18,0x3e,0x07,0x00,
    0x1f,0xfe,0x0f,0x00,0xff,0xf8,0x1f,0x80,0x7c,0x38,0x19,0xc0,0x00,0x38,0x38,0xe0,
    0x00,0x38,0x70,0xf0,0x00,0x39,0xe0,0x78,0x00,0x39,0xc0,0x18,0x00,0x39,0x80,0x00,

    /* U+53E3 */
    0xff,0xff,0xff,0xff,0xff,0xff,0xe0,0x00,0x07,0xe0,0x00,0x07,0xe0,0x00,0x07,0xe0,
    0x00,0x07,0xe0,0x00,0x07,0xe0,0x00,0x07,0xe0,0x00,0x07,0xe0,0x00,0x07,0xe0,0x00,
    0x07,0xe0,0x00,0x07,0xe0,0x00,0x07,0xe0,0x00,0x07,0xe0,0x00,0x07,0xe0,0x00,0x07,
    0xe0,0x00,0x07,0xe0,0x00,0x07,0xe0,0x00,0x07,0xe0,0x00,0x07,0xff,0xff,0xff,0xff,
    0xff,0xff,0xe0,0x00,0x07,0xe0,0x00,0x07,0xe0,0x00,0x07,

    /* U+53F3 */
    0x00,0x18,0x00,0x00,0x00,0x18,0x00,0x00,0x00,0x18,0x00,0x00,0x00,0x38,0x00,0x00,
    0x00,0x38,0x00,0x00,0x00,0x30,0x00,0x00,0xff,0xff,0xff,0xf0,0xff,0xff,0xff,0xf0,
    0x00,0xe0,0x00,0x00,0x00,0xe0,0x00,0x00,0x00,0xc0,0x00,0x00,0x01,0xc0,0x00,0x00,
    0x01,0xc0,0x00,0x00,0x03,0x80,0x00,0x00,0x03,0x80,0x00,0x00,0x07,0xff,0xff,0xc0,
    0x0f,0xff,0xff,0xc0,0x0f,0x80,0x01,0xc0,0x1d,0x80,0x01,0xc0,0x39,0x80,0x01,0xc0,
    0x71,0x80,0x01,0xc0,0xe1,0x80,0x01,0xc0,0xc1,0x80,0x01,0xc0,0x01,0x80,0x01,0xc0,
    0x01,0x80,0x01,0xc0,0x01,0x80,0x01,0xc0,0x01,0xff,0xff,0xc0,0x01,0xff,0xff,0xc0,
    0x01,0x80,0x01,0xc0,0x01,0x80,0x01,0xc0,

    /* U+53F7 */
    0x0f,0xff,0xff,0x00,0x0f,0xff,0xff,0x00,0x0c,0x00,0x07,0x00,0x0c,0x00,0x03,0x00,
    0x0c,0x00,0x03,0x00,0x0c,0x00,0x03,0x00,0x0c,0x00,0x07,0x00,0x0f,0xff,0xff,0x00,
    0x0f,0xff,0xff,0x00,0x00,0x00,0x00,0x00,0x00,0x00,0x00,0x00,0x00,0x00,0x00,0x00,
    0xff,0xff,0xff,0xf0,0xff,0xff,0xff,0xf0,0x03,0x80,0x00,0x00,0x03,0x80,0x00,0x00,
    0x03,0x80,0x00,0x00,0x03,0x00,0x00,0x00,0x07,0xff,0xff,0x00,0x07,0xff,0xff,0x00,
    0x00,0x00,0x07,0x00,0x00,0x00,0x06,0x00,0x00,0x00,0x06,0x00,0x00,0x00,0x06,0x00,
    0x00,0x00,0x0e,0x00,0x00,0x00,0x0e,0x00,0x00,0x00,0x1c,0x00,0x00,0x07,0xfc,0x00,
    0x00,0x07,0xf8,0x00,

    /* U+540E */
    0x00,0x00,0x00,0x80,0x00,0x00,0x1f,0xc0,0x00,0x7f,0xff,0xc0,0x0f,0xff,0xf8,0x00,
    0x0f,0xf0,0x00,0x00,0x0c,0x00,0x00,0x00,0x0c,0x00,0x00,0x00,0x0c,0x00,0x00,0x00,
    0x0c,0x00,0x00,0x00,0x0f,0xff,0xff,0xf8,0x0f,0xff,0xff,0xf8,0x0e,0x00,0x00,0x00,
    0x0c,0x00,0x00,0x00,0x0c,0x00,0x00,0x00,0x0c,0x00,0x00,0x00,0x0c,0x00,0x00,0x00,
    0x0c,0x7f,0xff,0xe0,0x0c,0x7f,0xff,0xe0,0x1c,0x70,0x00,0xe0,0x1c,0x60,0x00,0x60,
    0x1c,0x60,0x00,0x60,0x18,0x60,0x00,0x60,0x18,0x60,0x00,0x60,0x38,0x60,0x00,0x60,
    0x38,0x60,0x00,0x60,0x30,0x60,0x00,0x60,0x70,0x7f,0xff,0xe0,0x70,0x7f,0xff,0xe0,
    0xe0,0x70,0x00,0xe0,0x00,0x60,0x00,0x60,

    /* U+547D */
    0x00,0x06,0x00,0x00,0x00,0x07,0x00,0x00,0x00,0x0f,0x00,0x00,0x00,0x1f,0x80,0x00,
    0x00,0x79,0xc0,0x00,0x00,0xf0,0xf0,0x00,0x01,0xe0,0x78,0x00,0x07,0xc0,0x3e,0x00,
    0x1f,0x00,0x0f,0x80,0xff,0xff,0xf7,0xf0,0xf8,0xff,0xf1,0xf0,0xe0,0x00,0x00,0x70,
    0x00,0x00,0x00,0x00,0x00,0x00,0x00,0x00,0x3f,0xf1,0xff,0xc0,0x3f,0xf1,0xff,0xc0,
    0x30,0x31,0xc0,0xc0,0x30,0x31,0xc0,0xc0,0x30,0x31,0xc0,0xc0,0x30,0x31,0xc0,0xc0,
    0x30,0x31,0xc0,0xc0,0x30,0x31,0xc0,0xc0,0x30,0x31,0xc0,0xc0,0x3f,0xf1,0xdf,0xc0,
    0x3f,0xf1,0xcf,0x80,0x30,0x01,0xc0,0x00,0x30,0x01,0xc0,0x00,0x30,0x01,0xc0,0x00,
    0x00,0x01,0xc0,0x00,0x00,0x01,0xc0,0x00,

    /* U+56DE */
    0xff,0xff,0xff,0xc0,0xff,0xff,0xff,0xc0,0xc0,0x00,0x00,0xc0,0xc0,0x00,0x00,0xc0,
    0xc0,0x00,0x00,0xc0,0xc0,0x00,0x00,0xc0,0xc0,0x00,0x00,0xc0,0xc1,0xff,0xe0,0xc0,
    0xc1,0xff,0xe0,0xc0,0xc1,0x80,0x60,0xc0,0xc1,0x80,0x60,0xc0,0xc1,0x80,0x60,0xc0,
    0xc1,0x80,0x60,0xc0,0xc1,0x80,0x60,0xc0,0xc1,0x80,0x60,0xc0,0xc1,0x80,0x60,0xc0,
    0xc1,0x80,0x60,0xc0,0xc1,0xff,0xe0,0xc0,0xc1,0xff,0xe0,0xc0,0xc0,0x00,0x00,0xc0,
    0xc0,0x00,0x00,0xc0,0xc0,0x00,0x00,0xc0,0xc0,0x00,0x00,0xc0,0xc0,0x00,0x00,0xc0,
    0xff,0xff,0xff,0xc0,0xff,0xff,0xff,0xc0,0xc0,0x00,0x00,0xc0,0xc0,0x00,0x00,0xc0,

    /* U+56FE */
    0xff,0xff,0xff,0xc0,0xff,0xff,0xff,0xc0,0xc0,0x00,0x00,0xc0,0xc0,0x30,0x00,0xc0,
    0xc0,0x70,0x00,0xc0,0xc0,0x60,0x00,0xc0,0xc0,0xff,0xf0,0xc0,0xc1,0xff,0xf0,0xc0,
    0xc3,0xc0,0x60,0xc0,0xcf,0xe0,0xe0,0xc0,0xcc,0x73,0xc0,0xc0,0xc0,0x3f,0x00,0xc0,
    0xc0,0x1f,0x00,0xc0,0xc0,0x7f,0xc0,0xc0,0xc3,0xe1,0xf8,0xc0,0xdf,0x80,0x7e,0xc0,
    0xdc,0x30,0x0c,0xc0,0xc0,0x7e,0x00,0xc0,0xc0,0x0f,0x80,0xc0,0xc0,0x01,0x80,0xc0,
    0xc1,0x80,0x00,0xc0,0xc3,0xfe,0x00,0xc0,0xc0,0x3f,0xc0,0xc0,0xc0,0x03,0xf0,0xc0,
    0xc0,0x00,0x20,0xc0,0xc0,0x00,0x00,0xc0,0xff,0xff,0xff,0xc0,0xff,0xff,0xff,0xc0,
    0xc0,0x00,0x00,0xc0,

    /* U+5728 */
    0x00,0x38,0x00,0x00,0x00,0x38,0x00,0x00,0x00,0x30,0x00,0x00,0x00,0x70,0x00,0x00,
    0x00,0x70,0x00,0x00,0xff,0xff,0xff,0xf0,0xff,0xff,0xff,0xf0,0x01,0xc0,0x00,0x00,
    0x01,0xc0,0x00,0x00,0x01,0x80,0x60,0x00,0x03,0x80,0x60,0x00,0x03,0x00,0x60,0x00,
    0x07,0x00,0x60,0x00,0x0e,0x00,0x60,0x00,0x1e,0x00,0x60,0x00,0x1e,0x00,0x70,0x00,
    0x3e,0x3f,0xff,0xe0,0xfe,0x3f,0xff,0xe0,0xee,0x00,0x60,0x00,0xce,0x00,0x60,0x00,
    0x0e,0x00,0x60,0x00,0x0e,0x00,0x60,0x00,0x0e,0x00,0x60,0x00,0x0e,0x00,0x60,0x00,
    0x0e,0x00,0x60,0x00,0x0e,0x00,0x60,0x00,0x0e,0x00,0x60,0x00,0x0e,0x7f,0xff,0xf0,
    0x0e,0x7f,0xff,0xf0,0x0e,0x00,0x00,0x00,

    /* U+5806 */
    0x06,0x00,0x84,0x00,0x06,0x01,0xcc,0x00,0x06,0x01,0x86,0x00,0x06,0x03,0x86,0x00,
    0x06,0x03,0x07,0x00,0x06,0x03,0x02,0x00,0x06,0x07,0xff,0xf8,0x0e,0x0f,0xff,0xf8,
    0xff,0xee,0x06,0x00,0xff,0xfe,0x06,0x00,0x06,0x3e,0x06,0x00,0x06,0x36,0x06,0x00,
    0x06,0x37,0xff,0xf0,0x06,0x07,0xff,0xf0,0x06,0x07,0x06,0x00,0x06,0x06,0x06,0x00,
    0x06,0x06,0x06,0x00,0x06,0x06,0x06,0x00,0x06,0x26,0x06,0x00,0x07,0xe7,0xff,0xf0,
    0x0f,0xe7,0xff,0xf0,0x1f,0x86,0x06,0x00,0x7e,0x06,0x06,0x00,0x70,0x06,0x06,0x00,
    0x40,0x06,0x06,0x00,0x00,0x07,0x06,0x00,0x00,0x07,0xff,0xf8,0x00,0x07,0xff,0xf8,
    0x00,0x06,0x00,0x00,0x00,0x06,0x00,0x00,

    /* U+5927 */
    0x00,0x06,0x00,0x00,0x00,0x06,0x00,0x00,0x00,0x06,0x00,0x00,0x00,0x06,0x00,0x00,
    0x00,0x06,0x00,0x00,0x00,0x06,0x00,0x00,0x00,0x06,0x00,0x00,0x00,0x0e,0x00,0x00,
    0x00,0x0e,0x00,0x00,0x00,0x0e,0x00,0x00,0xff,0xff,0xff,0xf0,0xff,0xff,0xff,0xf0,
    0x00,0x0f,0x00,0x00,0x00,0x1f,0x80,0x00,0x00,0x1f,0x80,0x00,0x00,0x19,0x80,0x00,
    0x00,0x19,0xc0,0x00,0x00,0x38,0xc0,0x00,0x00,0x30,0xe0,0x00,0x00,0x70,0xe0,0x00,
    0x00,0xe0,0x70,0x00,0x00,0xe0,0x38,0x00,0x01,0xc0,0x3c,0x00,0x03,0x80,0x1e,0x00,
    0x07,0x80,0x0f,0x00,0x0f,0x00,0x07,0x80,0x3e,0x00,0x03,0xc0,0xf8,0x00,0x01,0xf0,
    0xf0,0x00,0x00,0xf0,0x40,0x00,0x00,0x20,

    /* U+5931 */
    0x00,0x06,0x00,0x00,0x07,0x06,0x00,0x00,0x07,0x06,0x00,0x00,0x06,0x06,0x00,0x00,
    0x0e,0x06,0x00,0x00,0x0e,0x0e,0x00,0x00,0x1f,0xff,0xff,0x80,0x1f,0xff,0xff,0x80,
    0x38,0x06,0x00,0x00,0x38,0x06,0x00,0x00,0x70,0x06,0x00,0x00,0xf0,0x06,0x00,0x00,
    0x60,0x0e,0x00,0x00,0x00,0x0e,0x00,0x00,0x00,0x0e,0x00,0x00,0xff,0xff,0xff,0xf0,
    0xff,0xff,0xff,0xf0,0x00,0x0f,0x00,0x00,0x00,0x1f,0x80,0x00,0x00,0x19,0x80,0x00,
    0x00,0x39,0xc0,0x00,0x00,0x78,0xe0,0x00,0x00,0x70,0xf0,0x00,0x01,0xe0,0x70,0x00,
    0x03,0xc0,0x3c,0x00,0x07,0x80,0x1e,0x00,0x1f,0x00,0x0f,0x80,0x7c,0x00,0x03,0xf0,
    0xf8,0x00,0x01,0xf0,0x40,0x00,0x00,0x30,

    /* U+5B57 */
    0x00,0x0c,0x00,0x00,0x00,0x0e,0x00,0x00,0x00,0x06,0x00,0x00,0x00,0x07,0x00,0x00,
    0x7f,0xff,0xff,0xe0,0x7f,0xff,0xff,0xe0,0x60,0x00,0x00,0x60,0x60,0x00,0x00,0x60,
    0x60,0x00,0x00,0x60,0x60,0x00,0x00,0x60,0x03,0xff,0xfc,0x00,0x03,0xff,0xfc,0x00,
    0x00,0x00,0x30,0x00,0x00,0x00,0xe0,0x00,0x00,0x01,0xc0,0x00,0x00,0x07,0x80,0x00,
    0x00,0x06,0x00,0x00,0x00,0x06,0x00,0x00,0xff,0xff,0xff,0xf0,0xff,0xff,0xff,0xf0,
    0x00,0x06,0x00,0x00,0x00,0x06,0x00,0x00,0x00,0x06,0x00,0x00,0x00,0x06,0x00,0x00,
    0x00,0x06,0x00,0x00,0x00,0x06,0x00,0x00,0x00,0x06,0x00,0x00,0x00,0x0e,0x00,0x00,
    0x00,0xfe,0x00,0x00,0x00,0xfc,0x00,0x00,

    /* U+5B58 */
    0x00,0x18,0x00,0x00,0x00,0x18,0x00,0x00,0x00,0x38,0x00,0x00,0x00,0x38,0x00,0x00,
    0x7f,0xff,0xff,0xf8,0x7f,0xff,0xff,0xf8,0x00,0x70,0x00,0x00,0x00,0xe0,0x00,0x00,
    0x00,0xe0,0x00,0x00,0x01,0xc0,0x00,0x00,0x01,0xcf,0xff,0xe0,0x03,0x8f,0xff,0xe0,
    0x07,0x00,0x01,0xc0,0x07,0x00,0x03,0x80,0x0e,0x00,0x07,0x00,0x1e,0x00,0x1e,0x00,
    0x3e,0x00,0x18,0x00,0x7e,0x00,0x18,0x00,0xf6,0x00,0x38,0x00,0x46,0x3f,0xff,0xfc,
    0x06,0x3f,0xff,0xfc,0x06,0x00,0x18,0x00,0x06,0x00,0x18,0x00,0x06,0x00,0x18,0x00,
    0x06,0x00,0x18,0x00,0x06,0x00,0x18,0x00,0x06,0x00,0x18,0x00,0x06,0x00,0x38,0x00,
    0x06,0x03,0xf8,0x00,0x06,0x03,0xf0,0x00,

    /* U+5B8C */
    0x00,0x0c,0x00,0x00,0x00,0x0e,0x00,0x00,0x00,0x06,0x00,0x00,0x00,0x07,0x00,0x00,
    0x7f,0xff,0xff,0xe0,0x7f,0xff,0xff,0xe0,0x60,0x00,0x00,0x60,0x60,0x00,0x00,0x60,
    0x60,0x00,0x00,0x60,0x60,0x00,0x00,0x60,0x67,0xff,0xfe,0x60,0x07,0xff,0xfe,0x00,
    0x00,0x00,0x00,0x00,0x00,0x00,0x00,0x00,0x00,0x00,0x00,0x00,0x00,0x00,0x00,0x00,
    0xff,0xff,0xff,0xf0,0xff,0xff,0xff,0xf0,0x00,0xe0,0xe0,0x00,0x00,0xe0,0xe0,0x00,
    0x00,0xe0,0xe0,0x00,0x00,0xc0,0xe0,0x00,0x00,0xc0,0xe0,0x00,0x01,0xc0,0xe0,0x30,
    0x03,0x80,0xe0,0x30,0x07,0x80,0xe0,0x30,0x0f,0x00,0x60,0x30,0x7e,0x00,0x7f,0xf0,
    0xf8,0x00,0x7f,0xe0,0x40,0x00,0x00,0x00,

    /* U+5B9A */
    0x00,0x0c,0x00,0x00,0x00,0x0e,0x00,0x00,0x00,0x06,0x00,0x00,0x00,0x07,0x00,0x00,
    0x7f,0xff,0xff,0xe0,0x7f,0xff,0xff,0xe0,0x60,0x00,0x00,0x60,0x60,0x00,0x00,0x60,
    0x60,0x00,0x00,0x60,0x60,0x00,0x00,0x60,0x67,0xff,0xfe,0x60,0x07,0xff,0xfe,0x00,
    0x00,0x06,0x00,0x00,0x00,0x06,0x00,0x00,0x00,0x06,0x00,0x00,0x06,0x06,0x00,0x00,
    0x06,0x06,0x00,0x00,0x06,0x06,0x00,0x00,0x06,0x07,0xff,0x80,0x0e,0x07,0xff,0x80,
    0x0e,0x06,0x00,0x00,0x0f,0x06,0x00,0x00,0x1f,0x06,0x00,0x00,0x1f,0x86,0x00,0x00,
    0x39,0xc6,0x00,0x00,0x38,0xf6,0x00,0x00,0x70,0x7e,0x00,0x00,0xe0,0x1f,0xff,0xf0,
    0xe0,0x07,0xff,0xf0,0x40,0x00,0x00,0x00,

    /* U+5B9C */
    0x00,0x0e,0x00,0x00,0x00,0x0e,0x00,0x00,0x00,0x06,0x00,0x00,0x00,0x07,0x00,0x00,
    0x7f,0xff,0xff,0xe0,0x7f,0xff,0xff,0xe0,0x60,0x00,0x00,0x60,0x60,0x00,0x00,0x60,
    0x60,0x00,0x00,0x60,0x60,0x00,0x00,0x60,0x63,0xff,0xfc,0x60,0x03,0xff,0xfc,0x00,
    0x03,0x00,0x0c,0x00,0x03,0x00,0x0c,0x00,0x03,0x00,0x0c,0x00,0x03,0xff,0xfc,0x00,
    0x03,0xff,0xfc,0x00,0x03,0x00,0x1c,0x00,0x03,0x00,0x0c,0x00,0x03,0x00,0x0c,0x00,
    0x03,0x00,0x1c,0x00,0x03,0xff,0xfc,0x00,0x03,0xff,0xfc,0x00,0x03,0x00,0x0c,0x00,
    0x03,0x00,0x0c,0x00,0x03,0x00,0x0c,0x00,0x03,0x00,0x0c,0x00,0xff,0xff,0xff,0xf0,
    0xff,0xff,0xff,0xf0,

    /* U+5C0F */
    0x00,0x03,0x00,0x00,0x00,0x03,0x00,0x00,0x00,0x03,0x00,0x00,0x00,0x03,0x00,0x00,
    0x00,0x03,0x00,0x00,0x00,0x03,0x00,0x00,0x00,0x03,0x00,0x00,0x00,0x03,0x00,0x00,
    0x07,0x03,0x03,0x00,0x07,0x03,0x03,0x80,0x07,0x03,0x03,0x80,0x06,0x03,0x01,0xc0,
    0x0e,0x03,0x01,0xc0,0x0e,0x03,0x00,0xe0,0x0e,0x03,0x00,0xe0,0x1c,0x03,0x00,0x70,
    0x1c,0x03,0x00,0x70,0x18,0x03,0x00,0x30,0x38,0x03,0x00,0x38,0x38,0x03,0x00,0x38,
    0x70,0x03,0x00,0x1c,0xe0,0x03,0x00,0x1c,0x20,0x03,0x00,0x1c,0x00,0x03,0x00,0x00,
    0x00,0x03,0x00,0x00,0x00,0x03,0x00,0x00,0x00,0x03,0x00,0x00,0x00,0x07,0x00,0x00,
    0x00,0xff,0x00,0x00,0x00,0x7e,0x00,0x00,

    /* U+5C4F */
    0x1f,0xff,0xff,0xe0,0x1f,0xff,0xff,0xe0,0x1c,0x00,0x00,0x60,0x1c,0x00,0x00,0x60,
    0x1c,0x00,0x00,0x60,0x1f,0xff,0xff,0xe0,0x1f,0xff,0xff,0xe0,0x1c,0x00,0x00,0x00,
    0x1c,0x38,0x03,0x80,0x1c,0x1c,0x03,0x00,0x1c,0x1c,0x07,0x00,0x1c,0x08,0x06,0x00,
    0x1d,0xff,0xff,0xf0,0x1d,0xff,0xff,0xf0,0x1c,0x0c,0x06,0x00,0x1c,0x0c,0x06,0x00,
    0x18,0x0c,0x06,0x00,0x18,0x0c,0x06,0x00,0x1b,0xff,0xff,0xf8,0x1b,0xff,0xff,0xf8,
    0x38,0x0c,0x06,0x00,0x38,0x1c,0x06,0x00,0x30,0x18,0x06,0x00,0x30,0x38,0x06,0x00,
    0x70,0x70,0x06,0x00,0x61,0xe0,0x06,0x00,0xe3,0xc0,0x06,0x00,0x41,0x80,0x06,0x00,

    /* U+5DE6 */
    0x00,0x18,0x00,0x00,0x00,0x18,0x00,0x00,0x00,0x38,0x00,0x00,0x00,0x38,0x00,0x00,
    0x00,0x38,0x00,0x00,0x00,0x30,0x00,0x00,0x7f,0xff,0xff,0xf8,0x7f,0xff,0xff,0xf8,
    0x00,0x70,0x00,0x00,0x00,0x60,0x00,0x00,0x00,0x60,0x00,0x00,0x00,0xe0,0x00,0x00,
    0x00,0xc0,0x00,0x00,0x00,0xc0,0x00,0x00,0x01,0xc0,0x00,0x00,0x01,0xff,0xff,0xf0,
    0x03,0xbf,0xff,0xf0,0x03,0x80,0x60,0x00,0x03,0x00,0x60,0x00,0x07,0x00,0x60,0x00,
    0x0e,0x00,0x60,0x00,0x0e,0x00,0x60,0x00,0x1c,0x00,0x60,0x00,0x38,0x00,0x60,0x00,
    0x78,0x00,0x60,0x00,0x70,0x00,0x60,0x00,0xe0,0x00,0x60,0x00,0x41,0xff,0xff,0xf8,
    0x01,0xff,0xff,0xf8,

    /* U+5DF2 */
    0xff,0xff,0xfe,0x00,0xff,0xff,0xfe,0x00,0x00,0x00,0x06,0x00,0x00,0x00,0x06,0x00,
    0x00,0x00,0x06,0x00,0x00,0x00,0x06,0x00,0x30,0x00,0x06,0x00,0x30,0x00,0x06,0x00,
    0x30,0x00,0x06,0x00,0x30,0x00,0x06,0x00,0x30,0x00,0x06,0x00,0x3f,0xff,0xfe,0x00,
    0x3f,0xff,0xfe,0x00,0x30,0x00,0x06,0x00,0x30,0x00,0x06,0x00,0x30,0x00,0x00,0x00,
    0x30,0x00,0x00,0x00,0x30,0x00,0x00,0x00,0x30,0x00,0x00,0x00,0x30,0x00,0x00,0x60,
    0x30,0x00,0x00,0x60,0x30,0x00,0x00,0x60,0x30,0x00,0x00,0xe0,0x30,0x00,0x00,0xe0,
    0x3c,0x00,0x03,0xc0,0x1f,0xff,0xff,0x80,0x0f,0xff,0xff,0x00,

    /* U+5E27 */
    0x0c,0x00,0x30,0x00,0x0c,0x00,0x30,0x00,0x0c,0x00,0x30,0x00,0x0c,0x00,0x3f,0xe0,
    0x0c,0x00,0x3f,0xe0,0x0c,0x00,0x30,0x00,0xff,0xc0,0x30,0x00,0xff,0xc0,0x30,0x00,
    0x8c,0xc7,0xff,0xc0,0x8c,0xc7,0xff,0xc0,0x8c,0xc6,0x01,0xc0,0x8c,0xc6,0x01,0xc0,
    0x8c,0xc6,0x31,0xc0,0x8c,0xc6,0x31,0xc0,0x8c,0xc6,0x31,0xc0,0x8c,0xc6,0x31,0xc0,
    0x8c,0xc6,0x31,0xc0,0x8c,0xc6,0x31,0xc0,0x8c,0xc6,0x31,0xc0,0x8c,0xc6,0x31,0xc0,
    0x8c,0xc6,0x31,0xc0,0x8d,0xc6,0x31,0xc0,0x8d,0xc6,0x71,0xc0,0x0c,0x00,0x60,0x00,
    0x0c,0x00,0xec,0x00,0x0c,0x01,0xce,0x00,0x0c,0x07,0x87,0x80,0x0c,0x1f,0x01,0xc0,
    0x0c,0x3c,0x00,0xe0,0x0c,0x10,0x00,0x60,

    /* U+5E2E */
    0x01,0x80,0x00,0x00,0x01,0x80,0x7f,0xe0,0x01,0x80,0x7f,0xe0,0xff,0xfe,0x60,0xe0,
    0xff,0xfe,0x60,0xc0,0x01,0x80,0x61,0x80,0x01,0x80,0x63,0x80,0x7f,0xfc,0x63,0x00,
    0x7f,0xfc,0x63,0x80,0x01,0x80,0x60,0xc0,0x01,0x80,0x60,0x60,0xff,0xfe,0x60,0x70,
    0xff,0xfe,0x60,0x70,0x07,0x00,0x60,0xe0,0x0e,0x00,0x6f,0xe0,0x1e,0x00,0x6f,0xc0,
    0x7c,0x06,0x60,0x00,0x70,0x06,0x00,0x00,0x20,0x06,0x00,0x00,0x1f,0xff,0xff,0xc0,
    0x1f,0xff,0xff,0xc0,0x18,0x06,0x01,0xc0,0x18,0x06,0x01,0xc0,0x18,0x06,0x01,0xc0,
    0x18,0x06,0x01,0xc0,0x18,0x06,0x01,0xc0,0x18,0x06,0x3f,0x80,0x18,0x06,0x1f,0x80,
    0x00,0x06,0x00,0x00,0x00,0x06,0x00,0x00,

    /* U+5EA6 */
    0x00,0x03,0x80,0x00,0x00,0x01,0x80,0x00,0x00,0x01,0xc0,0x00,0x1f,0xff,0xff,0xf8,
    0x1f,0xff,0xff,0xf8,0x1c,0x00,0x00,0x00,0x18,0x1c,0x07,0x00,0x18,0x1c,0x07,0x00,
    0x18,0x1c,0x07,0x00,0x1b,0xff,0xff,0xf8,0x1b,0xff,0xff,0xf8,0x18,0x1c,0x07,0x00,
    0x18,0x1c,0x07,0x00,0x18,0x1c,0x07,0x00,0x18,0x1c,0x07,0x00,0x18,0x1f,0xff,0x00,
    0x18,0x1f,0xff,0x00,0x18,0x00,0x00,0x00,0x18,0x00,0x00,0x00,0x19,0xff,0xff,0xc0,
    0x19,0xff,0xff,0xc0,0x38,0x38,0x01,0x80,0x38,0x1c,0x07,0x80,0x30,0x0e,0x0f,0x00,
    0x30,0x07,0xbc,0x00,0x30,0x03,0xf8,0x00,0x70,0x07,0xfc,0x00,0x60,0xff,0xbf,0xc0,
    0xe7,0xf8,0x07,0xf8,0x63,0x80,0x00,0x78,

    /* U+5F00 */
    0x7f,0xff,0xff,0xe0,0x7f,0xff,0xff,0xe0,0x01,0xc0,0x38,0x00,0x01,0xc0,0x18,0x00,
    0x01,0xc0,0x18,0x00,0x01,0xc0,0x18,0x00,0x01,0xc0,0x18,0x00,0x01,0xc0,0x18,0x00,
    0x01,0xc0,0x18,0x00,0x01,0xc0,0x18,0x00,0x01,0xc0,0x18,0x00,0x01,0xc0,0x38,0x00,
    0xff,0xff,0xff,0xf0,0xff,0xff,0xff,0xf0,0x01,0xc0,0x18,0x00,0x01,0x80,0x18,0x00,
    0x01,0x80,0x18,0x00,0x01,0x80,0x18,0x00,0x03,0x80,0x18,0x00,0x03,0x80,0x18,0x00,
    0x07,0x00,0x18,0x00,0x07,0x00,0x18,0x00,0x0e,0x00,0x18,0x00,0x1e,0x00,0x18,0x00,
    0x3c,0x00,0x18,0x00,0x78,0x00,0x18,0x00,0xf0,0x00,0x18,0x00,0x60,0x00,0x18,0x00,

    /* U+5F0F */
    0x00,0x00,0xe2,0x00,0x00,0x00,0xe7,0x00,0x00,0x00,0xe3,0x80,0x00,0x00,0xe1,0xc0,
    0x00,0x00,0xe0,0xc0,0x00,0x00,0xe0,0x00,0xff,0xff,0xff,0xf0,0xff,0xff,0xff,0xf0,
    0x00,0x00,0xe0,0x00,0x00,0x00,0xe0,0x00,0x00,0x00,0x60,0x00,0x00,0x00,0x60,0x00,
    0x00,0x00,0x60,0x00,0x00,0x00,0x60,0x00,0x7f,0xfe,0x60,0x00,0x7f,0xfe,0x70,0x00,
    0x01,0x80,0x70,0x00,0x01,0x80,0x70,0x00,0x01,0x80,0x30,0x00,0x01,0x80,0x30,0x00,
    0x01,0x80,0x38,0x00,0x01,0x80,0x38,0x00,0x01,0x80,0x18,0x10,0x01,0x80,0x1c,0x18,
    0x01,0x9f,0x1c,0x38,0x03,0xff,0x0e,0x38,0x7f,0xf0,0x0e,0x30,0xfe,0x00,0x07,0xf0,
    0x60,0x00,0x03,0xf0,0x00,0x00,0x01,0xe0,

    /* U+5F20 */
    0x00,0x06,0x00,0x00,0xff,0x86,0x00,0x80,0xff,0x86,0x01,0xc0,0x03,0x86,0x01,0x80,
    0x03,0x86,0x03,0x80,0x03,0x86,0x07,0x00,0x03,0x86,0x0e,0x00,0x03,0x86,0x1e,0x00,
    0x03,0x86,0x3c,0x00,0x7f,0x86,0x78,0x00,0x7f,0x86,0x60,0x00,0x60,0x06,0x00,0x00,
    0x60,0x0e,0x00,0x00,0xe0,0x7f,0xff,0xf0,0xe0,0x7f,0xff,0xf0,0xc0,0x06,0x30,0x00,
    0xff,0x86,0x38,0x00,0xff,0x86,0x18,0x00,0x03,0x86,0x18,0x00,0x03,0x86,0x1c,0x00,
    0x03,0x06,0x0c,0x00,0x03,0x06,0x0e,0x00,0x03,0x06,0x06,0x00,0x03,0x06,0x07,0x00,
    0x03,0x06,0x03,0x80,0x03,0x06,0x73,0x80,0x07,0x07,0xf1,0xc0,0x07,0x0f,0xc0,0xf0,
    0xfe,0x1f,0x00,0x60,0x7c,0x0c,0x00,0x00,

    /* U+5F53 */
    0x00,0x18,0x00,0x00,0x18,0x06,0xe0,0x18,0x07,0x60,0x18,0x06,0x70,0x18,0x0e,0x38,
    0x18,0x0c,0x18,0x18,0x1c,0x1c,0x18,0x18,0x1c,0x18,0x38,0x08,0x18,0x30,0x00,0x18,
    0x00,0x00,0x38,0x00,0xff,0xff,0xff,0xff,0xff,0xff,0x00,0x00,0x07,0x00,0x00,0x07,
    0x00,0x00,0x07,0x00,0x00,0x07,0x00,0x00,0x07,0x7f,0xff,0xff,0x7f,0xff,0xff,0x00,
    0x00,0x07,0x00,0x00,0x07,0x00,0x00,0x07,0x00,0x00,0x07,0x00,0x00,0x07,0xff,0xff,
    0xff,0xff,0xff,0xff,0x00,0x00,0x07,0x00,0x00,0x07,

    /* U+5F85 */
    0x01,0x80,0x38,0x00,0x03,0x80,0x38,0x00,0x07,0x00,0x38,0x00,0x0e,0x00,0x38,0x00,
    0x1c,0x1f,0xff,0xf0,0x38,0x1f,0xff,0xf0,0x70,0x00,0x38,0x00,0x60,0x80,0x38,0x00,
    0x01,0xc0,0x38,0x00,0x03,0x80,0x38,0x00,0x03,0x00,0x38,0x00,0x07,0x3f,0xff,0xfc,
    0x0e,0x3f,0xff,0xfc,0x1e,0x00,0x01,0x80,0x3e,0x00,0x01,0x80,0x7e,0x00,0x01,0x80,
    0xf6,0x00,0x01,0x80,0x66,0x3f,0xff,0xf8,0x46,0x3f,0xff,0xf8,0x06,0x00,0x01,0x80,
    0x06,0x06,0x01,0x80,0x06,0x06,0x01,0x80,0x06,0x07,0x01,0x80,0x06,0x03,0x81,0x80,
    0x06,0x01,0xc1,0x80,0x06,0x01,0xc1,0x80,0x06,0x00,0x01,0x80,0x06,0x00,0x01,0x80,
    0x06,0x00,0x3f,0x80,0x06,0x00,0x1f,0x00,

    /* U+6001 */
    0x00,0x06,0x00,0x00,0x00,0x06,0x00,0x00,0x00,0x06,0x00,0x00,0x00,0x0e,0x00,0x00,
    0x00,0x0e,0x00,0x00,0xff,0xff,0xff,0xf0,0xff,0xff,0xff,0xf0,0x00,0x1f,0x80,0x00,
    0x00,0x19,0x80,0x00,0x00,0x39,0xc0,0x00,0x00,0x38,0xe0,0x00,0x00,0x70,0x70,0x00,
    0x00,0xe0,0x38,0x00,0x01,0xd8,0x3c,0x00,0x07,0x9e,0x1f,0x00,0x1f,0x0f,0x07,0xc0,
    0xfc,0x03,0x83,0xf0,0xf0,0x01,0x00,0xf0,0x00,0x0c,0x00,0x00,0x00,0x0e,0x01,0x00,
    0x19,0x87,0x03,0x80,0x39,0x83,0x81,0x80,0x31,0x81,0xc1,0xc0,0x31,0x80,0xc0,0xc0,
    0x71,0x80,0x06,0xe0,0x61,0x80,0x0e,0x60,0xe1,0x80,0x0e,0x70,0xe1,0xff,0xfc,0x70,
    0x00,0xff,0xf8,0x00,

    /* U+606F */
    0x00,0x06,0x00,0x00,0x00,0x0e,0x00,0x00,0x00,0x0c,0x00,0x00,0x0f,0xff,0xff,0x00,
    0x0f,0xff,0xff,0x00,0x0e,0x00,0x07,0x00,0x0e,0x00,0x07,0x00,0x0e,0x00,0x07,0x00,
    0x0f,0xff,0xff,0x00,0x0f,0xff,0xff,0x00,0x0e,0x00,0x07,0x00,0x0e,0x00,0x07,0x00,
    0x0f,0xff,0xff,0x00,0x0f,0xff,0xff,0x00,0x0e,0x00,0x07,0x00,0x0e,0x00,0x07,0x00,
    0x0e,0x00,0x07,0x00,0x0f,0xff,0xff,0x00,0x0f,0xff,0xff,0x00,0x00,0x0c,0x00,0x00,
    0x00,0x0e,0x00,0x80,0x13,0x87,0x01,0x80,0x3b,0x83,0x81,0xc0,0x33,0x81,0x80,0xe0,
    0x73,0x80,0x0e,0xe0,0x63,0x80,0x0c,0x70,0xe1,0x80,0x0c,0x70,0xc1,0xff,0xfc,0x00,
    0x01,0xff,0xf8,0x00,

    /* U+6210 */
    0x00,0x00,0xe0,0x00,0x00,0x00,0xe7,0x00,0x00,0x00,0xe3,0xc0,0x00,0x00,0xe1,0xe0,
    0x00,0x00,0x60,0x60,0x00,0x00,0xe0,0x60,0x1f,0xff,0xff,0xf8,0x1f,0xff,0xff,0xf8,
    0x1c,0x00,0x60,0x00,0x1c,0x00,0x60,0x00,0x1c,0x00,0x60,0x00,0x1c,0x00,0x70,0x60,
    0x1f,0xfc,0x70,0xe0,0x1f,0xfc,0x70,0xc0,0x1c,0x1c,0x71,0xc0,0x1c,0x1c,0x31,0xc0,
    0x1c,0x1c,0x33,0x80,0x1c,0x1c,0x3b,0x80,0x18,0x1c,0x3f,0x00,0x18,0x1c,0x3e,0x00,
    0x18,0x1c,0x1e,0x00,0x18,0x18,0x1c,0x00,0x18,0x18,0x3c,0x18,0x39,0xf8,0x7c,0x18,
    0x39,0xf0,0xfe,0x18,0x30,0x01,0xe6,0x18,0x70,0x03,0xc7,0x18,0x70,0x07,0x83,0xf8,
    0xe0,0x0f,0x01,0xf0,0x60,0x04,0x00,0xf0,

    /* U+6253 */
    0x0e,0x00,0x00,0x00,0x0e,0x00,0x00,0x00,0x0e,0x00,0x00,0x00,0x0e,0x1f,0xff,0xf8,
    0x0e,0x1f,0xff,0xf8,0x0e,0x00,0x0e,0x00,0x0e,0x00,0x0e,0x00,0xff,0xe0,0x0e,0x00,
    0xff,0xe0,0x0e,0x00,0x0e,0x00,0x0e,0x00,0x0e,0x00,0x0e,0x00,0x0e,0x00,0x0e,0x00,
    0x0e,0x00,0x0e,0x00,0x0e,0x00,0x0e,0x00,0x0e,0x20,0x0e,0x00,0x0f,0xe0,0x0e,0x00,
    0x1f,0xe0,0x0e,0x00,0xff,0x00,0x0e,0x00,0xfe,0x00,0x0e,0x00,0x8e,0x00,0x0e,0x00,
    0x0e,0x00,0x0e,0x00,0x0e,0x00,0x0e,0x00,0x0e,0x00,0x0e,0x00,0x0e,0x00,0x0e,0x00,
    0x0e,0x00,0x0e,0x00,0x0e,0x00,0x0e,0x00,0x0e,0x00,0x0e,0x00,0x0e,0x01,0x1e,0x00,
    0x7e,0x01,0xfe,0x00,0x7c,0x01,0xf8,0x00,

    /* U+627E */
    0x06,0x00,0xc0,0x00,0x06,0x00,0xc6,0x00,0x06,0x00,0xe7,0x00,0x06,0x00,0xe3,0x80,
    0x06,0x00,0xe1,0xc0,0x06,0x00,0xe0,0xe0,0x07,0x00,0xe0,0xc0,0x7f,0xe0,0x60,0x00,
    0x7f,0xe0,0x6f,0xf8,0x06,0x0f,0xff,0xf8,0x06,0x0f,0xfe,0x00,0x06,0x0c,0x60,0x00,
    0x06,0x00,0x60,0x00,0x06,0x00,0x70,0x60,0x06,0x00,0x70,0xe0,0x07,0xf0,0x30,0xc0,
    0x0f,0xe0,0x31,0xc0,0x7f,0x80,0x33,0x80,0xfe,0x00,0x3b,0x00,0x46,0x00,0x3f,0x00,
    0x06,0x00,0x1e,0x00,0x06,0x00,0x1c,0x00,0x06,0x00,0x3c,0x08,0x06,0x00,0x7c,0x0c,
    0x06,0x00,0xee,0x0c,0x06,0x03,0xc7,0x1c,0x06,0x0f,0x87,0x98,0x06,0x1e,0x03,0xf8,
    0x7e,0x0c,0x01,0xf0,0x3c,0x00,0x00,0x60,

    /* U+62CD */
    0x06,0x00,0x1c,0x00,0x06,0x00,0x1c,0x00,0x06,0x00,0x18,0x00,0x06,0x00,0x38,0x00,
    0x06,0x00,0x38,0x00,0x06,0x00,0x38,0x00,0x06,0x07,0xff,0xf0,0x7f,0xe7,0xff,0xf0,
    0x7f,0xe6,0x00,0x30,0x06,0x06,0x00,0x30,0x06,0x06,0x00,0x30,0x06,0x06,0x00,0x30,
    0x06,0x06,0x00,0x30,0x06,0x06,0x00,0x30,0x06,0x26,0x00,0x30,0x07,0xe6,0x00,0x70,
    0x1f,0xe7,0xff,0xf0,0xff,0x07,0xff,0xf0,0x7e,0x06,0x00,0x30,0x06,0x06,0x00,0x30,
    0x06,0x06,0x00,0x30,0x06,0x06,0x00,0x30,0x06,0x06,0x00,0x30,0x06,0x06,0x00,0x30,
    0x06,0x06,0x00,0x30,0x06,0x06,0x00,0x30,0x06,0x07,0xff,0xf0,0x06,0x07,0xff,0xf0,
    0x7e,0x06,0x00,0x70,0x3c,0x06,0x00,0x30,

    /* U+62E9 */
    0x06,0x00,0x00,0x00,0x06,0x00,0x00,0x00,0x06,0x0f,0xff,0xf0,0x06,0x0f,0xff,0xe0,
    0x06,0x03,0x00,0xe0,0x06,0x01,0x81,0xc0,0x06,0x01,0xc1,0x80,0x7f,0xe0,0xe3,0x00,
    0x7f,0xe0,0x7e,0x00,0x06,0x00,0x3c,0x00,0x06,0x00,0x7e,0x00,0x06,0x01,0xf7,0x80,
    0x06,0x0f,0xc3,0xf0,0x06,0x1f,0x00,0xfc,0x06,0x58,0x18,0x18,0x07,0xe0,0x18,0x00,
    0x1f,0xc0,0x18,0x00,0xfe,0x0f,0xff,0xe0,0x7e,0x0f,0xff,0xe0,0x06,0x00,0x18,0x00,
    0x06,0x00,0x18,0x00,0x06,0x00,0x18,0x00,0x06,0x00,0x18,0x00,0x06,0x1f,0xff,0xfc,
    0x06,0x1f,0xff,0xfc,0x06,0x00,0x18,0x00,0x06,0x00,0x18,0x00,0x06,0x00,0x18,0x00,
    0x7e,0x00,0x18,0x00,0x3c,0x00,0x18,0x00,

    /* U+6302 */
    0x0c,0x00,0x30,0x00,0x0c,0x00,0x30,0x00,0x0c,0x00,0x30,0x00,0x0c,0x00,0x30,0x00,
    0x0c,0x00,0x30,0x00,0x0c,0x1f,0xff,0xe0,0x0c,0x1f,0xff,0xe0,0xff,0xc0,0x30,0x00,
    0xff,0xc0,0x30,0x00,0x0c,0x00,0x30,0x00,0x0c,0x00,0x30,0x00,0x0c,0x00,0x30,0x00,
    0x0c,0x3f,0xff,0xf0,0x0c,0x3f,0xff,0xf0,0x0c,0x00,0x00,0x00,0x0f,0xc0,0x30,0x00,
    0x1f,0xc0,0x30,0x00,0xfe,0x00,0x30,0x00,0xfc,0x00,0x30,0x00,0x0c,0x1f,0xff,0xe0,
    0x0c,0x1f,0xff,0xe0,0x0c,0x00,0x30,0x00,0x0c,0x00,0x30,0x00,0x0c,0x00,0x30,0x00,
    0x0c,0x00,0x30,0x00,0x0c,0x00,0x30,0x00,0x0c,0x00,0x30,0x00,0x0c,0x7f,0xff,0xf8,
    0xfc,0x7f,0xff,0xf8,0xf8,0x00,0x00,0x00,

    /* U+636E */
    0x0e,0x00,0x00,0x00,0x0e,0x0f,0xff,0xf0,0x0e,0x0f,0xff,0xf0,0x0e,0x0c,0x00,0x30,
    0x0e,0x0c,0x00,0x30,0x0e,0x0c,0x00,0x30,0x0e,0x0c,0x00,0x30,0xff,0xcc,0x00,0x30,
    0xff,0xcf,0xff,0xf0,0x0e,0x0f,0xff,0xf0,0x0e,0x0c,0x0c,0x00,0x0e,0x0c,0x0c,0x00,
    0x0e,0x0c,0x0c,0x00,0x0e,0x0c,0x0c,0x00,0x0e,0x0f,0xff,0xfc,0x0e,0xcf,0xff,0xfc,
    0x0f,0xdc,0x0c,0x00,0x7f,0x9c,0x0c,0x00,0xfe,0x1c,0x0c,0x00,0x4e,0x1c,0x0c,0x00,
    0x0e,0x1b,0xff,0xf8,0x0e,0x1b,0xff,0xf8,0x0e,0x1b,0x80,0x38,0x0e,0x3b,0x80,0x38,
    0x0e,0x33,0x80,0x38,0x0e,0x33,0x80,0x38,0x0e,0x73,0x80,0x38,0x0e,0x63,0xff,0xf8,
    0x7c,0xe3,0xff,0xf8,0x7c,0x43,0x80,0x38,

    /* U+63A7 */
    0x0e,0x00,0x30,0x00,0x0e,0x00,0x38,0x00,0x0e,0x00,0x18,0x00,0x0e,0x00,0x1c,0x00,
    0x0e,0x1f,0xff,0xf8,0x0e,0x1f,0xff,0xf8,0x7f,0xd8,0x00,0x18,0x7f,0xd8,0x00,0x18,
    0x0e,0x18,0xc2,0x18,0x0e,0x10,0xc3,0x00,0x0e,0x01,0xc1,0xc0,0x0e,0x03,0x80,0xe0,
    0x0e,0x0f,0x00,0x70,0x0e,0x1e,0x00,0x30,0x0e,0x08,0x00,0x10,0x0f,0xc0,0x00,0x00,
    0x1f,0xcf,0xff,0xe0,0xfe,0x0f,0xff,0xe0,0xfe,0x00,0x18,0x00,0x4e,0x00,0x18,0x00,
    0x0e,0x00,0x18,0x00,0x0e,0x00,0x18,0x00,0x0e,0x00,0x18,0x00,0x0e,0x00,0x18,0x00,
    0x0e,0x00,0x18,0x00,0x0e,0x00,0x18,0x00,0x0e,0x00,0x18,0x00,0x0e,0x3f,0xff,0xfc,
    0x7c,0x3f,0xff,0xfc,0x78,0x00,0x00,0x00,

    /* U+63D2 */
    0x1c,0x00,0x00,0xc0,0x1c,0x00,0x3f,0xc0,0x1c,0x1f,0xff,0x80,0x1c,0x1f,0xf0,0x00,
    0x1c,0x00,0x30,0x00,0x1c,0x00,0x30,0x00,0x1c,0x00,0x30,0x00,0xff,0x80,0x30,0x00,
    0xff,0xbf,0xff,0xf0,0x1c,0x3f,0xff,0xf0,0x1c,0x00,0x30,0x00,0x1c,0x00,0x30,0x00,
    0x1c,0x03,0x30,0x00,0x1c,0x1f,0x37,0xe0,0x1c,0x1e,0x37,0xe0,0x1f,0x98,0x30,0x60,
    0x3f,0x98,0x30,0x60,0xfe,0x18,0x30,0x60,0xfc,0x18,0x30,0x60,0xdc,0x18,0x30,0x60,
    0x1c,0x1f,0xb7,0xe0,0x1c,0x1f,0xb7,0xe0,0x1c,0x18,0x30,0x60,0x1c,0x18,0x30,0x60,
    0x1c,0x18,0x30,0x60,0x1c,0x18,0x30,0x60,0x1c,0x1f,0xff,0xe0,0x18,0x1f,0xff,0xe0,
    0x78,0x18,0x00,0x60,0x70,0x18,0x00,0x60,

    /* U+6570 */
    0x03,0x00,0x30,0x00,0x63,0x0c,0x30,0x00,0x73,0x1c,0x30,0x00,0x33,0x18,0x70,0x00,
    0x3b,0x30,0x60,0x00,0x13,0x00,0x60,0x00,0xff,0xfe,0x7f,0xf0,0xff,0xfe,0x7f,0xf0,
    0x07,0xc0,0xe0,0xc0,0x0f,0xe0,0xe0,0xc0,0x1f,0x38,0xe1,0xc0,0x3b,0x1d,0xe1,0xc0,
    0x73,0x09,0xf1,0x80,0xe3,0x03,0xb1,0x80,0xc0,0x03,0x31,0x80,0x06,0x03,0x3b,0x80,
    0x06,0x00,0x1b,0x00,0xff,0xfc,0x1f,0x00,0xff,0xf8,0x1f,0x00,0x1c,0x18,0x0e,0x00,
    0x18,0x38,0x0e,0x00,0x38,0x30,0x0e,0x00,0x3c,0x60,0x1f,0x00,0x0f,0xe0,0x3b,0x00,
    0x03,0xc0,0x73,0x80,0x07,0xf0,0xe1,0xc0,0x0e,0x31,0xe0,0xe0,0x7c,0x03,0xc0,0x70,
    0xf0,0x07,0x00,0x30,0x00,0x06,0x00,0x00,

    /* U+6587 */
    0x00,0x0c,0x00,0x00,0x00,0x0e,0x00,0x00,0x00,0x07,0x00,0x00,0x00,0x07,0x00,0x00,
    0x00,0x07,0x00,0x00,0x00,0x02,0x00,0x00,0xff,0xff,0xff,0xf0,0xff,0xff,0xff,0xf0,
    0x06,0x00,0x0e,0x00,0x07,0x00,0x0e,0x00,0x03,0x00,0x0c,0x00,0x03,0x80,0x1c,0x00,
    0x01,0x80,0x18,0x00,0x01,0xc0,0x38,0x00,0x00,0xc0,0x30,0x00,0x00,0xe0,0x70,0x00,
    0x00,0x70,0xe0,0x00,0x00,0x39,0xe0,0x00,0x00,0x3d,0xc0,0x00,0x00,0x1f,0x80,0x00,
    0x00,0x0f,0x00,0x00,0x00,0x0f,0x80,0x00,0x00,0x3f,0xc0,0x00,0x00,0x79,0xe0,0x00,
    0x01,0xf0,0xf8,0x00,0x07,0xc0,0x3e,0x00,0x1f,0x80,0x1f,0x80,0xfe,0x00,0x07,0xf0,
    0xf8,0x00,0x01,0xf0,0xc0,0x00,0x00,0x20,

    /* U+65E0 */
    0x3f,0xff,0xff,0xc0,0x3f,0xff,0xff,0xc0,0x00,0x0e,0x00,0x00,0x00,0x0e,0x00,0x00,
    0x00,0x0c,0x00,0x00,0x00,0x0c,0x00,0x00,0x00,0x0c,0x00,0x00,0x00,0x0c,0x00,0x00,
    0x00,0x0c,0x00,0x00,0x00,0x0c,0x00,0x00,0xff,0xff,0xff,0xf0,0xff,0xff,0xff,0xf0,
    0x00,0x1f,0x80,0x00,0x00,0x1b,0x80,0x00,0x00,0x1b,0x80,0x00,0x00,0x3b,0x80,0x00,
    0x00,0x33,0x80,0x00,0x00,0x73,0x80,0x00,0x00,0x73,0x80,0x00,0x00,0xe3,0x80,0x00,
    0x01,0xc3,0x80,0x30,0x01,0xc3,0x80,0x38,0x07,0x83,0x80,0x30,0x0f,0x03,0x80,0x30,
    0x1e,0x03,0x80,0x70,0x7c,0x01,0xff,0xf0,0xf0,0x01,0xff,0xe0,0x40,0x00,0x00,0x00,

    /* U+65E5 */
    0xff,0xff,0xf8,0xff,0xff,0xf8,0xc0,0x00,0x38,0xc0,0x00,0x38,0xc0,0x00,0x38,0xc0,
    0x00,0x38,0xc0,0x00,0x38,0xc0,0x00,0x38,0xc0,0x00,0x38,0xc0,0x00,0x38,0xc0,0x00,
    0x38,0xc0,0x00,0x38,0xff,0xff,0xf8,0xff,0xff,0xf8,0xc0,0x00,0x38,0xc0,0x00,0x38,
    0xc0,0x00,0x38,0xc0,0x00,0x38,0xc0,0x00,0x38,0xc0,0x00,0x38,0xc0,0x00,0x38,0xc0,
    0x00,0x38,0xc0,0x00,0x38,0xff,0xff,0xf8,0xff,0xff,0xf8,0xc0,0x00,0x38,0xc0,0x00,
    0x38,0xc0,0x00,0x00,

    /* U+65F6 */
    0x00,0x00,0x03,0x00,0x00,0x00,0x07,0x00,0x00,0x00,0x07,0x00,0xff,0xc0,0x07,0x00,
    0xff,0xc0,0x07,0x00,0xc1,0xc0,0x07,0x00,0xc1,0xc0,0x07,0x00,0xc1,0xdf,0xff,0xf0,
    0xc1,0xdf,0xff,0xf0,0xc1,0xc0,0x07,0x00,0xc1,0xc0,0x07,0x00,0xc1,0xc0,0x07,0x00,
    0xff,0xce,0x07,0x00,0xff,0xc6,0x07,0x00,0xc1,0xc7,0x07,0x00,0xc1,0xc3,0x87,0x00,
    0xc1,0xc1,0x87,0x00,0xc1,0xc1,0xc7,0x00,0xc1,0xc0,0xe7,0x00,0xc1,0xc0,0xe7,0x00,
    0xc1,0xc0,0x07,0x00,0xc1,0xc0,0x07,0x00,0xff,0xc0,0x07,0x00,0xff,0xc0,0x07,0x00,
    0xc0,0x00,0x07,0x00,0xc0,0x00,0x07,0x00,0x00,0x00,0x07,0x00,0x00,0x01,0xff,0x00,
    0x00,0x00,0xfe,0x00,

    /* U+663E */
    0x07,0xff,0xff,0xc0,0x07,0xff,0xff,0xc0,0x06,0x00,0x01,0xc0,0x06,0x00,0x01,0xc0,
    0x06,0x00,0x01,0xc0,0x07,0xff,0xff,0xc0,0x07,0xff,0xff,0xc0,0x06,0x00,0x01,0xc0,
    0x06,0x00,0x01,0xc0,0x06,0x00,0x01,0xc0,0x07,0xff,0xff,0xc0,0x07,0xff,0xff,0xc0,
    0x00,0x00,0x00,0x00,0x00,0x30,0x60,0x00,0x00,0x38,0x60,0x00,0x18,0x38,0x60,0x60,
    0x0c,0x38,0x60,0xe0,0x0e,0x38,0x61,0xc0,0x06,0x38,0x61,0x80,0x07,0x38,0x63,0x80,
    0x03,0x38,0x67,0x00,0x03,0x38,0x66,0x00,0x00,0x38,0x60,0x00,0x00,0x38,0x60,0x00,
    0xff,0xff,0xff,0xfc,0xff,0xff,0xff,0xfc,

    /* U+671F */
    0x1c,0x1c,0x00,0x00,0x1c,0x1c,0x00,0x00,0x1c,0x1c,0x3f,0xf8,0x1c,0x1c,0x3f,0xf8,
    0x7f,0xff,0x30,0x38,0x7f,0xff,0x30,0x38,0x1c,0x1c,0x30,0x38,0x1c,0x1c,0x30,0x38,
    0x1c,0x1c,0x30,0x38,0x1f,0xfc,0x3f,0xf8,0x1f,0xfc,0x3f,0xf8,0x1c,0x1c,0x30,0x38,
    0x1c,0x1c,0x30,0x38,0x1c,0x1c,0x30,0x38,0x1c,0x1c,0x70,0x38,0x1f,0xfc,0x70,0x38,
    0x1f,0xfc,0x70,0x38,0x1c,0x1c,0x7f,0xf8,0x1c,0x1c,0x7f,0xf8,0x1c,0x1c,0x60,0x38,
    0xff,0xff,0x60,0x38,0xff,0xff,0x60,0x38,0x00,0x00,0x60,0x38,0x0e,0x30,0x60,0x38,
    0x0c,0x38,0xe0,0x38,0x1c,0x18,0xc0,0x38,0x38,0x1c,0xc0,0x38,0x78,0x0d,0xc0,0x38,
    0x70,0x01,0x83,0xf0,0x20,0x00,0x83,0xe0,

    /* U+672A */
    0x00,0x06,0x00,0x00,0x00,0x06,0x00,0x00,0x00,0x06,0x00,0x00,0x00,0x06,0x00,0x00,
    0x00,0x06,0x00,0x00,0x00,0x0e,0x00,0x00,0x3f,0xff,0xff,0xc0,0x3f,0xff,0xff,0xc0,
    0x00,0x06,0x00,0x00,0x00,0x06,0x00,0x00,0x00,0x06,0x00,0x00,0x00,0x06,0x00,0x00,
    0x00,0x06,0x00,0x00,0x00,0x0e,0x00,0x00,0xff,0xff,0xff,0xf0,0xff,0xff,0xff,0xf0,
    0x00,0x1f,0x80,0x00,0x00,0x3f,0xc0,0x00,0x00,0x7e,0xe0,0x00,0x00,0xe6,0x60,0x00,
    0x01,0xe6,0x78,0x00,0x03,0xc6,0x3c,0x00,0x07,0x86,0x1e,0x00,0x0f,0x06,0x0f,0x00,
    0x3c,0x06,0x03,0xc0,0x78,0x06,0x01,0xe0,0xf0,0x06,0x00,0xf0,0xc0,0x06,0x00,0x30,
    0x00,0x06,0x00,0x00,0x00,0x06,0x00,0x00,

    /* U+672C */
    0x00,0x06,0x00,0x00,0x00,0x06,0x00,0x00,0x00,0x06,0x00,0x00,0x00,0x06,0x00,0x00,
    0x00,0x06,0x00,0x00,0x00,0x06,0x00,0x00,0x00,0x06,0x00,0x00,0xff,0xff,0xff,0xf0,
    0xff,0xff,0xff,0xf0,0x00,0x7f,0xc0,0x00,0x00,0x76,0xe0,0x00,0x00,0x66,0x60,0x00,
    0x00,0xe6,0x70,0x00,0x00,0xc6,0x70,0x00,0x01,0xc6,0x38,0x00,0x03,0x86,0x18,0x00,
    0x03,0x86,0x1c,0x00,0x07,0x06,0x0e,0x00,0x0e,0x06,0x07,0x00,0x1e,0x06,0x07,0x80,
    0x3c,0x06,0x03,0xc0,0x78,0x0e,0x01,0xe0,0xf7,0xff,0xfe,0xf0,0xe7,0xff,0xfe,0x70,
    0x40,0x06,0x00,0x20,0x00,0x06,0x00,0x00,0x00,0x06,0x00,0x00,0x00,0x06,0x00,0x00,
    0x00,0x06,0x00,0x00,0x00,0x06,0x00,0x00,

    /* U+673A */
    0x03,0x00,0x00,0x00,0x03,0x00,0x00,0x00,0x03,0x01,0xff,0xc0,0x03,0x01,0xff,0xc0,
    0x03,0x01,0x81,0xc0,0x03,0x01,0x81,0xc0,0x03,0x01,0x81,0xc0,0x7f,0xf9,0x81,0xc0,
    0x7f,0xf9,0x81,0xc0,0x07,0x01,0x81,0xc0,0x07,0x01,0x81,0xc0,0x07,0x01,0x81,0xc0,
    0x07,0x81,0x81,0xc0,0x0f,0x81,0x81,0xc0,0x0f,0xc1,0x81,0xc0,0x0f,0xe1,0x81,0xc0,
    0x1b,0x71,0x81,0xc0,0x1b,0x39,0x81,0xc0,0x33,0x1b,0x81,0xc0,0x33,0x13,0x81,0xc0,
    0x63,0x03,0x01,0xc0,0xe3,0x03,0x01,0xc0,0xc3,0x03,0x01,0xcc,0x43,0x07,0x01,0xcc,
    0x03,0x06,0x01,0xcc,0x03,0x0e,0x01,0xcc,0x03,0x0e,0x01,0xcc,0x03,0x1c,0x01,0xcc,
    0x03,0x38,0x01,0xfc,0x03,0x18,0x00,0xf8,

    /* U+677F */
    0x07,0x00,0x00,0x00,0x07,0x00,0x00,0xf0,0x07,0x00,0x3f,0xf0,0x07,0x07,0xff,0xc0,
    0x07,0x07,0xe0,0x00,0x07,0x06,0x00,0x00,0x7f,0xe6,0x00,0x00,0x7f,0xe6,0x00,0x00,
    0x07,0x06,0x00,0x00,0x07,0x06,0x00,0x00,0x07,0x07,0xff,0xf0,0x0f,0x87,0xff,0xf0,
    0x0f,0x86,0xc0,0x70,0x0f,0xc6,0xe0,0x60,0x1f,0x66,0x60,0x60,0x1f,0x66,0x60,0xe0,
    0x17,0x6e,0x70,0xc0,0x37,0x0e,0x31,0xc0,0x37,0x0e,0x31,0xc0,0x67,0x0c,0x1b,0x80,
    0x67,0x0c,0x1f,0x80,0xc7,0x0c,0x0f,0x00,0x47,0x1c,0x0e,0x00,0x07,0x1c,0x1f,0x00,
    0x07,0x18,0x3f,0x80,0x07,0x18,0x7b,0xc0,0x07,0x38,0xf1,0xe0,0x07,0x33,0xe0,0xf8,
    0x07,0x77,0x80,0x38,0x07,0x23,0x00,0x18,

    /* U+6982 */
    0x0c,0x00,0x00,0x00,0x0c,0x00,0x00,0x00,0x0c,0x3f,0x9f,0xf8,0x0c,0x3f,0x9f,0xf8,
    0x0c,0x30,0x80,0xc0,0x0c,0x30,0x80,0xc0,0x0c,0x30,0x8c,0xc0,0x7f,0xb0,0x8c,0xc0,
    0x7f,0xbf,0x8c,0xc0,0x0c,0x3f,0x88,0x80,0x0c,0x30,0x99,0x80,0x0e,0x30,0x99,0x80,
    0x1f,0x30,0x99,0x80,0x1f,0x30,0xbf,0xf8,0x1f,0xbf,0x9f,0xf8,0x1d,0xbf,0x81,0x80,
    0x3d,0xb0,0x03,0x80,0x3c,0x30,0x03,0x80,0x3c,0x33,0x03,0x80,0x6c,0x31,0x87,0x80,
    0x6c,0x31,0x87,0x80,0xec,0x31,0xc7,0x80,0xcc,0x33,0xcd,0x80,0x4c,0x3e,0xcd,0x80,
    0x0c,0x7c,0x59,0x88,0x0c,0x70,0x39,0x88,0x0c,0x60,0x31,0x88,0x0c,0x00,0x71,0x88,
    0x0c,0x00,0xe0,0xf8,0x0c,0x00,0xc0,0xf0,

    /* U+6A21 */
    0x06,0x01,0x83,0x80,0x06,0x01,0x83,0x80,0x06,0x01,0x83,0x80,0x06,0x1f,0xff,0xf8,
    0x06,0x1f,0xff,0xf8,0x06,0x01,0x83,0x80,0x7f,0xc1,0x83,0x80,0x7f,0xc0,0x00,0x00,
    0x0e,0x0f,0xff,0xe0,0x0e,0x0f,0xff,0xe0,0x0e,0x0c,0x00,0x60,0x0f,0x0c,0x00,0x60,
    0x0f,0x8f,0xff,0xe0,0x1f,0x8f,0xff,0xe0,0x1e,0xcc,0x00,0x60,0x1e,0xcc,0x00,0x60,
    0x3e,0x6f,0xff,0xe0,0x36,0x4f,0xff,0xe0,0x36,0x00,0x38,0x00,0x66,0x00,0x30,0x00,
    0x66,0x00,0x30,0x00,0xc6,0x3f,0xff,0xf8,0x46,0x3f,0xff,0xf8,0x06,0x00,0x7c,0x00,
    0x06,0x00,0xe6,0x00,0x06,0x01,0xc7,0x00,0x06,0x03,0x83,0xc0,0x06,0x1f,0x01,0xf0,
    0x06,0x7e,0x00,0x78,0x06,0x30,0x00,0x18,

    /* U+6B63 */
    0x7f,0xff,0xff,0xe0,0x7f,0xff,0xff,0xe0,0x00,0x03,0x00,0x00,0x00,0x03,0x00,0x00,
    0x00,0x03,0x00,0x00,0x00,0x03,0x00,0x00,0x00,0x03,0x00,0x00,0x00,0x03,0x00,0x00,
    0x0e,0x03,0x00,0x00,0x0e,0x03,0x00,0x00,0x0e,0x03,0x00,0x00,0x0e,0x03,0xff,0xc0,
    0x0e,0x03,0xff,0xc0,0x0e,0x03,0x00,0x00,0x0e,0x03,0x00,0x00,0x0e,0x03,0x00,0x00,
    0x0e,0x03,0x00,0x00,0x0e,0x03,0x00,0x00,0x0e,0x03,0x00,0x00,0x0e,0x03,0x00,0x00,
    0x0e,0x03,0x00,0x00,0x0e,0x03,0x00,0x00,0x0e,0x03,0x00,0x00,0xff,0xff,0xff,0xf0,
    0xff,0xff,0xff,0xf0,

    /* U+6CD5 */
    0x00,0x00,0x60,0x00,0x38,0x00,0x60,0x00,0x3e,0x00,0x60,0x00,0x0f,0x00,0x60,0x00,
    0x07,0x00,0x60,0x00,0x00,0x00,0x70,0x00,0x00,0x3f,0xff,0xe0,0x00,0x3f,0xff,0xe0,
    0x00,0x00,0x60,0x00,0x00,0x00,0x60,0x00,0xe0,0x00,0x60,0x00,0x78,0x00,0x60,0x00,
    0x3c,0x00,0x60,0x00,0x0c,0x00,0x70,0x00,0x00,0x7f,0xff,0xf0,0x00,0x7f,0xff,0xf0,
    0x00,0x00,0xe0,0x00,0x00,0x01,0xc0,0x00,0x03,0x01,0xc0,0x00,0x07,0x03,0x80,0x00,
    0x06,0x03,0x06,0x00,0x0e,0x07,0x07,0x00,0x0c,0x06,0x03,0x00,0x1c,0x0e,0x03,0x80,
    0x18,0x1c,0x01,0xc0,0x38,0x1c,0xff,0xc0,0x70,0x3f,0xff,0xe0,0x70,0x3f,0xc0,0x60,
    0x60,0x30,0x00,0x70,0x00,0x00,0x00,0x20,

    /* U+6D88 */
    0x20,0x00,0x70,0x00,0x70,0x30,0x70,0x60,0x3c,0x30,0x70,0x60,0x1e,0x38,0x70,0xe0,
    0x06,0x1c,0x70,0xc0,0x00,0x1c,0x71,0xc0,0x00,0x0c,0x73,0x80,0x00,0x08,0x70,0x00,
    0x00,0x00,0x70,0x00,0xc0,0x3f,0xff,0xe0,0xf0,0x3f,0xff,0xe0,0x78,0x38,0x00,0xe0,
    0x1c,0x30,0x00,0xe0,0x0c,0x30,0x00,0xe0,0x00,0x30,0x00,0xe0,0x00,0x3f,0xff,0xe0,
    0x00,0x3f,0xff,0xe0,0x00,0x38,0x00,0xe0,0x06,0x30,0x00,0xe0,0x06,0x30,0x00,0xe0,
    0x0e,0x38,0x00,0xe0,0x0c,0x3f,0xff,0xe0,0x1c,0x3f,0xff,0xe0,0x1c,0x30,0x00,0xe0,
    0x38,0x30,0x00,0xe0,0x38,0x30,0x00,0xe0,0x70,0x30,0x00,0xe0,0x70,0x30,0x00,0xc0,
    0x60,0x30,0x0f,0xc0,0x00,0x30,0x0f,0x80,

    /* U+706D */
    0x7f,0xff,0xff,0xe0,0x7f,0xff,0xff,0xe0,0x00,0x06,0x00,0x00,0x00,0x06,0x00,0x00,
    0x00,0x06,0x00,0x00,0x00,0x06,0x00,0x00,0x00,0x06,0x00,0x00,0x02,0x06,0x01,0x80,
    0x07,0x06,0x01,0x80,0x06,0x06,0x03,0x80,0x06,0x0f,0x03,0x00,0x0e,0x0f,0x07,0x00,
    0x0c,0x0f,0x06,0x00,0x1c,0x0f,0x0e,0x00,0x38,0x0f,0x8c,0x00,0x38,0x1d,0x8c,0x00,
    0x00,0x19,0xc0,0x00,0x00,0x38,0xc0,0x00,0x00,0x38,0xe0,0x00,0x00,0x70,0x60,0x00,
    0x00,0xf0,0x70,0x00,0x01,0xe0,0x38,0x00,0x03,0xc0,0x1c,0x00,0x07,0x80,0x0f,0x00,
    0x1f,0x00,0x07,0x80,0x7e,0x00,0x03,0xf0,0xf8,0x00,0x00,0xf0,0xc0,0x00,0x00,0x30,

    /* U+706F */
    0x06,0x00,0x00,0x00,0x06,0x00,0x00,0x00,0x06,0x00,0x00,0x00,0x06,0x0f,0xff,0xf8,
    0x06,0x0f,0xff,0xf8,0x06,0x00,0x06,0x00,0x06,0x20,0x06,0x00,0x66,0x30,0x06,0x00,
    0x66,0x70,0x06,0x00,0x66,0x60,0x06,0x00,0x66,0x60,0x06,0x00,0x66,0xc0,0x06,0x00,
    0xc6,0xc0,0x06,0x00,0xc6,0x00,0x06,0x00,0xc6,0x00,0x06,0x00,0x06,0x00,0x06,0x00,
    0x06,0x00,0x06,0x00,0x06,0x00,0x06,0x00,0x0e,0x00,0x06,0x00,0x0f,0x00,0x06,0x00,
    0x0f,0x80,0x06,0x00,0x0d,0xc0,0x06,0x00,0x1c,0xe0,0x06,0x00,0x1c,0x70,0x06,0x00,
    0x38,0x70,0x06,0x00,0x38,0x20,0x06,0x00,0x70,0x00,0x06,0x00,0xe0,0x00,0x0e,0x00,
    0xe0,0x01,0xfe,0x00,0x40,0x01,0xf8,0x00,

    /* U+7167 */
    0x7f,0xcf,0xff,0xe0,0x7f,0xcf,0xff,0xe0,0x60,0xc0,0x60,0x60,0x60,0xc0,0x60,0x60,
    0x60,0xc0,0xe0,0x60,0x60,0xc0,0xc0,0x60,0x60,0xc1,0xc0,0x60,0x60,0xc3,0x80,0xe0,
    0x7f,0xcf,0x0f,0xc0,0x7f,0xde,0x07,0x80,0x60,0xc8,0x00,0x00,0x60,0xc7,0xff,0xc0,
    0x60,0xc7,0xff,0xe0,0x60,0xc6,0x00,0xe0,0x60,0xc6,0x00,0xe0,0x60,0xc6,0x00,0xe0,
    0x60,0xc6,0x00,0xe0,0x7f,0xc6,0x00,0xe0,0x7f,0xc7,0xff,0xe0,0x60,0x07,0xff,0xe0,
    0x60,0x00,0x00,0x00,0x00,0x00,0x01,0x80,0x1c,0x60,0xc1,0x80,0x18,0x60,0xe1,0xc0,
    0x38,0x60,0xe0,0xe0,0x70,0x70,0x60,0xe0,0x70,0x70,0x70,0x70,0xe0,0x30,0x70,0x70,
    0xc0,0x30,0x20,0x20,

    /* U+7184 */
    0x02,0x00,0x18,0x00,0x07,0x00,0x38,0x00,0x07,0x00,0x38,0x00,0x07,0x07,0xff,0xe0,
    0x07,0x07,0xff,0xe0,0x07,0x07,0x00,0x60,0x07,0x37,0x00,0x60,0x37,0x37,0xff,0xe0,
    0x37,0x67,0xff,0xe0,0x37,0x67,0x00,0x60,0x27,0x67,0x00,0x60,0x67,0xc7,0x00,0x60,
    0x67,0xc7,0xff,0xe0,0x66,0x07,0xff,0xe0,0x46,0x07,0x00,0x60,0x06,0x07,0x00,0x60,
    0x06,0x07,0xff,0xe0,0x06,0x03,0xff,0xe0,0x06,0x00,0x20,0x00,0x07,0x00,0x70,0x00,
    0x07,0x80,0x3c,0x00,0x0f,0xc1,0x8e,0x20,0x0c,0xed,0x84,0x60,0x0c,0x79,0x80,0x30,
    0x1c,0x19,0x80,0x38,0x18,0x19,0x80,0xd8,0x38,0x19,0x80,0xd8,0x70,0x31,0x81,0xcc,
    0xe0,0x11,0xff,0x88,0x40,0x00,0xff,0x00,

    /* U+7248 */
    0x00,0xc0,0x00,0x10,0x38,0xc0,0x07,0xf8,0x38,0xc1,0xff,0xf8,0x38,0xc3,0xff,0x00,
    0x38,0xc3,0x80,0x00,0x38,0xc3,0x80,0x00,0x38,0xc3,0x80,0x00,0x38,0xc3,0x80,0x00,
    0x38,0xc3,0x80,0x00,0x3f,0xfb,0x80,0x00,0x3f,0xfb,0xff,0xf8,0x38,0x03,0xff,0xf0,
    0x38,0x03,0xa0,0x30,0x38,0x03,0xb0,0x30,0x38,0x03,0xb0,0x70,0x38,0x03,0xb0,0x70,
    0x3f,0xe3,0x98,0x60,0x3f,0xe3,0x98,0x60,0x38,0x63,0x98,0xe0,0x30,0x63,0x0c,0xc0,
    0x30,0x63,0x0d,0xc0,0x30,0x63,0x07,0x80,0x30,0x63,0x07,0x80,0x30,0x63,0x07,0x00,
    0x70,0x67,0x0f,0x80,0x70,0x66,0x1f,0xc0,0x60,0x66,0x3c,0xe0,0x60,0x6e,0xf8,0x78,
    0xe0,0x6c,0xe0,0x38,0x40,0x64,0xc0,0x18,

    /* U+72B6 */
    0x01,0x80,0x30,0x00,0x01,0x80,0x30,0x80,0x01,0x80,0x31,0xc0,0x01,0x80,0x30,0xc0,
    0x21,0x80,0x30,0xe0,0x61,0x80,0x30,0x70,0x71,0x80,0x30,0x30,0x39,0x80,0x30,0x20,
    0x1d,0x80,0x30,0x00,0x0d,0x80,0x30,0x00,0x0d,0xbf,0xff,0xf8,0x01,0xbf,0xff,0xf8,
    0x01,0x80,0x38,0x00,0x01,0x80,0x78,0x00,0x01,0x80,0x78,0x00,0x03,0x80,0x78,0x00,
    0x07,0x80,0x7c,0x00,0x0f,0x80,0x6c,0x00,0x1d,0x80,0xee,0x00,0x39,0x80,0xe6,0x00,
    0x71,0x80,0xc6,0x00,0xe1,0x81,0xc7,0x00,0x41,0x81,0x83,0x80,0x01,0x83,0x83,0x80,
    0x01,0x87,0x01,0xc0,0x01,0x8e,0x00,0xe0,0x01,0x8e,0x00,0xf0,0x01,0x9c,0x00,0x78,
    0x01,0xf8,0x00,0x3c,0x01,0x90,0x00,0x08,

    /* U+7387 */
    0x00,0x0e,0x00,0x00,0x00,0x06,0x00,0x00,0x00,0x07,0x00,0x00,0xff,0xff,0xff,0xf0,
    0xff,0xff,0xff,0xf0,0x00,0x0c,0x00,0x00,0x00,0x1c,0x00,0x00,0x70,0x38,0x61,0xc0,
    0x38,0x30,0xe3,0x80,0x1e,0xff,0xc7,0x00,0x0e,0x7f,0x8e,0x00,0x00,0x07,0x04,0x00,
    0x00,0x0e,0x40,0x00,0x03,0x1c,0xcc,0x00,0x0f,0x38,0x6f,0x00,0x3c,0x7f,0xf3,0xc0,
    0xf8,0xff,0xf1,0xe0,0x60,0xf0,0x18,0xe0,0x00,0x06,0x00,0x00,0x00,0x06,0x00,0x00,
    0x00,0x06,0x00,0x00,0xff,0xff,0xff,0xf0,0xff,0xff,0xff,0xf0,0x00,0x06,0x00,0x00,
    0x00,0x06,0x00,0x00,0x00,0x06,0x00,0x00,0x00,0x06,0x00,0x00,0x00,0x06,0x00,0x00,
    0x00,0x06,0x00,0x00,0x00,0x06,0x00,0x00,

    /* U+7528 */
    0x0f,0xff,0xff,0xe0,0x0f,0xff,0xff,0xe0,0x0e,0x03,0x80,0x60,0x0c,0x03,0x00,0x60,
    0x0c,0x03,0x00,0x60,0x0c,0x03,0x00,0x60,0x0c,0x03,0x00,0x60,0x0c,0x03,0x00,0x60,
    0x0f,0xff,0xff,0xe0,0x0f,0xff,0xff,0xe0,0x0c,0x03,0x00,0x60,0x0c,0x03,0x00,0x60,
    0x0c,0x03,0x00,0x60,0x0c,0x03,0x00,0x60,0x0c,0x03,0x00,0x60,0x0c,0x03,0x80,0x60,
    0x0f,0xff,0xff,0xe0,0x0f,0xff,0xff,0xe0,0x0c,0x03,0x00,0x60,0x1c,0x03,0x00,0x60,
    0x1c,0x03,0x00,0x60,0x18,0x03,0x00,0x60,0x18,0x03,0x00,0x60,0x38,0x03,0x00,0x60,
    0x30,0x03,0x00,0x60,0x70,0x03,0x00,0x60,0xe0,0x03,0x1f,0xe0,0x60,0x03,0x0f,0xc0,

    /* U+76F8 */
    0x03,0x00,0x00,0x00,0x03,0x00,0x00,0x00,0x03,0x03,0xff,0xf0,0x03,0x03,0xff,0xf0,
    0x03,0x03,0x80,0x30,0x03,0x03,0x00,0x30,0x03,0x03,0x00,0x30,0x7f,0xfb,0x00,0x30,
    0x7f,0xfb,0x00,0x30,0x07,0x03,0x80,0x30,0x07,0x03,0xff,0xf0,0x07,0x03,0xff,0xf0,
    0x07,0x03,0x00,0x30,0x0f,0x83,0x00,0x30,0x0f,0xc3,0x00,0x30,0x0f,0xe3,0x00,0x30,
    0x1b,0x73,0x00,0x30,0x1b,0x3b,0x80,0x30,0x33,0x1b,0xff,0xf0,0x33,0x13,0xff,0xf0,
    0x63,0x03,0x00,0x30,0xe3,0x03,0x00,0x30,0xc3,0x03,0x00,0x30,0x43,0x03,0x00,0x30,
    0x03,0x03,0x00,0x30,0x03,0x03,0x80,0x30,0x03,0x03,0xff,0xf0,0x03,0x03,0xff,0xf0,
    0x03,0x03,0x00,0x30,0x03,0x03,0x00,0x30,

    /* U+770B */
    0x00,0x00,0x01,0x00,0x00,0x01,0xff,0x80,0x3f,0xff,0xff,0x00,0x3f,0xfc,0x00,0x00,
    0x00,0x18,0x00,0x00,0x00,0x18,0x00,0x00,0x3f,0xff,0xff,0xc0,0x3f,0xff,0xff,0xc0,
    0x00,0x70,0x00,0x00,0x00,0x60,0x00,0x00,0xff,0xff,0xff,0xf0,0xff,0xff,0xff,0xf0,
    0x01,0xc0,0x00,0x00,0x01,0x80,0x00,0x00,0x03,0xff,0xff,0x80,0x07,0xff,0xff,0x80,
    0x0f,0x80,0x01,0x80,0x1f,0x80,0x01,0x80,0x3f,0x80,0x01,0x80,0x7b,0xff,0xff,0x80,
    0xf3,0xff,0xff,0x80,0xe3,0x80,0x01,0x80,0x83,0x80,0x01,0x80,0x03,0xff,0xff,0x80,
    0x03,0xff,0xff,0x80,0x03,0x80,0x01,0x80,0x03,0x80,0x01,0x80,0x03,0xff,0xff,0x80,
    0x03,0xff,0xff,0x80,0x03,0x80,0x01,0x80,

    /* U+773C */
    0x00,0x0f,0xff,0xc0,0xff,0x8f,0xff,0xc0,0xff,0x8c,0x00,0xc0,0xe1,0x8c,0x00,0xc0,
    0xe1,0x8c,0x00,0xc0,0xe1,0x8c,0x00,0xc0,0xe1,0x8c,0x00,0xc0,0xe1,0x8f,0xff,0xc0,
    0xff,0x8f,0xff,0xc0,0xff,0x8c,0x00,0xc0,0xe1,0x8c,0x00,0xc0,0xe1,0x8c,0x00,0xc0,
    0xe1,0x8c,0x00,0xc0,0xe1,0x8f,0xff,0xc0,0xe1,0x8f,0xff,0xc0,0xff,0x8c,0x30,0x00,
    0xff,0x8c,0x30,0x20,0xe1,0x8c,0x38,0x70,0xe1,0x8c,0x18,0xe0,0xe1,0x8c,0x1f,0xc0,
    0xe1,0x8c,0x0f,0x00,0xe1,0x8c,0x0e,0x00,0xff,0x8c,0x06,0x00,0xff,0x8c,0x07,0x00,
    0xe0,0x0c,0x13,0x80,0xe0,0x0f,0xf1,0xc0,0x40,0x1f,0xf0,0xf0,0x00,0x1f,0x80,0x70,
    0x00,0x08,0x00,0x00,

    /* U+786E */
    0x00,0x00,0xc0,0x00,0x00,0x00,0xc0,0x00,0x7f,0xf0,0xc0,0x00,0x7f,0xf1,0xff,0x80,
    0x06,0x01,0xff,0x80,0x0e,0x03,0x03,0x80,0x0c,0x07,0x07,0x00,0x0c,0x0e,0x06,0x00,
    0x0c,0x0f,0xff,0xf8,0x1c,0x1f,0xff,0xf8,0x18,0x1e,0x0c,0x38,0x18,0x06,0x0c,0x38,
    0x3f,0xe6,0x0c,0x38,0x3f,0xe6,0x0c,0x38,0x38,0x67,0xff,0xf8,0x78,0x67,0xff,0xf8,
    0xf8,0x66,0x0c,0x38,0x78,0x66,0x0c,0x38,0x58,0x66,0x0c,0x38,0x18,0x66,0x0c,0x38,
    0x18,0x67,0xff,0xf8,0x18,0x67,0xff,0xf8,0x18,0x66,0x0c,0x38,0x18,0xee,0x0c,0x38,
    0x1f,0xee,0x0c,0x38,0x1f,0xec,0x0c,0x38,0x18,0x1c,0x0c,0x38,0x18,0x18,0x0c,0x38,
    0x18,0x38,0x0d,0xf0,0x00,0x10,0x01,0xf0,

    /* U+793A */
    0x1f,0xff,0xff,0x80,0x1f,0xff,0xff,0x80,0x00,0x00,0x00,0x00,0x00,0x00,0x00,0x00,
    0x00,0x00,0x00,0x00,0x00,0x00,0x00,0x00,0x00,0x00,0x00,0x00,0x00,0x00,0x00,0x00,
    0xff,0xff,0xff,0xf0,0xff,0xff,0xff,0xf0,0x00,0x06,0x00,0x00,0x00,0x06,0x00,0x00,
    0x00,0x06,0x00,0x00,0x02,0x06,0x04,0x00,0x07,0x06,0x0e,0x00,0x06,0x06,0x07,0x00,
    0x0e,0x06,0x07,0x00,0x1c,0x06,0x03,0x80,0x1c,0x06,0x01,0xc0,0x38,0x06,0x01,0xc0,
    0x70,0x06,0x00,0xe0,0xf0,0x06,0x00,0xe0,0xe0,0x06,0x00,0x60,0xc0,0x06,0x00,0x60,
    0x00,0x0e,0x00,0x00,0x01,0xfe,0x00,0x00,0x00,0xfc,0x00,0x00,

    /* U+79D2 */
    0x00,0x00,0x18,0x00,0x00,0xf0,0x18,0x00,0x1f,0xf0,0x18,0x00,0x7f,0x80,0x18,0x00,
    0x63,0x00,0x18,0x00,0x03,0x00,0x18,0xc0,0x03,0x01,0x98,0xc0,0x03,0x03,0x98,0x60,
    0x03,0x03,0x18,0x60,0x7f,0xfb,0x18,0x30,0x7f,0xfb,0x18,0x30,0x07,0x03,0x18,0x38,
    0x07,0x87,0x18,0x18,0x07,0x86,0x18,0x18,0x0f,0xc6,0x18,0x00,0x0f,0x66,0x18,0x00,
    0x1b,0x70,0x18,0x70,0x1b,0x30,0x18,0x70,0x33,0x30,0x18,0x60,0x33,0x00,0x18,0xe0,
    0x63,0x00,0x01,0xc0,0xe3,0x00,0x03,0x80,0x43,0x00,0x07,0x80,0x43,0x00,0x0f,0x00,
    0x03,0x00,0x1e,0x00,0x03,0x00,0x7c,0x00,0x03,0x01,0xf0,0x00,0x03,0x0f,0xc0,0x00,
    0x03,0x1f,0x00,0x00,0x03,0x0c,0x00,0x00,

    /* U+7A0D */
    0x00,0x40,0x0c,0x00,0x03,0xc6,0x0c,0x18,0x3f,0xc6,0x0c,0x38,0x7f,0x03,0x0c,0x30,
    0x06,0x03,0x8c,0x70,0x06,0x01,0x8c,0x60,0x06,0x01,0xcc,0xe0,0x06,0x00,0x0c,0x40,
    0x06,0x00,0x0c,0x00,0x7f,0xe7,0xff,0xf0,0x7f,0xe7,0xff,0xf0,0x0f,0x07,0x00,0x30,
    0x0f,0x06,0x00,0x30,0x0f,0x06,0x00,0x30,0x0f,0x86,0x00,0x30,0x1f,0xc7,0xff,0xf0,
    0x1e,0xe7,0xff,0xf0,0x1e,0x66,0x00,0x30,0x36,0x06,0x00,0x30,0x36,0x06,0x00,0x30,
    0x66,0x06,0x00,0x30,0xe6,0x07,0xff,0xf0,0x46,0x07,0xff,0xf0,0x06,0x06,0x00,0x30,
    0x06,0x06,0x00,0x30,0x06,0x06,0x00,0x30,0x06,0x06,0x00,0x30,0x06,0x06,0x00,0x30,
    0x06,0x06,0x03,0xf0,0x06,0x06,0x03,0xe0,

    /* U+7ACB */
    0x00,0x0c,0x00,0x00,0x00,0x0e,0x00,0x00,0x00,0x0e,0x00,0x00,0x00,0x06,0x00,0x00,
    0x00,0x07,0x00,0x00,0x00,0x00,0x00,0x00,0x7f,0xff,0xff,0xe0,0x7f,0xff,0xff,0xe0,
    0x00,0x00,0x00,0x00,0x00,0x00,0x00,0x00,0x03,0x00,0x0c,0x00,0x03,0x00,0x0c,0x00,
    0x03,0x80,0x1c,0x00,0x03,0x80,0x1c,0x00,0x01,0x80,0x1c,0x00,0x01,0x80,0x18,0x00,
    0x01,0xc0,0x38,0x00,0x01,0xc0,0x38,0x00,0x00,0xc0,0x30,0x00,0x00,0xc0,0x30,0x00,
    0x00,0xe0,0x70,0x00,0x00,0xe0,0x60,0x00,0x00,0xe0,0x60,0x00,0x00,0xe0,0xe0,0x00,
    0x00,0x00,0xc0,0x00,0x00,0x01,0xc0,0x00,0xff,0xff,0xff,0xf0,0xff,0xff,0xff,0xf0,

    /* U+7B2C */
    0x06,0x00,0x60,0x00,0x0e,0x00,0xe0,0x00,0x0c,0x00,0xe0,0x00,0x1f,0xfc,0xff,0xf0,
    0x1f,0xfd,0xff,0xf0,0x31,0x81,0x8e,0x00,0x70,0xc3,0x87,0x00,0xe0,0xc7,0x03,0x00,
    0x40,0x00,0x00,0x00,0x3f,0xff,0xff,0xc0,0x3f,0xff,0xff,0xc0,0x00,0x06,0x01,0xc0,
    0x00,0x06,0x01,0xc0,0x00,0x06,0x01,0xc0,0x1f,0xff,0xff,0xc0,0x1f,0xff,0xff,0xc0,
    0x18,0x06,0x00,0x00,0x18,0x06,0x00,0x00,0x18,0x06,0x00,0x00,0x18,0x06,0x00,0x00,
    0x1f,0xff,0xff,0xe0,0x3f,0xff,0xff,0xe0,0x00,0x3e,0x00,0xe0,0x00,0x7e,0x00,0xc0,
    0x00,0xe6,0x00,0xc0,0x03,0xc6,0x00,0xc0,0x07,0x86,0x01,0xc0,0x1e,0x06,0x1f,0x80,
    0x7c,0x06,0x1f,0x80,0x70,0x06,0x00,0x00,

    /* U+7B49 */
    0x06,0x00,0x60,0x00,0x0e,0x00,0x60,0x00,0x0c,0x00,0xe0,0x00,0x1f,0xfe,0xff,0xf8,
    0x1f,0xff,0xff,0xf8,0x39,0x83,0x8e,0x00,0x71,0x83,0x06,0x00,0xe1,0xc7,0x07,0x00,
    0x60,0x83,0x02,0x00,0x00,0x03,0x00,0x00,0x0f,0xff,0xff,0xc0,0x0f,0xff,0xff,0xc0,
    0x00,0x03,0x00,0x00,0x00,0x03,0x00,0x00,0x00,0x03,0x00,0x00,0x7f,0xff,0xff,0xf8,
    0x7f,0xff,0xff,0xf8,0x00,0x00,0x0e,0x00,0x00,0x00,0x0e,0x00,0x00,0x00,0x0e,0x00,
    0x3f,0xff,0xff,0xf8,0x3f,0xff,0xff,0xf8,0x01,0x80,0x0e,0x00,0x01,0xc0,0x0e,0x00,
    0x00,0xe0,0x0e,0x00,0x00,0x70,0x0e,0x00,0x00,0x38,0x0e,0x00,0x00,0x18,0x0e,0x00,
    0x00,0x01,0xfc,0x00,0x00,0x00,0xf8,0x00,

    /* U+7CFB */
    0x00,0x00,0x02,0x00,0x00,0x00,0xff,0x00,0x03,0xff,0xfe,0x00,0x7f,0xff,0xc0,0x00,
    0x7f,0xf8,0x00,0x00,0x00,0x70,0x00,0x00,0x00,0xe0,0x10,0x00,0x01,0xc0,0x78,0x00,
    0x03,0x80,0xf0,0x00,0x0e,0x01,0xc0,0x00,0x1f,0xff,0x80,0x00,0x1f,0xfe,0x00,0x00,
    0x10,0x3c,0x10,0x00,0x00,0xf0,0x18,0x00,0x01,0xe0,0x0c,0x00,0x07,0x80,0x0e,0x00,
    0x1f,0x7f,0xff,0x00,0x7f,0xff,0xff,0x80,0x7f,0xee,0x01,0xc0,0x00,0x0c,0x00,0xc0,
    0x00,0x0c,0x10,0x00,0x07,0x0c,0x38,0x00,0x0f,0x0c,0x3c,0x00,0x0e,0x0c,0x0e,0x00,
    0x3c,0x0c,0x07,0x00,0x78,0x0c,0x03,0x80,0xf0,0x0c,0x01,0xc0,0xe0,0x0c,0x00,0xc0,
    0x00,0xfc,0x00,0x00,0x00,0xf8,0x00,0x00,

    /* U+7EDF */
    0x03,0x00,0x30,0x00,0x03,0x80,0x38,0x00,0x03,0x00,0x18,0x00,0x07,0x00,0x1c,0x00,
    0x06,0x00,0x0c,0x00,0x0e,0x0f,0xff,0xf8,0x0c,0x0f,0xff,0xf8,0x1c,0x60,0x70,0x00,
    0x38,0x60,0x70,0x00,0x30,0xe0,0xe1,0x80,0x71,0xc1,0xc1,0xc0,0xff,0x83,0x80,0xe0,
    0x7f,0x83,0x80,0xe0,0x07,0x0f,0xff,0xf0,0x06,0x0f,0xff,0x38,0x0e,0x0e,0x00,0x18,
    0x1c,0x01,0xc7,0x00,0x39,0xe1,0xc7,0x00,0x7f,0xe1,0xc7,0x00,0x7f,0x01,0x87,0x00,
    0x70,0x01,0x87,0x00,0x00,0x01,0x87,0x00,0x00,0x03,0x87,0x00,0x01,0xe3,0x87,0x18,
    0x0f,0xe3,0x07,0x18,0x7f,0x07,0x07,0x18,0x78,0x0e,0x07,0x18,0x40,0x3c,0x07,0xf8,
    0x00,0x38,0x03,0xf0,

    /* U+7F6E */
    0x3f,0xff,0xff,0xc0,0x3f,0xff,0xff,0xe0,0x30,0x60,0x60,0xe0,0x30,0x60,0x60,0xe0,
    0x30,0x60,0x60,0xe0,0x3f,0xff,0xff,0xe0,0x3f,0xff,0xff,0xc0,0x00,0x0e,0x00,0x00,
    0x00,0x0e,0x00,0x00,0xff,0xff,0xff,0xe0,0xff,0xff,0xff,0xe0,0x00,0x0c,0x00,0x00,
    0x07,0xff,0xfe,0x00,0x0f,0xff,0xff,0x00,0x0c,0x00,0x07,0x00,0x0c,0x00,0x07,0x00,
    0x0f,0xff,0xff,0x00,0x0e,0x00,0x07,0x00,0x0c,0x00,0x07,0x00,0x0e,0x00,0x07,0x00,
    0x0f,0xff,0xff,0x00,0x0c,0x00,0x07,0x00,0x0c,0x00,0x07,0x00,0x0f,0xff,0xff,0x00,
    0x0e,0x00,0x07,0x00,0x0c,0x00,0x07,0x00,0xff,0xff,0xff,0xf0,0xff,0xff,0xff,0xf0,

    /* U+81EA */
    0x00,0x70,0x00,0x00,0x70,0x00,0x00,0x70,0x00,0x00,0x60,0x00,0x00,0xe0,0x00,0xff,
    0xff,0xfc,0xff,0xff,0xfc,0xe0,0x00,0x0c,0xe0,0x00,0x0c,0xe0,0x00,0x0c,0xe0,0x00,
    0x0c,0xe0,0x00,0x0c,0xff,0xff,0xfc,0xff,0xff,0xfc,0xe0,0x00,0x0c,0xe0,0x00,0x0c,
    0xe0,0x00,0x0c,0xe0,0x00,0x0c,0xe0,0x00,0x0c,0xff,0xff,0xfc,0xff,0xff,0xfc,0xe0,
    0x00,0x0c,0xe0,0x00,0x0c,0xe0,0x00,0x0c,0xe0,0x00,0x0c,0xe0,0x00,0x0c,0xff,0xff,
    0xfc,0xff,0xff,0xfc,0xe0,0x00,0x0c,0xe0,0x00,0x0c,

    /* U+83DC */
    0x01,0xc0,0x38,0x00,0x01,0xc0,0x38,0x00,0xff,0xff,0xff,0xf0,0xff,0xff,0xff,0xf0,
    0x01,0xc0,0x38,0x00,0x01,0xc0,0x38,0x00,0x01,0xc0,0x30,0x00,0x00,0x00,0x3f,0x80,
    0x00,0x7f,0xff,0x80,0x7f,0xff,0xf8,0x00,0x7f,0xf0,0x00,0x00,0x00,0x0c,0x01,0xc0,
    0x18,0x0c,0x01,0x80,0x1c,0x0e,0x03,0x80,0x0c,0x06,0x03,0x00,0x0e,0x06,0x06,0x00,
    0x06,0x06,0x0e,0x00,0x00,0x06,0x00,0x00,0x00,0x06,0x00,0x00,0xff,0xff,0xff,0xf0,
    0xff,0xff,0xff,0xf0,0x00,0x3f,0xc0,0x00,0x00,0x76,0xe0,0x00,0x01,0xe6,0x70,0x00,
    0x03,0xc6,0x3c,0x00,0x0f,0x06,0x0f,0x00,0x3e,0x06,0x07,0xe0,0xf8,0x06,0x01,0xf0,
    0xe0,0x06,0x00,0x70,0x00,0x06,0x00,0x00,

    /* U+89C6 */
    0x08,0x00,0x00,0x00,0x1c,0x00,0x00,0x00,0x0e,0x0f,0xff,0xe0,0x06,0x0f,0xff,0xe0,
    0x07,0x0e,0x00,0x60,0x00,0x0e,0x00,0x60,0xff,0xce,0x10,0x60,0xff,0xce,0x38,0x60,
    0x00,0xce,0x38,0x60,0x01,0x8e,0x38,0x60,0x01,0x8e,0x38,0x60,0x03,0x0e,0x38,0x60,
    0x07,0x0e,0x38,0x60,0x0e,0x0e,0x38,0x60,0x0f,0x0e,0x38,0x60,0x1f,0x0e,0x38,0x60,
    0x3f,0x8e,0x30,0x60,0x7d,0xce,0x30,0x60,0xec,0xee,0x30,0x60,0xcc,0x40,0x7c,0x00,
    0x8c,0x00,0x7c,0x00,0x0c,0x00,0x7c,0x00,0x0c,0x00,0xfc,0x00,0x0c,0x01,0xdc,0x18,
    0x0c,0x01,0x9c,0x18,0x0c,0x03,0x9c,0x18,0x0c,0x0f,0x1c,0x10,0x0c,0x1e,0x1c,0x30,
    0x0c,0x3c,0x0f,0xf0,0x0c,0x30,0x07,0xe0,

    /* U+89C8 */
    0x01,0xc1,0xc0,0x00,0x01,0xc1,0xc0,0x00,0x61,0xc1,0x80,0x00,0x61,0xc3,0xff,0xe0,
    0x61,0xc3,0xff,0xe0,0x61,0xc3,0x00,0x00,0x61,0xc7,0x30,0x00,0x61,0xc6,0x38,0x00,
    0x61,0xce,0x1c,0x00,0x61,0xcc,0x0e,0x00,0x61,0xc4,0x07,0x00,0x01,0xc0,0x06,0x00,
    0x00,0x00,0x00,0x00,0x1f,0xff,0xfe,0x00,0x1f,0xff,0xfe,0x00,0x1c,0x00,0x06,0x00,
    0x1c,0x00,0x06,0x00,0x1c,0x0c,0x06,0x00,0x1c,0x0c,0x06,0x00,0x1c,0x0c,0x06,0x00,
    0x1c,0x0c,0x06,0x00,0x1c,0x1c,0x06,0x00,0x1c,0x1f,0x06,0x00,0x00,0x3b,0x00,0x00,
    0x00,0x7b,0x00,0x00,0x00,0xf3,0x00,0x60,0x03,0xe3,0x00,0x60,0x1f,0x83,0x00,0xe0,
    0xfe,0x03,0xff,0xc0,0xf0,0x01,0xff,0x80,

    /* U+8BA4 */
    0x00,0x00,0x30,0x00,0x18,0x00,0x30,0x00,0x1c,0x00,0x30,0x00,0x0f,0x00,0x30,0x00,
    0x07,0x80,0x30,0x00,0x03,0x80,0x30,0x00,0x01,0x00,0x30,0x00,0x00,0x00,0x30,0x00,
    0x00,0x00,0x30,0x00,0x00,0x00,0x30,0x00,0xfe,0x00,0x30,0x00,0xfe,0x00,0x30,0x00,
    0x06,0x00,0x70,0x00,0x06,0x00,0x78,0x00,0x06,0x00,0x78,0x00,0x06,0x00,0x78,0x00,
    0x06,0x00,0x78,0x00,0x06,0x00,0x7c,0x00,0x06,0x00,0xec,0x00,0x06,0x00,0xcc,0x00,
    0x06,0x00,0xce,0x00,0x06,0x21,0xc6,0x00,0x06,0x71,0x87,0x00,0x07,0xe3,0x83,0x00,
    0x07,0xc7,0x03,0x80,0x0f,0x07,0x01,0xc0,0x0e,0x0e,0x00,0xe0,0x0c,0x1c,0x00,0xf0,
    0x00,0x38,0x00,0x70,0x00,0x10,0x00,0x10,

    /* U+8BAF */
    0x18,0x00,0x00,0x00,0x1c,0x3f,0xff,0xc0,0x0e,0x3f,0xff,0xc0,0x07,0x01,0x81,0xc0,
    0x03,0x81,0x81,0xc0,0x01,0x01,0x81,0xc0,0x00,0x01,0x81,0xc0,0x00,0x01,0x81,0xc0,
    0x00,0x01,0x81,0xc0,0xfe,0x01,0x81,0xc0,0xfe,0x01,0x80,0xc0,0x06,0x01,0x80,0xc0,
    0x06,0x01,0x80,0xc0,0x06,0x3f,0xfc,0xc0,0x06,0x3f,0xfc,0xc0,0x06,0x01,0x80,0xc0,
    0x06,0x01,0x80,0xc0,0x06,0x01,0x80,0xc0,0x06,0x01,0x80,0xc0,0x06,0x01,0x80,0xc0,
    0x06,0x21,0x80,0xc0,0x06,0x61,0x80,0xc0,0x07,0xe1,0x80,0xc8,0x07,0xc1,0x80,0xcc,
    0x07,0x01,0x80,0xec,0x0e,0x01,0x80,0x6c,0x0c,0x01,0x80,0x78,0x00,0x01,0x80,0x78,
    0x00,0x00,0x80,0x38,

    /* U+8BD5 */
    0x00,0x00,0x1c,0x00,0x10,0x00,0x1d,0x80,0x3c,0x00,0x0c,0xc0,0x1e,0x00,0x0c,0x60,
    0x0f,0x00,0x0c,0x70,0x07,0x00,0x0c,0x20,0x02,0x00,0x1c,0x00,0x00,0x7f,0xff,0xf8,
    0x00,0x7f,0xff,0xf8,0x00,0x00,0x0c,0x00,0xfc,0x00,0x0c,0x00,0xfc,0x00,0x0c,0x00,
    0x0c,0x00,0x0c,0x00,0x0c,0x00,0x0c,0x00,0x0c,0x3f,0xec,0x00,0x0c,0x3f,0xee,0x00,
    0x0c,0x07,0x0e,0x00,0x0c,0x07,0x0e,0x00,0x0c,0x07,0x0e,0x00,0x0c,0x07,0x06,0x00,
    0x0c,0x07,0x06,0x00,0x0c,0x07,0x06,0x00,0x0c,0x07,0x07,0x10,0x0c,0xc7,0x67,0x18,
    0x0f,0xc7,0xf3,0x18,0x0f,0xbf,0xc3,0x30,0x1e,0x3c,0x03,0xb0,0x1c,0x20,0x01,0xf0,
    0x18,0x00,0x01,0xf0,0x00,0x00,0x00,0xe0,

    /* U+8BEF */
    0x30,0x0f,0xff,0xc0,0x38,0x0f,0xff,0xc0,0x1e,0x0c,0x00,0xc0,0x0e,0x0c,0x00,0xc0,
    0x06,0x0c,0x00,0xc0,0x00,0x0c,0x00,0xc0,0x00,0x0f,0xff,0xc0,0x00,0x0f,0xff,0xc0,
    0xfc,0x00,0x00,0x00,0xfc,0x00,0x00,0x00,0x0c,0x00,0x00,0x00,0x0c,0x1f,0xff,0xe0,
    0x0c,0x1f,0xff,0xe0,0x0c,0x00,0x30,0x00,0x0c,0x00,0x30,0x00,0x0c,0x00,0x30,0x00,
    0x0c,0x00,0x30,0x00,0x0c,0x3f,0xff,0xf8,0x0c,0x3f,0xff,0xf8,0x0c,0x00,0x78,0x00,
    0x0c,0x40,0xf8,0x00,0x0c,0xc0,0xdc,0x00,0x0f,0xc1,0xce,0x00,0x0f,0x83,0x87,0x00,
    0x1e,0x07,0x07,0x80,0x1c,0x3e,0x01,0xe0,0x08,0x7c,0x00,0xf0,0x00,0x30,0x00,0x30,

    /* U+8BF4 */
    0x00,0x04,0x01,0x00,0x30,0x0c,0x03,0x80,0x38,0x0e,0x03,0x00,0x1c,0x07,0x07,0x00,
    0x0e,0x03,0x07,0x00,0x07,0x03,0x06,0x00,0x03,0x03,0x0e,0x00,0x00,0x3f,0xff,0xc0,
    0x00,0x3f,0xff,0xc0,0x00,0x38,0x01,0xc0,0xfe,0x38,0x01,0xc0,0xfe,0x38,0x01,0xc0,
    0x0e,0x38,0x01,0xc0,0x0e,0x38,0x01,0xc0,0x0e,0x38,0x01,0xc0,0x0e,0x3f,0xff,0xc0,
    0x0e,0x3f,0xff,0xc0,0x0e,0x03,0x8c,0x00,0x0e,0x03,0x0c,0x00,0x0e,0x03,0x0c,0x00,
    0x0e,0x03,0x0c,0x00,0x0e,0x43,0x0c,0x00,0x0e,0xe7,0x0c,0x00,0x0f,0xc6,0x0c,0x00,
    0x0f,0x8e,0x0c,0x38,0x1e,0x1c,0x0c,0x30,0x1c,0x3c,0x0c,0x30,0x18,0xf8,0x0f,0xf0,
    0x00,0xe0,0x0f,0xe0,0x00,0x40,0x00,0x00,

    /* U+8BF7 */
    0x00,0x00,0x18,0x00,0x18,0x00,0x18,0x00,0x1c,0x1f,0xff,0xf8,0x0e,0x1f,0xff,0xf8,
    0x07,0x00,0x18,0x00,0x03,0x80,0x18,0x00,0x01,0x0f,0xff,0xe0,0x00,0x0f,0xff,0xf0,
    0x00,0x00,0x18,0x00,0x00,0x00,0x18,0x00,0xfe,0x00,0x18,0x00,0xfe,0x3f,0xff,0xfc,
    0x06,0x3f,0xff,0xf8,0x06,0x00,0x00,0x00,0x06,0x07,0xff,0xe0,0x06,0x07,0xff,0xe0,
    0x06,0x06,0x00,0x60,0x06,0x06,0x00,0x60,0x06,0x06,0x00,0x60,0x06,0x07,0xff,0xe0,
    0x06,0x07,0xff,0xe0,0x06,0x06,0x00,0x60,0x06,0x26,0x00,0x60,0x06,0x67,0xff,0xe0,
    0x07,0xe7,0xff,0xe0,0x07,0xc6,0x00,0x60,0x07,0x06,0x00,0x60,0x0e,0x06,0x00,0x60,
    0x0c,0x06,0x07,0xe0,0x00,0x06,0x07,0xc0,

    /* U+8D25 */
    0x00,0x00,0x70,0x00,0x7f,0xf0,0x60,0x00,0x7f,0xf0,0x60,0x00,0x60,0x30,0x60,0x00,
    0x60,0x30,0xe0,0x00,0x63,0x30,0xff,0xf0,0x63,0x30,0xff,0xf0,0x63,0x31,0xc0,0xc0,
    0x63,0x31,0x80,0xc0,0x63,0x31,0x80,0xc0,0x63,0x33,0x81,0x80,0x63,0x37,0x81,0x80,
    0x63,0x37,0xc1,0x80,0x63,0x32,0xc1,0x80,0x63,0x30,0xc3,0x80,0x67,0x30,0x63,0x00,
    0x66,0x30,0x63,0x00,0x66,0x30,0x77,0x00,0x66,0x30,0x36,0x00,0x66,0x30,0x3e,0x00,
    0x06,0x00,0x1c,0x00,0x0e,0x00,0x1c,0x00,0x0c,0xc0,0x1e,0x00,0x1c,0xe0,0x3f,0x00,
    0x18,0x60,0x73,0x80,0x38,0x70,0xe1,0xc0,0x70,0x3b,0xc0,0xe0,0xe0,0x17,0x80,0x70,
    0xc0,0x02,0x00,0x30,

    /* U+8F7D */
    0x00,0xc0,0x30,0x00,0x00,0xc0,0x73,0x00,0x00,0xc0,0x73,0x80,0x7f,0xfe,0x71,0xc0,
    0x7f,0xfe,0x30,0xe0,0x00,0xc0,0x30,0x40,0x00,0xc0,0x30,0x00,0xff,0xff,0xff,0xf0,
    0xff,0xff,0xff,0xf0,0x02,0x00,0x30,0x00,0x03,0x00,0x30,0x00,0x07,0x00,0x30,0x40,
    0x06,0x00,0x30,0xe0,0xff,0xff,0xb0,0xc0,0xff,0xff,0xb0,0xc0,0x0c,0x00,0x39,0xc0,
    0x18,0x60,0x39,0x80,0x38,0x60,0x1b,0x80,0x7f,0xff,0x1b,0x00,0x3f,0xff,0x1f,0x00,
    0x00,0x60,0x1e,0x00,0x00,0x60,0x1e,0x00,0x00,0x60,0x0c,0x00,0x00,0x61,0x1c,0x10,
    0x1f,0xff,0xbe,0x18,0xff,0xff,0x3e,0x10,0xf0,0x60,0x77,0x30,0x00,0x60,0xe7,0xb0,
    0x00,0x61,0xc3,0xf0,0x00,0x61,0x80,0xe0,

    /* U+8F93 */
    0x18,0x00,0x10,0x00,0x18,0x00,0x38,0x00,0x18,0x00,0x78,0x00,0x18,0x00,0xfc,0x00,
    0xff,0xc1,0xce,0x00,0xff,0xc3,0x87,0x80,0x30,0x0f,0x03,0xc0,0x30,0x1e,0x00,0xf0,
    0x30,0x7f,0xff,0xf8,0x36,0x37,0xff,0x90,0x66,0x00,0x00,0x00,0x66,0x00,0x00,0x00,
    0x66,0x1f,0xf0,0x60,0xc6,0x1f,0xf6,0x60,0xff,0xd8,0x36,0x60,0xff,0xd8,0x36,0x60,
    0x06,0x18,0x36,0x60,0x06,0x1f,0xf6,0x60,0x06,0x1f,0xf6,0x60,0x06,0x18,0x36,0x60,
    0x07,0xd8,0x36,0x60,0x7f,0xdf,0xf6,0x60,0xfe,0x1f,0xf6,0x60,0xc6,0x18,0x36,0x60,
    0x06,0x18,0x32,0x60,0x06,0x18,0x30,0x60,0x06,0x18,0x30,0x60,0x06,0x18,0x30,0x60,
    0x06,0x19,0xe3,0xe0,0x06,0x18,0xe3,0xc0,

    /* U+8FD4 */
    0x00,0x00,0x00,0x20,0x30,0x00,0x1f,0xf0,0x38,0x1f,0xff,0xe0,0x1c,0x1f,0xf0,0x00,
    0x0e,0x1c,0x00,0x00,0x0f,0x1c,0x00,0x00,0x06,0x1c,0x00,0x00,0x00,0x1c,0x00,0x00,
    0x00,0x1f,0xff,0xe0,0x00,0x1f,0xff,0xe0,0x00,0x1c,0x00,0xe0,0x00,0x1c,0x00,0xe0,
    0x7e,0x1c,0x00,0xc0,0x7e,0x19,0x81,0xc0,0x0e,0x19,0xe1,0x80,0x06,0x18,0xf3,0x80,
    0x06,0x18,0x3f,0x00,0x06,0x38,0x1e,0x00,0x06,0x38,0x1e,0x00,0x06,0x30,0x3f,0x00,
    0x06,0x70,0x73,0x80,0x06,0x71,0xe1,0xc0,0x06,0xe7,0xc0,0xe0,0x06,0x47,0x00,0x60,
    0x0f,0x02,0x00,0x00,0x3f,0x80,0x00,0x00,0x79,0xf0,0x00,0x08,0xf0,0xff,0xff,0xf8,
    0x60,0x1f,0xff,0xf8,

    /* U+9000 */
    0x20,0x1f,0xff,0x80,0x70,0x1f,0xff,0x80,0x38,0x18,0x01,0x80,0x1c,0x18,0x01,0x80,
    0x0e,0x18,0x01,0x80,0x06,0x1f,0xff,0x80,0x00,0x1f,0xff,0x80,0x00,0x18,0x01,0x80,
    0x00,0x18,0x01,0x80,0x00,0x18,0x01,0x80,0x00,0x18,0x01,0x80,0xfc,0x1f,0xff,0x80,
    0xfc,0x1f,0xff,0x80,0x0c,0x18,0x00,0x60,0x0c,0x18,0x40,0xe0,0x0c,0x18,0xe1,0xc0,
    0x0c,0x18,0x3f,0x80,0x0c,0x18,0x1e,0x00,0x0c,0x18,0x0e,0x00,0x0c,0x18,0x47,0x00,
    0x0c,0x3f,0xe3,0x80,0x0c,0x3f,0x81,0xc0,0x0c,0x3c,0x00,0xe0,0x1e,0x20,0x00,0x00,
    0x3f,0x80,0x00,0x00,0x71,0xe0,0x00,0x00,0xe0,0xff,0xff,0xf0,0xc0,0x1f,0xff,0xf0,

    /* U+9009 */
    0x00,0x00,0x70,0x00,0x00,0x0c,0x70,0x00,0xe0,0x0c,0x70,0x00,0x70,0x1c,0x70,0x00,
    0x38,0x1c,0x70,0x00,0x1c,0x1f,0xff,0xe0,0x0e,0x3f,0xff,0xe0,0x0c,0x30,0x70,0x00,
    0x00,0x70,0x70,0x00,0x00,0x60,0x70,0x00,0x00,0x00,0x70,0x00,0x00,0x00,0x70,0x00,
    0x00,0xff,0xff,0xf0,0xfc,0xff,0xff,0xf0,0xfc,0x03,0x0c,0x00,0x0c,0x03,0x0c,0x00,
    0x0c,0x03,0x0c,0x00,0x0c,0x07,0x0c,0x00,0x0c,0x06,0x0c,0x00,0x0c,0x0e,0x0c,0x30,
    0x0c,0x1c,0x0c,0x30,0x0c,0x38,0x0c,0x30,0x0c,0xf0,0x0f,0xf0,0x0c,0xe0,0x0f,0xe0,
    0x0e,0x00,0x00,0x00,0x3f,0x80,0x00,0x00,0x7b,0xc0,0x00,0x00,0xf0,0xf8,0x01,0xf8,
    0xe0,0x7f,0xff,0xf0,0xc0,0x0f,0xff,0xf0,

    /* U+901A */
    0x20,0x1f,0xff,0xe0,0x70,0x1f,0xff,0xf0,0x38,0x00,0x01,0xc0,0x1c,0x03,0x03,0x80,
    0x0e,0x03,0xef,0x00,0x07,0x00,0xfc,0x00,0x02,0x00,0x3e,0x00,0x00,0x1f,0xff,0xf0,
    0x00,0x1f,0xff,0xf0,0x00,0x18,0x30,0x30,0x00,0x18,0x30,0x30,0xfe,0x18,0x30,0x30,
    0xfe,0x1f,0xff,0xf0,0x06,0x1f,0xff,0xf0,0x06,0x18,0x30,0x30,0x06,0x18,0x30,0x30,
    0x06,0x18,0x30,0x30,0x06,0x1f,0xff,0xf0,0x06,0x1f,0xff,0xf0,0x06,0x18,0x30,0x30,
    0x06,0x18,0x30,0x30,0x06,0x18,0x30,0x30,0x06,0x18,0x33,0xf0,0x0f,0x18,0x31,0xe0,
    0x3f,0xc0,0x00,0x00,0x70,0xf8,0x00,0x08,0x60,0x3f,0xff,0xfc,0x60,0x0f,0xff,0xf8,

    /* U+90E8 */
    0x03,0x00,0x00,0x00,0x03,0x80,0x00,0x00,0x01,0x80,0x3f,0xf0,0x01,0xc0,0x3f,0xf0,
    0x7f,0xff,0x30,0x70,0x7f,0xff,0x30,0x60,0x00,0x08,0x30,0xe0,0x18,0x1c,0x30,0xc0,
    0x1c,0x1c,0x30,0xc0,0x0c,0x18,0x31,0xc0,0x0c,0x38,0x31,0x80,0x0e,0x30,0x33,0x80,
    0x04,0x30,0x33,0x00,0xff,0xff,0x31,0x80,0xff,0xff,0x31,0xc0,0x00,0x00,0x30,0xc0,
    0x00,0x00,0x30,0x60,0x00,0x00,0x30,0x60,0x3f,0xfe,0x30,0x70,0x3f,0xfe,0x30,0x30,
    0x30,0x0e,0x30,0x30,0x30,0x06,0x30,0x70,0x30,0x06,0x30,0x70,0x30,0x06,0x37,0xe0,
    0x30,0x06,0x33,0xc0,0x30,0x06,0x30,0x00,0x3f,0xfe,0x30,0x00,0x3f,0xfe,0x30,0x00,
    0x30,0x0e,0x30,0x00,0x30,0x00,0x30,0x00,

    /* U+91CD */
    0x00,0x00,0x03,0x00,0x00,0x0f,0xff,0x80,0x3f,0xff,0xfe,0x00,0x1f,0xfe,0x00,0x00,
    0x00,0x06,0x00,0x00,0x00,0x06,0x00,0x00,0xff,0xff,0xff,0xf0,0xff,0xff,0xff,0xf0,
    0x00,0x06,0x00,0x00,0x00,0x06,0x00,0x00,0x1f,0xff,0xff,0x80,0x1f,0xff,0xff,0x80,
    0x18,0x06,0x01,0x80,0x18,0x06,0x01,0x80,0x1f,0xff,0xff,0x80,0x1f,0xff,0xff,0x80,
    0x18,0x06,0x01,0x80,0x18,0x06,0x01,0x80,0x1f,0xff,0xff,0x80,0x1f,0xff,0xff,0x80,
    0x00,0x06,0x00,0x00,0x00,0x06,0x00,0x00,0x3f,0xff,0xff,0xc0,0x3f,0xff,0xff,0xc0,
    0x00,0x06,0x00,0x00,0x00,0x06,0x00,0x00,0x00,0x06,0x00,0x00,0xff,0xff,0xff,0xf0,
    0xff,0xff,0xff,0xf0,

    /* U+91CF */
    0x0f,0xff,0xff,0x00,0x0c,0x00,0x07,0x00,0x0c,0x00,0x03,0x00,0x0f,0xff,0xff,0x00,
    0x0c,0x00,0x03,0x00,0x0c,0x00,0x03,0x00,0x0c,0x00,0x07,0x00,0x0f,0xff,0xff,0x00,
    0x00,0x00,0x00,0x00,0xff,0xff,0xff,0xf0,0xff,0xff,0xff,0xf0,0x00,0x00,0x00,0x00,
    0x00,0x00,0x00,0x00,0x1f,0xff,0xff,0x80,0x18,0x06,0x01,0x80,0x18,0x06,0x01,0x80,
    0x1f,0xff,0xff,0x80,0x1c,0x0e,0x03,0x80,0x18,0x06,0x01,0x80,0x1c,0x0f,0x03,0x80,
    0x1f,0xff,0xff,0x80,0x00,0x06,0x00,0x00,0x00,0x06,0x00,0x00,0x3f,0xff,0xff,0xc0,
    0x3f,0xff,0xff,0xc0,0x00,0x06,0x00,0x00,0xff,0xff,0xff,0xf0,0xff,0xff,0xff,0xf0,

    /* U+9519 */
    0x08,0x01,0x83,0x00,0x1c,0x01,0x83,0x00,0x18,0x01,0x83,0x00,0x38,0x01,0x83,0x00,
    0x3f,0xef,0xff,0xf0,0x7f,0xef,0xff,0xf0,0xe0,0x01,0xc3,0x00,0xe0,0x01,0x83,0x00,
    0xc0,0x01,0x83,0x00,0x80,0x01,0x83,0x00,0x7f,0xc1,0xc3,0x00,0x7f,0xdf,0xff,0xf8,
    0x06,0x1f,0xff,0xf8,0x06,0x00,0x00,0x00,0x06,0x00,0x00,0x00,0x06,0x00,0x00,0x00,
    0xff,0xe7,0xff,0xc0,0xff,0xe7,0xff,0xc0,0x0e,0x06,0x00,0xc0,0x06,0x06,0x00,0xc0,
    0x06,0x06,0x00,0xc0,0x06,0x07,0xff,0xc0,0x06,0x07,0xff,0xc0,0x06,0x06,0x00,0xc0,
    0x06,0xe6,0x00,0xc0,0x0f,0xe6,0x00,0xc0,0x0f,0x86,0x00,0xc0,0x1e,0x07,0xff,0xc0,
    0x0c,0x07,0xff,0xc0,0x00,0x06,0x00,0xc0,

    /* U+95ED */
    0x60,0x00,0x00,0x00,0x70,0xff,0xff,0xc0,0x38,0xff,0xff,0xc0,0x1c,0x00,0x00,0xc0,
    0x0c,0x00,0x00,0xc0,0x00,0x01,0x80,0xc0,0xc0,0x01,0x80,0xc0,0xc0,0x01,0x80,0xc0,
    0xc0,0x01,0x80,0xc0,0xc0,0x01,0xc0,0xc0,0xc7,0xff,0xfc,0xc0,0xc7,0xff,0xfc,0xc0,
    0xc0,0x07,0x80,0xc0,0xc0,0x07,0x80,0xc0,0xc0,0x0f,0x80,0xc0,0xc0,0x1d,0x80,0xc0,
    0xc0,0x39,0x80,0xc0,0xc0,0x71,0x80,0xc0,0xc0,0xe1,0x80,0xc0,0xc3,0xc1,0x80,0xc0,
    0xc7,0x81,0x80,0xc0,0xce,0x01,0x80,0xc0,0xc4,0x01,0x80,0xc0,0xc0,0x01,0x80,0xc0,
    0xc0,0x3f,0x80,0xc0,0xc0,0x1f,0x00,0xc0,0xc0,0x00,0x01,0xc0,0xc0,0x00,0x0f,0xc0,
    0xc0,0x00,0x0f,0x80,

    /* U+95EE */
    0x60,0x00,0x00,0x00,0x70,0xff,0xff,0xc0,0x38,0xff,0xff,0xc0,0x1c,0x00,0x00,0xc0,
    0x0e,0x00,0x00,0xc0,0x04,0x00,0x00,0xc0,0xc0,0x00,0x00,0xc0,0xc0,0x00,0x00,0xc0,
    0xc0,0x00,0x00,0xc0,0xc1,0xff,0xc0,0xc0,0xc1,0xff,0xc0,0xc0,0xc1,0xc0,0xc0,0xc0,
    0xc1,0x80,0xc0,0xc0,0xc1,0x80,0xc0,0xc0,0xc1,0x80,0xc0,0xc0,0xc1,0x80,0xc0,0xc0,
    0xc1,0x80,0xc0,0xc0,0xc1,0x80,0xc0,0xc0,0xc1,0xc0,0xc0,0xc0,0xc1,0xff,0xc0,0xc0,
    0xc1,0xff,0xc0,0xc0,0xc1,0x80,0x00,0xc0,0xc1,0x80,0x00,0xc0,0xc0,0x00,0x00,0xc0,
    0xc0,0x00,0x00,0xc0,0xc0,0x00,0x00,0xc0,0xc0,0x00,0x01,0xc0,0xc0,0x00,0x1f,0xc0,
    0xc0,0x00,0x1f,0x80,

    /* U+95F4 */
    0x60,0x00,0x00,0x00,0x70,0xff,0xff,0xc0,0x38,0xff,0xff,0xc0,0x1c,0x00,0x00,0xc0,
    0x08,0x00,0x00,0xc0,0x00,0x00,0x00,0xc0,0xc0,0x00,0x00,0xc0,0xc0,0x00,0x00,0xc0,
    0xc1,0xff,0xe0,0xc0,0xc1,0xff,0xe0,0xc0,0xc1,0x80,0x60,0xc0,0xc1,0x80,0x60,0xc0,
    0xc1,0x80,0x60,0xc0,0xc1,0x80,0x60,0xc0,0xc1,0x80,0x60,0xc0,0xc1,0xff,0xe0,0xc0,
    0xc1,0xff,0xe0,0xc0,0xc1,0x80,0x60,0xc0,0xc1,0x80,0x60,0xc0,0xc1,0x80,0x60,0xc0,
    0xc1,0x80,0x60,0xc0,0xc1,0xff,0xe0,0xc0,0xc1,0xff,0xe0,0xc0,0xc0,0x00,0x00,0xc0,
    0xc0,0x00,0x00,0xc0,0xc0,0x00,0x00,0xc0,0xc0,0x00,0x01,0xc0,0xc0,0x00,0x0f,0xc0,
    0xc0,0x00,0x07,0x80,

    /* U+9762 */
    0xff,0xff,0xff,0xf0,0xff,0xff,0xff,0xf0,0x00,0x0e,0x00,0x00,0x00,0x0e,0x00,0x00,
    0x00,0x0c,0x00,0x00,0x00,0x0c,0x00,0x00,0x00,0x1c,0x00,0x00,0x7f,0xff,0xff,0xe0,
    0x7f,0xff,0xff,0xe0,0x70,0xc0,0x60,0xe0,0x70,0xc0,0x60,0xe0,0x70,0xc0,0x60,0xe0,
    0x70,0xc0,0x60,0xe0,0x70,0xff,0xe0,0xe0,0x70,0xff,0xe0,0xe0,0x70,0xc0,0x60,0xe0,
    0x70,0xc0,0x60,0xe0,0x70,0xc0,0x60,0xe0,0x70,0xff,0xe0,0xe0,0x70,0xff,0xe0,0xe0,
    0x70,0xc0,0x60,0xe0,0x70,0xc0,0x60,0xe0,0x70,0xc0,0x60,0xe0,0x70,0xc0,0x60,0xe0,
    0x7f,0xff,0xff,0xe0,0x7f,0xff,0xff,0xe0,0x70,0x00,0x00,0xe0,0x70,0x00,0x00,0xe0,

    /* U+9879 */
    0x00,0x1f,0xff,0xfc,0x00,0x1f,0xff,0xfc,0x7f,0xe0,0x38,0x00,0x7f,0xe0,0x38,0x00,
    0x06,0x00,0x30,0x00,0x06,0x0f,0xff,0xe0,0x06,0x0f,0xff,0xe0,0x06,0x0e,0x00,0x60,
    0x06,0x0e,0x00,0x60,0x06,0x0e,0x18,0x60,0x06,0x0e,0x18,0x60,0x06,0x0e,0x18,0x60,
    0x06,0x0e,0x18,0x60,0x06,0x0e,0x18,0x60,0x06,0x0e,0x18,0x60,0x06,0x0e,0x18,0x60,
    0x06,0x2e,0x18,0x60,0x07,0xee,0x18,0x60,0x1f,0xce,0x38,0x60,0xff,0x0e,0x38,0x60,
    0xf8,0x00,0x30,0x00,0x40,0x00,0x72,0x00,0x00,0x00,0xe7,0x80,0x00,0x01,0xc3,0xc0,
    0x00,0x07,0x80,0xf0,0x00,0x1f,0x00,0x78,0x00,0x3c,0x00,0x38,0x00,0x30,0x00,0x18,

    /* U+9884 */
    0x00,0x03,0xff,0xfc,0x7f,0xfb,0xff,0xfc,0x7f,0xf0,0x0e,0x00,0x00,0x60,0x0e,0x00,
    0x00,0xe0,0x0e,0x00,0x10,0xc0,0x0c,0x00,0x39,0x81,0xff,0xf0,0x1f,0x01,0xff,0xf0,
    0x07,0x01,0x80,0x30,0x03,0xc1,0x80,0x30,0x01,0xc1,0x84,0x30,0xff,0xfd,0x8e,0x30,
    0xff,0xfd,0x8e,0x30,0x07,0x19,0x8e,0x30,0x03,0x19,0x8e,0x30,0x03,0x39,0x8e,0x30,
    0x03,0x31,0x8e,0x30,0x03,0x31,0x8e,0x30,0x03,0x01,0x8c,0x30,0x03,0x01,0x8c,0x30,
    0x03,0x01,0x8c,0x30,0x03,0x00,0x1c,0x00,0x03,0x00,0x19,0x00,0x03,0x00,0x3b,0x80,
    0x03,0x00,0x71,0xe0,0x03,0x00,0xe0,0xf0,0x07,0x03,0xc0,0x78,0x3f,0x07,0x80,0x38,
    0x3e,0x06,0x00,0x10,

    /* U+9988 */
    0x0c,0x00,0x18,0x00,0x0c,0x00,0x18,0x00,0x1c,0x07,0xff,0xe0,0x18,0x07,0xff,0xe0,
    0x18,0x06,0x18,0x60,0x1f,0xe6,0x18,0x60,0x1f,0xe6,0x18,0x60,0x38,0x67,0xff,0xe0,
    0x30,0xc7,0xff,0xe0,0x30,0xc0,0x18,0x00,0x61,0xc0,0x18,0x00,0x61,0x9f,0xff,0xfc,
    0xee,0x1f,0xff,0xfc,0x4e,0x00,0x00,0x00,0x0e,0x0f,0xff,0xe0,0x0e,0x0f,0xff,0xe0,
    0x0e,0x0e,0x00,0x60,0x0e,0x0e,0x00,0x60,0x0e,0x0e,0x18,0x60,0x0e,0x0e,0x18,0x60,
    0x0e,0x0e,0x18,0x60,0x0e,0x0e,0x38,0x60,0x0e,0x4e,0x38,0x60,0x0e,0xce,0x30,0x60,
    0x0f,0xc0,0x70,0x00,0x0f,0x80,0xe7,0x00,0x0f,0x01,0xe7,0xc0,0x1c,0x0f,0x81,0xf0,
    0x18,0x1f,0x00,0x78,0x00,0x18,0x00,0x10,

};

/*-----------------
 *    GLYPH DESCRIPTORS
 *----------------*/

static const lv_font_fmt_txt_glyph_dsc_t glyph_dsc[] = {
    {.bitmap_index = 0, .adv_w = 0, .box_w = 0, .box_h = 0, .ofs_x = 0, .ofs_y = 0} /* id = 0 reserved */,
    {.bitmap_index = 0, .adv_w = 115, .box_w = 0, .box_h = 0, .ofs_x = 0, .ofs_y = 0},
    {.bitmap_index = 0, .adv_w = 166, .box_w = 4, .box_h = 24, .ofs_x = 3, .ofs_y = 1},
    {.bitmap_index = 24, .adv_w = 243, .box_w = 9, .box_h = 9, .ofs_x = 3, .ofs_y = 17},
    {.bitmap_index = 42, .adv_w = 284, .box_w = 16, .box_h = 24, .ofs_x = 1, .ofs_y = 1},
    {.bitmap_index = 90, .adv_w = 284, .box_w = 14, .box_h = 31, .ofs_x = 2, .ofs_y = -3},
    {.bitmap_index = 152, .adv_w = 472, .box_w = 27, .box_h = 24, .ofs_x = 1, .ofs_y = 1},
    {.bitmap_index = 248, .adv_w = 348, .box_w = 20, .box_h = 24, .ofs_x = 1, .ofs_y = 1},
    {.bitmap_index = 320, .adv_w = 142, .box_w = 3, .box_h = 9, .ofs_x = 3, .ofs_y = 17},
    {.bitmap_index = 329, .adv_w = 173, .box_w = 6, .box_h = 32, .ofs_x = 3, .ofs_y = -5},
    {.bitmap_index = 361, .adv_w = 173, .box_w = 6, .box_h = 32, .ofs_x = 2, .ofs_y = -5},
    {.bitmap_index = 393, .adv_w = 239, .box_w = 11, .box_h = 10, .ofs_x = 2, .ofs_y = 16},
    {.bitmap_index = 413, .adv_w = 284, .box_w = 16, .box_h = 16, .ofs_x = 1, .ofs_y = 5},
    {.bitmap_index = 445, .adv_w = 142, .box_w = 5, .box_h = 10, .ofs_x = 2, .ofs_y = -5},
    {.bitmap_index = 455, .adv_w = 178, .box_w = 9, .box_h = 2, .ofs_x = 1, .ofs_y = 9},
    {.bitmap_index = 459, .adv_w = 142, .box_w = 4, .box_h = 4, .ofs_x = 2, .ofs_y = 1},
    {.bitmap_index = 463, .adv_w = 201, .box_w = 12, .box_h = 31, .ofs_x = 0, .ofs_y = -5},
    {.bitmap_index = 525, .adv_w = 284, .box_w = 14, .box_h = 24, .ofs_x = 2, .ofs_y = 1},
    {.bitmap_index = 573, .adv_w = 284, .box_w = 13, .box_h = 24, .ofs_x = 3, .ofs_y = 1},
    {.bitmap_index = 621, .adv_w = 284, .box_w = 15, .box_h = 24, .ofs_x = 1, .ofs_y = 1},
    {.bitmap_index = 669, .adv_w = 284, .box_w = 15, .box_h = 24, .ofs_x = 1, .ofs_y = 1},
    {.bitmap_index = 717, .adv_w = 284, .box_w = 16, .box_h = 24, .ofs_x = 1, .ofs_y = 1},
    {.bitmap_index = 765, .adv_w = 284, .box_w = 15, .box_h = 24, .ofs_x = 1, .ofs_y = 1},
    {.bitmap_index = 813, .adv_w = 284, .box_w = 14, .box_h = 24, .ofs_x = 2, .ofs_y = 1},
    {.bitmap_index = 861, .adv_w = 284, .box_w = 14, .box_h = 24, .ofs_x = 2, .ofs_y = 1},
    {.bitmap_index = 909, .adv_w = 284, .box_w = 15, .box_h = 24, .ofs_x = 1, .ofs_y = 1},
    {.bitmap_index = 957, .adv_w = 284, .box_w = 15, .box_h = 24, .ofs_x = 1, .ofs_y = 1},
    {.bitmap_index = 1005, .adv_w = 142, .box_w = 4, .box_h = 17, .ofs_x = 2, .ofs_y = 1},
    {.bitmap_index = 1022, .adv_w = 142, .box_w = 5, .box_h = 23, .ofs_x = 2, .ofs_y = -5},
    {.bitmap_index = 1045, .adv_w = 284, .box_w = 16, .box_h = 14, .ofs_x = 1, .ofs_y = 6},
    {.bitmap_index = 1073, .adv_w = 284, .box_w = 16, .box_h = 10, .ofs_x = 1, .ofs_y = 8},
    {.bitmap_index = 1093, .adv_w = 284, .box_w = 16, .box_h = 14, .ofs_x = 1, .ofs_y = 6},
    {.bitmap_index = 1121, .adv_w = 243, .box_w = 11, .box_h = 25, .ofs_x = 2, .ofs_y = 1},
    {.bitmap_index = 1171, .adv_w = 484, .box_w = 26, .box_h = 29, .ofs_x = 2, .ofs_y = -5},
    {.bitmap_index = 1287, .adv_w = 311, .box_w = 19, .box_h = 24, .ofs_x = 0, .ofs_y = 1},
    {.bitmap_index = 1359, .adv_w = 336, .box_w = 17, .box_h = 24, .ofs_x = 3, .ofs_y = 1},
    {.bitmap_index = 1431, .adv_w = 327, .box_w = 17, .box_h = 24, .ofs_x = 2, .ofs_y = 1},
    {.bitmap_index = 1503, .adv_w = 352, .box_w = 17, .box_h = 24, .ofs_x = 3, .ofs_y = 1},
    {.bitmap_index = 1575, .adv_w = 301, .box_w = 14, .box_h = 24, .ofs_x = 3, .ofs_y = 1},
    {.bitmap_index = 1623, .adv_w = 282, .box_w = 14, .box_h = 24, .ofs_x = 3, .ofs_y = 1},
    {.bitmap_index = 1671, .adv_w = 353, .box_w = 18, .box_h = 24, .ofs_x = 2, .ofs_y = 1},
    {.bitmap_index = 1743, .adv_w = 373, .box_w = 17, .box_h = 24, .ofs_x = 3, .ofs_y = 1},
    {.bitmap_index = 1815, .adv_w = 150, .box_w = 3, .box_h = 24, .ofs_x = 3, .ofs_y = 1},
    {.bitmap_index = 1839, .adv_w = 274, .box_w = 13, .box_h = 24, .ofs_x = 1, .ofs_y = 1},
    {.bitmap_index = 1887, .adv_w = 331, .box_w = 17, .box_h = 24, .ofs_x = 3, .ofs_y = 1},
    {.bitmap_index = 1959, .adv_w = 278, .box_w = 13, .box_h = 24, .ofs_x = 3, .ofs_y = 1},
    {.bitmap_index = 2007, .adv_w = 416, .box_w = 20, .box_h = 24, .ofs_x = 3, .ofs_y = 1},
    {.bitmap_index = 2079, .adv_w = 370, .box_w = 17, .box_h = 24, .ofs_x = 3, .ofs_y = 1},
    {.bitmap_index = 2151, .adv_w = 380, .box_w = 20, .box_h = 24, .ofs_x = 2, .ofs_y = 1},
    {.bitmap_index = 2223, .adv_w = 324, .box_w = 16, .box_h = 24, .ofs_x = 3, .ofs_y = 1},
    {.bitmap_index = 2271, .adv_w = 380, .box_w = 20, .box_h = 29, .ofs_x = 2, .ofs_y = -4},
    {.bitmap_index = 2358, .adv_w = 326, .box_w = 16, .box_h = 24, .ofs_x = 3, .ofs_y = 1},
    {.bitmap_index = 2406, .adv_w = 306, .box_w = 16, .box_h = 24, .ofs_x = 2, .ofs_y = 1},
    {.bitmap_index = 2454, .adv_w = 307, .box_w = 17, .box_h = 24, .ofs_x = 1, .ofs_y = 1},
    {.bitmap_index = 2526, .adv_w = 369, .box_w = 17, .box_h = 24, .ofs_x = 3, .ofs_y = 1},
    {.bitmap_index = 2598, .adv_w = 294, .box_w = 18, .box_h = 24, .ofs_x = 0, .ofs_y = 1},
    {.bitmap_index = 2670, .adv_w = 450, .box_w = 26, .box_h = 24, .ofs_x = 1, .ofs_y = 1},
    {.bitmap_index = 2766, .adv_w = 294, .box_w = 16, .box_h = 24, .ofs_x = 1, .ofs_y = 1},
    {.bitmap_index = 2814, .adv_w = 272, .box_w = 17, .box_h = 24, .ofs_x = 0, .ofs_y = 1},
    {.bitmap_index = 2886, .adv_w = 309, .box_w = 16, .box_h = 24, .ofs_x = 2, .ofs_y = 1},
    {.bitmap_index = 2934, .adv_w = 173, .box_w = 7, .box_h = 31, .ofs_x = 3, .ofs_y = -5},
    {.bitmap_index = 2965, .adv_w = 201, .box_w = 11, .box_h = 31, .ofs_x = 1, .ofs_y = -5},
    {.bitmap_index = 3027, .adv_w = 173, .box_w = 6, .box_h = 31, .ofs_x = 1, .ofs_y = -5},
    {.bitmap_index = 3058, .adv_w = 284, .box_w = 13, .box_h = 14, .ofs_x = 2, .ofs_y = 11},
    {.bitmap_index = 3086, .adv_w = 286, .box_w = 17, .box_h = 2, .ofs_x = 0, .ofs_y = -4},
    {.bitmap_index = 3092, .adv_w = 310, .box_w = 6, .box_h = 7, .ofs_x = 5, .ofs_y = 22},
    {.bitmap_index = 3099, .adv_w = 289, .box_w = 13, .box_h = 17, .ofs_x = 2, .ofs_y = 1},
    {.bitmap_index = 3133, .adv_w = 316, .box_w = 15, .box_h = 25, .ofs_x = 3, .ofs_y = 1},
    {.bitmap_index = 3183, .adv_w = 260, .box_w = 13, .box_h = 17, .ofs_x = 2, .ofs_y = 1},
    {.bitmap_index = 3217, .adv_w = 318, .box_w = 15, .box_h = 25, .ofs_x = 2, .ofs_y = 1},
    {.bitmap_index = 3267, .adv_w = 284, .box_w = 14, .box_h = 17, .ofs_x = 2, .ofs_y = 1},
    {.bitmap_index = 3301, .adv_w = 166, .box_w = 10, .box_h = 25, .ofs_x = 1, .ofs_y = 1},
    {.bitmap_index = 3351, .adv_w = 288, .box_w = 16, .box_h = 24, .ofs_x = 2, .ofs_y = -6},
    {.bitmap_index = 3399, .adv_w = 311, .box_w = 14, .box_h = 25, .ofs_x = 3, .ofs_y = 1},
    {.bitmap_index = 3449, .adv_w = 141, .box_w = 3, .box_h = 25, .ofs_x = 3, .ofs_y = 1},
    {.bitmap_index = 3474, .adv_w = 141, .box_w = 7, .box_h = 32, .ofs_x = -1, .ofs_y = -6},
    {.bitmap_index = 3506, .adv_w = 282, .box_w = 14, .box_h = 25, .ofs_x = 3, .ofs_y = 1},
    {.bitmap_index = 3556, .adv_w = 146, .box_w = 5, .box_h = 26, .ofs_x = 3, .ofs_y = 1},
    {.bitmap_index = 3582, .adv_w = 474, .box_w = 24, .box_h = 17, .ofs_x = 3, .ofs_y = 1},
    {.bitmap_index = 3633, .adv_w = 313, .box_w = 14, .box_h = 17, .ofs_x = 3, .ofs_y = 1},
    {.bitmap_index = 3667, .adv_w = 310, .box_w = 16, .box_h = 17, .ofs_x = 2, .ofs_y = 1},
    {.bitmap_index = 3701, .adv_w = 318, .box_w = 15, .box_h = 24, .ofs_x = 3, .ofs_y = -6},
    {.bitmap_index = 3749, .adv_w = 318, .box_w = 15, .box_h = 24, .ofs_x = 2, .ofs_y = -6},
    {.bitmap_index = 3797, .adv_w = 199, .box_w = 9, .box_h = 17, .ofs_x = 3, .ofs_y = 1},
    {.bitmap_index = 3831, .adv_w = 240, .box_w = 13, .box_h = 17, .ofs_x = 1, .ofs_y = 1},
    {.bitmap_index = 3865, .adv_w = 193, .box_w = 10, .box_h = 22, .ofs_x = 1, .ofs_y = 1},
    {.bitmap_index = 3909, .adv_w = 311, .box_w = 13, .box_h = 17, .ofs_x = 3, .ofs_y = 1},
    {.bitmap_index = 3943, .adv_w = 267, .box_w = 15, .box_h = 17, .ofs_x = 1, .ofs_y = 1},
    {.bitmap_index = 3977, .adv_w = 410, .box_w = 24, .box_h = 17, .ofs_x = 1, .ofs_y = 1},
    {.bitmap_index = 4028, .adv_w = 255, .box_w = 14, .box_h = 17, .ofs_x = 1, .ofs_y = 1},
    {.bitmap_index = 4062, .adv_w = 267, .box_w = 15, .box_h = 24, .ofs_x = 1, .ofs_y = -6},
    {.bitmap_index = 4110, .adv_w = 243, .box_w = 13, .box_h = 17, .ofs_x = 1, .ofs_y = 1},
    {.bitmap_index = 4144, .adv_w = 173, .box_w = 9, .box_h = 31, .ofs_x = 1, .ofs_y = -5},
    {.bitmap_index = 4206, .adv_w = 138, .box_w = 2, .box_h = 36, .ofs_x = 3, .ofs_y = -8},
    {.bitmap_index = 4242, .adv_w = 173, .box_w = 9, .box_h = 31, .ofs_x = 1, .ofs_y = -5},
    {.bitmap_index = 4304, .adv_w = 284, .box_w = 14, .box_h = 5, .ofs_x = 2, .ofs_y = 10},
    {.bitmap_index = 4314, .adv_w = 512, .box_w = 26, .box_h = 30, .ofs_x = 3, .ofs_y = -2},
    {.bitmap_index = 4434, .adv_w = 512, .box_w = 26, .box_h = 30, .ofs_x = 3, .ofs_y = -2},
    {.bitmap_index = 4554, .adv_w = 512, .box_w = 28, .box_h = 28, .ofs_x = 2, .ofs_y = -2},
    {.bitmap_index = 4666, .adv_w = 512, .box_w = 28, .box_h = 30, .ofs_x = 2, .ofs_y = -2},
    {.bitmap_index = 4786, .adv_w = 512, .box_w = 29, .box_h = 30, .ofs_x = 2, .ofs_y = -2},
    {.bitmap_index = 4906, .adv_w = 512, .box_w = 30, .box_h = 30, .ofs_x = 1, .ofs_y = -2},
    {.bitmap_index = 5026, .adv_w = 512, .box_w = 30, .box_h = 30, .ofs_x = 1, .ofs_y = -2},
    {.bitmap_index = 5146, .adv_w = 512, .box_w = 30, .box_h = 30, .ofs_x = 1, .ofs_y = -2},
    {.bitmap_index = 5266, .adv_w = 512, .box_w = 29, .box_h = 30, .ofs_x = 1, .ofs_y = -2},
    {.bitmap_index = 5386, .adv_w = 512, .box_w = 29, .box_h = 29, .ofs_x = 1, .ofs_y = -2},
    {.bitmap_index = 5502, .adv_w = 512, .box_w = 28, .box_h = 28, .ofs_x = 2, .ofs_y = -1},
    {.bitmap_index = 5614, .adv_w = 512, .box_w = 30, .box_h = 29, .ofs_x = 1, .ofs_y = -1},
    {.bitmap_index = 5730, .adv_w = 512, .box_w = 28, .box_h = 30, .ofs_x = 2, .ofs_y = -2},
    {.bitmap_index = 5850, .adv_w = 512, .box_w = 26, .box_h = 30, .ofs_x = 3, .ofs_y = -2},
    {.bitmap_index = 5970, .adv_w = 512, .box_w = 28, .box_h = 29, .ofs_x = 2, .ofs_y = -2},
    {.bitmap_index = 6086, .adv_w = 512, .box_w = 27, .box_h = 28, .ofs_x = 2, .ofs_y = -1},
    {.bitmap_index = 6198, .adv_w = 512, .box_w = 28, .box_h = 30, .ofs_x = 2, .ofs_y = -2},
    {.bitmap_index = 6318, .adv_w = 512, .box_w = 28, .box_h = 30, .ofs_x = 2, .ofs_y = -2},
    {.bitmap_index = 6438, .adv_w = 512, .box_w = 27, .box_h = 30, .ofs_x = 2, .ofs_y = -2},
    {.bitmap_index = 6558, .adv_w = 512, .box_w = 29, .box_h = 30, .ofs_x = 1, .ofs_y = -2},
    {.bitmap_index = 6678, .adv_w = 512, .box_w = 28, .box_h = 30, .ofs_x = 1, .ofs_y = -2},
    {.bitmap_index = 6798, .adv_w = 512, .box_w = 28, .box_h = 28, .ofs_x = 2, .ofs_y = -1},
    {.bitmap_index = 6910, .adv_w = 512, .box_w = 29, .box_h = 30, .ofs_x = 1, .ofs_y = -2},
    {.bitmap_index = 7030, .adv_w = 512, .box_w = 28, .box_h = 30, .ofs_x = 2, .ofs_y = -2},
    {.bitmap_index = 7150, .adv_w = 512, .box_w = 28, .box_h = 30, .ofs_x = 2, .ofs_y = -2},
    {.bitmap_index = 7270, .adv_w = 512, .box_w = 27, .box_h = 28, .ofs_x = 2, .ofs_y = -2},
    {.bitmap_index = 7382, .adv_w = 512, .box_w = 27, .box_h = 30, .ofs_x = 2, .ofs_y = -2},
    {.bitmap_index = 7502, .adv_w = 512, .box_w = 29, .box_h = 28, .ofs_x = 1, .ofs_y = -2},
    {.bitmap_index = 7614, .adv_w = 512, .box_w = 24, .box_h = 25, .ofs_x = 4, .ofs_y = -1},
    {.bitmap_index = 7689, .adv_w = 512, .box_w = 28, .box_h = 30, .ofs_x = 2, .ofs_y = -2},
    {.bitmap_index = 7809, .adv_w = 512, .box_w = 28, .box_h = 29, .ofs_x = 2, .ofs_y = -2},
    {.bitmap_index = 7925, .adv_w = 512, .box_w = 29, .box_h = 30, .ofs_x = 1, .ofs_y = -2},
    {.bitmap_index = 8045, .adv_w = 512, .box_w = 28, .box_h = 30, .ofs_x = 2, .ofs_y = -2},
    {.bitmap_index = 8165, .adv_w = 512, .box_w = 26, .box_h = 28, .ofs_x = 3, .ofs_y = -2},
    {.bitmap_index = 8277, .adv_w = 512, .box_w = 26, .box_h = 29, .ofs_x = 3, .ofs_y = -2},
    {.bitmap_index = 8393, .adv_w = 512, .box_w = 28, .box_h = 30, .ofs_x = 2, .ofs_y = -2},
    {.bitmap_index = 8513, .adv_w = 512, .box_w = 29, .box_h = 30, .ofs_x = 1, .ofs_y = -2},
    {.bitmap_index = 8633, .adv_w = 512, .box_w = 28, .box_h = 30, .ofs_x = 2, .ofs_y = -2},
    {.bitmap_index = 8753, .adv_w = 512, .box_w = 28, .box_h = 30, .ofs_x = 2, .ofs_y = -2},
    {.bitmap_index = 8873, .adv_w = 512, .box_w = 28, .box_h = 30, .ofs_x = 2, .ofs_y = -2},
    {.bitmap_index = 8993, .adv_w = 512, .box_w = 30, .box_h = 30, .ofs_x = 1, .ofs_y = -2},
    {.bitmap_index = 9113, .adv_w = 512, .box_w = 28, .box_h = 30, .ofs_x = 2, .ofs_y = -2},
    {.bitmap_index = 9233, .adv_w = 512, .box_w = 28, .box_h = 30, .ofs_x = 2, .ofs_y = -2},
    {.bitmap_index = 9353, .adv_w = 512, .box_w = 28, .box_h = 29, .ofs_x = 2, .ofs_y = -1},
    {.bitmap_index = 9469, .adv_w = 512, .box_w = 30, .box_h = 30, .ofs_x = 1, .ofs_y = -2},
    {.bitmap_index = 9589, .adv_w = 512, .box_w = 29, .box_h = 28, .ofs_x = 1, .ofs_y = -2},
    {.bitmap_index = 9701, .adv_w = 512, .box_w = 29, .box_h = 29, .ofs_x = 1, .ofs_y = -1},
    {.bitmap_index = 9817, .adv_w = 512, .box_w = 27, .box_h = 27, .ofs_x = 3, .ofs_y = -1},
    {.bitmap_index = 9925, .adv_w = 512, .box_w = 27, .box_h = 30, .ofs_x = 3, .ofs_y = -2},
    {.bitmap_index = 10045, .adv_w = 512, .box_w = 28, .box_h = 30, .ofs_x = 2, .ofs_y = -2},
    {.bitmap_index = 10165, .adv_w = 512, .box_w = 29, .box_h = 30, .ofs_x = 1, .ofs_y = -2},
    {.bitmap_index = 10285, .adv_w = 512, .box_w = 28, .box_h = 28, .ofs_x = 2, .ofs_y = -2},
    {.bitmap_index = 10397, .adv_w = 512, .box_w = 29, .box_h = 30, .ofs_x = 2, .ofs_y = -2},
    {.bitmap_index = 10517, .adv_w = 512, .box_w = 28, .box_h = 30, .ofs_x = 3, .ofs_y = -2},
    {.bitmap_index = 10637, .adv_w = 512, .box_w = 24, .box_h = 30, .ofs_x = 4, .ofs_y = -2},
    {.bitmap_index = 10727, .adv_w = 512, .box_w = 30, .box_h = 30, .ofs_x = 1, .ofs_y = -2},
    {.bitmap_index = 10847, .adv_w = 512, .box_w = 28, .box_h = 29, .ofs_x = 2, .ofs_y = -1},
    {.bitmap_index = 10963, .adv_w = 512, .box_w = 28, .box_h = 29, .ofs_x = 2, .ofs_y = -1},
    {.bitmap_index = 11079, .adv_w = 512, .box_w = 29, .box_h = 30, .ofs_x = 1, .ofs_y = -2},
    {.bitmap_index = 11199, .adv_w = 512, .box_w = 29, .box_h = 30, .ofs_x = 2, .ofs_y = -2},
    {.bitmap_index = 11319, .adv_w = 512, .box_w = 30, .box_h = 30, .ofs_x = 1, .ofs_y = -2},
    {.bitmap_index = 11439, .adv_w = 512, .box_w = 28, .box_h = 30, .ofs_x = 1, .ofs_y = -2},
    {.bitmap_index = 11559, .adv_w = 512, .box_w = 30, .box_h = 30, .ofs_x = 1, .ofs_y = -2},
    {.bitmap_index = 11679, .adv_w = 512, .box_w = 29, .box_h = 30, .ofs_x = 2, .ofs_y = -2},
    {.bitmap_index = 11799, .adv_w = 512, .box_w = 30, .box_h = 30, .ofs_x = 1, .ofs_y = -2},
    {.bitmap_index = 11919, .adv_w = 512, .box_w = 30, .box_h = 30, .ofs_x = 1, .ofs_y = -2},
    {.bitmap_index = 12039, .adv_w = 512, .box_w = 28, .box_h = 30, .ofs_x = 2, .ofs_y = -2},
    {.bitmap_index = 12159, .adv_w = 512, .box_w = 28, .box_h = 30, .ofs_x = 2, .ofs_y = -2},
    {.bitmap_index = 12279, .adv_w = 512, .box_w = 28, .box_h = 30, .ofs_x = 2, .ofs_y = -2},
    {.bitmap_index = 12399, .adv_w = 512, .box_w = 29, .box_h = 28, .ofs_x = 2, .ofs_y = -2},
    {.bitmap_index = 12511, .adv_w = 512, .box_w = 21, .box_h = 28, .ofs_x = 6, .ofs_y = -2},
    {.bitmap_index = 12595, .adv_w = 512, .box_w = 28, .box_h = 29, .ofs_x = 3, .ofs_y = -1},
    {.bitmap_index = 12711, .adv_w = 512, .box_w = 30, .box_h = 26, .ofs_x = 1, .ofs_y = 0},
    {.bitmap_index = 12815, .adv_w = 512, .box_w = 29, .box_h = 30, .ofs_x = 1, .ofs_y = -2},
    {.bitmap_index = 12935, .adv_w = 512, .box_w = 28, .box_h = 30, .ofs_x = 2, .ofs_y = -2},
    {.bitmap_index = 13055, .adv_w = 512, .box_w = 28, .box_h = 30, .ofs_x = 2, .ofs_y = -2},
    {.bitmap_index = 13175, .adv_w = 512, .box_w = 30, .box_h = 30, .ofs_x = 1, .ofs_y = -2},
    {.bitmap_index = 13295, .adv_w = 512, .box_w = 29, .box_h = 30, .ofs_x = 1, .ofs_y = -2},
    {.bitmap_index = 13415, .adv_w = 512, .box_w = 29, .box_h = 30, .ofs_x = 1, .ofs_y = -2},
    {.bitmap_index = 13535, .adv_w = 512, .box_w = 29, .box_h = 30, .ofs_x = 1, .ofs_y = -2},
    {.bitmap_index = 13655, .adv_w = 512, .box_w = 28, .box_h = 25, .ofs_x = 2, .ofs_y = 0},
    {.bitmap_index = 13755, .adv_w = 512, .box_w = 28, .box_h = 30, .ofs_x = 2, .ofs_y = -2},
    {.bitmap_index = 13875, .adv_w = 512, .box_w = 27, .box_h = 30, .ofs_x = 2, .ofs_y = -2},
    {.bitmap_index = 13995, .adv_w = 512, .box_w = 28, .box_h = 28, .ofs_x = 2, .ofs_y = -2},
    {.bitmap_index = 14107, .adv_w = 512, .box_w = 29, .box_h = 30, .ofs_x = 2, .ofs_y = -2},
    {.bitmap_index = 14227, .adv_w = 512, .box_w = 28, .box_h = 29, .ofs_x = 2, .ofs_y = -2},
    {.bitmap_index = 14343, .adv_w = 512, .box_w = 30, .box_h = 30, .ofs_x = 1, .ofs_y = -2},
    {.bitmap_index = 14463, .adv_w = 512, .box_w = 29, .box_h = 30, .ofs_x = 1, .ofs_y = -2},
    {.bitmap_index = 14583, .adv_w = 512, .box_w = 30, .box_h = 30, .ofs_x = 1, .ofs_y = -2},
    {.bitmap_index = 14703, .adv_w = 512, .box_w = 28, .box_h = 30, .ofs_x = 2, .ofs_y = -2},
    {.bitmap_index = 14823, .adv_w = 512, .box_w = 27, .box_h = 28, .ofs_x = 1, .ofs_y = -2},
    {.bitmap_index = 14935, .adv_w = 512, .box_w = 28, .box_h = 30, .ofs_x = 1, .ofs_y = -2},
    {.bitmap_index = 15055, .adv_w = 512, .box_w = 28, .box_h = 30, .ofs_x = 2, .ofs_y = -2},
    {.bitmap_index = 15175, .adv_w = 512, .box_w = 28, .box_h = 29, .ofs_x = 2, .ofs_y = -2},
    {.bitmap_index = 15291, .adv_w = 512, .box_w = 29, .box_h = 30, .ofs_x = 1, .ofs_y = -2},
    {.bitmap_index = 15411, .adv_w = 512, .box_w = 28, .box_h = 27, .ofs_x = 2, .ofs_y = -2},
    {.bitmap_index = 15519, .adv_w = 512, .box_w = 29, .box_h = 30, .ofs_x = 1, .ofs_y = -2},
    {.bitmap_index = 15639, .adv_w = 512, .box_w = 29, .box_h = 30, .ofs_x = 1, .ofs_y = -2},
    {.bitmap_index = 15759, .adv_w = 512, .box_w = 28, .box_h = 28, .ofs_x = 2, .ofs_y = 0},
    {.bitmap_index = 15871, .adv_w = 512, .box_w = 28, .box_h = 30, .ofs_x = 2, .ofs_y = -2},
    {.bitmap_index = 15991, .adv_w = 512, .box_w = 29, .box_h = 30, .ofs_x = 1, .ofs_y = -2},
    {.bitmap_index = 16111, .adv_w = 512, .box_w = 26, .box_h = 30, .ofs_x = 3, .ofs_y = -2},
    {.bitmap_index = 16231, .adv_w = 512, .box_w = 29, .box_h = 29, .ofs_x = 1, .ofs_y = -1},
    {.bitmap_index = 16347, .adv_w = 512, .box_w = 28, .box_h = 28, .ofs_x = 2, .ofs_y = -1},
    {.bitmap_index = 16459, .adv_w = 512, .box_w = 22, .box_h = 30, .ofs_x = 5, .ofs_y = -2},
    {.bitmap_index = 16549, .adv_w = 512, .box_w = 28, .box_h = 30, .ofs_x = 2, .ofs_y = -2},
    {.bitmap_index = 16669, .adv_w = 512, .box_w = 29, .box_h = 30, .ofs_x = 2, .ofs_y = -2},
    {.bitmap_index = 16789, .adv_w = 512, .box_w = 27, .box_h = 30, .ofs_x = 3, .ofs_y = -2},
    {.bitmap_index = 16909, .adv_w = 512, .box_w = 28, .box_h = 30, .ofs_x = 2, .ofs_y = -2},
    {.bitmap_index = 17029, .adv_w = 512, .box_w = 30, .box_h = 29, .ofs_x = 1, .ofs_y = -2},
    {.bitmap_index = 17145, .adv_w = 512, .box_w = 29, .box_h = 30, .ofs_x = 2, .ofs_y = -2},
    {.bitmap_index = 17265, .adv_w = 512, .box_w = 29, .box_h = 28, .ofs_x = 2, .ofs_y = -2},
    {.bitmap_index = 17377, .adv_w = 512, .box_w = 29, .box_h = 30, .ofs_x = 2, .ofs_y = -2},
    {.bitmap_index = 17497, .adv_w = 512, .box_w = 30, .box_h = 30, .ofs_x = 1, .ofs_y = -2},
    {.bitmap_index = 17617, .adv_w = 512, .box_w = 28, .box_h = 29, .ofs_x = 2, .ofs_y = -2},
    {.bitmap_index = 17733, .adv_w = 512, .box_w = 29, .box_h = 30, .ofs_x = 2, .ofs_y = -2},
    {.bitmap_index = 17853, .adv_w = 512, .box_w = 29, .box_h = 30, .ofs_x = 2, .ofs_y = -2},
    {.bitmap_index = 17973, .adv_w = 512, .box_w = 29, .box_h = 29, .ofs_x = 1, .ofs_y = -1},
    {.bitmap_index = 18089, .adv_w = 512, .box_w = 28, .box_h = 28, .ofs_x = 2, .ofs_y = -1},
    {.bitmap_index = 18201, .adv_w = 512, .box_w = 29, .box_h = 30, .ofs_x = 2, .ofs_y = -2},
    {.bitmap_index = 18321, .adv_w = 512, .box_w = 30, .box_h = 28, .ofs_x = 1, .ofs_y = -1},
    {.bitmap_index = 18433, .adv_w = 512, .box_w = 28, .box_h = 30, .ofs_x = 2, .ofs_y = -2},
    {.bitmap_index = 18553, .adv_w = 512, .box_w = 28, .box_h = 29, .ofs_x = 2, .ofs_y = -1},
    {.bitmap_index = 18669, .adv_w = 512, .box_w = 28, .box_h = 28, .ofs_x = 2, .ofs_y = -1},
    {.bitmap_index = 18781, .adv_w = 512, .box_w = 29, .box_h = 30, .ofs_x = 2, .ofs_y = -2},
    {.bitmap_index = 18901, .adv_w = 512, .box_w = 26, .box_h = 29, .ofs_x = 3, .ofs_y = -2},
    {.bitmap_index = 19017, .adv_w = 512, .box_w = 26, .box_h = 29, .ofs_x = 3, .ofs_y = -2},
    {.bitmap_index = 19133, .adv_w = 512, .box_w = 26, .box_h = 29, .ofs_x = 3, .ofs_y = -2},
    {.bitmap_index = 19249, .adv_w = 512, .box_w = 28, .box_h = 28, .ofs_x = 2, .ofs_y = -2},
    {.bitmap_index = 19361, .adv_w = 512, .box_w = 30, .box_h = 28, .ofs_x = 1, .ofs_y = -2},
    {.bitmap_index = 19473, .adv_w = 512, .box_w = 30, .box_h = 29, .ofs_x = 1, .ofs_y = -2},
    {.bitmap_index = 19589, .adv_w = 512, .box_w = 30, .box_h = 30, .ofs_x = 1, .ofs_y = -2},
};

/*-----------------
 *    CHARACTER MAPPING
 *----------------*/

/* Codepoints relative to range_start, ascending (sparse cmap). */
static const uint16_t unicode_list_0[] = {
    0x0000, 0x0001, 0x0002, 0x0003, 0x0004, 0x0005, 0x0006, 0x0007, 0x0008, 0x0009,
    0x000a, 0x000b, 0x000c, 0x000d, 0x000e, 0x000f, 0x0010, 0x0011, 0x0012, 0x0013,
    0x0014, 0x0015, 0x0016, 0x0017, 0x0018, 0x0019, 0x001a, 0x001b, 0x001c, 0x001d,
    0x001e, 0x001f, 0x0020, 0x0021, 0x0022, 0x0023, 0x0024, 0x0025, 0x0026, 0x0027,
    0x0028, 0x0029, 0x002a, 0x002b, 0x002c, 0x002d, 0x002e, 0x002f, 0x0030, 0x0031,
    0x0032, 0x0033, 0x0034, 0x0035, 0x0036, 0x0037, 0x0038, 0x0039, 0x003a, 0x003b,
    0x003c, 0x003d, 0x003e, 0x003f, 0x0040, 0x0041, 0x0042, 0x0043, 0x0044, 0x0045,
    0x0046, 0x0047, 0x0048, 0x0049, 0x004a, 0x004b, 0x004c, 0x004d, 0x004e, 0x004f,
    0x0050, 0x0051, 0x0052, 0x0053, 0x0054, 0x0055, 0x0056, 0x0057, 0x0058, 0x0059,
    0x005a, 0x005b, 0x005c, 0x005d, 0x005e, 0x4e0d, 0x4e12, 0x4e6e, 0x4e8e, 0x4ec4,
    0x4f39, 0x4f3c, 0x4fbd, 0x4fc1, 0x4ff9, 0x5145, 0x5148, 0x5153, 0x51da, 0x51e6,
    0x5210, 0x5216, 0x522d, 0x5249, 0x527f, 0x5280, 0x5288, 0x5289, 0x5335, 0x5341,
    0x5353, 0x53ad, 0x53b6, 0x53c3, 0x53d3, 0x53d7, 0x53ee, 0x545d, 0x56be, 0x56de,
    0x5708, 0x57e6, 0x5907, 0x5911, 0x5b37, 0x5b38, 0x5b6c, 0x5b7a, 0x5b7c, 0x5bef,
    0x5c2f, 0x5dc6, 0x5dd2, 0x5e07, 0x5e0e, 0x5e86, 0x5ee0, 0x5eef, 0x5f00, 0x5f33,
    0x5f65, 0x5fe1, 0x604f, 0x61f0, 0x6233, 0x625e, 0x62ad, 0x62c9, 0x62e2, 0x634e,
    0x6387, 0x63b2, 0x6550, 0x6567, 0x65c0, 0x65c5, 0x65d6, 0x661e, 0x66ff, 0x670a,
    0x670c, 0x671a, 0x675f, 0x6962, 0x6a01, 0x6b43, 0x6cb5, 0x6d68, 0x704d, 0x704f,
    0x7147, 0x7164, 0x7228, 0x7296, 0x7367, 0x7508, 0x76d8, 0x76eb, 0x771c, 0x784e,
    0x791a, 0x79b2, 0x79ed, 0x7aab, 0x7b0c, 0x7b29, 0x7cdb, 0x7ebf, 0x7f4e, 0x81ca,
    0x83bc, 0x89a6, 0x89a8, 0x8b84, 0x8b8f, 0x8bb5, 0x8bcf, 0x8bd4, 0x8bd7, 0x8d05,
    0x8f5d, 0x8f73, 0x8fb4, 0x8fe0, 0x8fe9, 0x8ffa, 0x90c8, 0x91ad, 0x91af, 0x94f9,
    0x95cd, 0x95ce, 0x95d4, 0x9742, 0x9859, 0x9864, 0x9968,
};

static const lv_font_fmt_txt_cmap_t cmaps[] = {
    {
        .range_start = 32, .range_length = 39273, .glyph_id_start = 1,
        .unicode_list = unicode_list_0, .glyph_id_ofs_list = NULL,
        .list_length = 227, .type = LV_FONT_FMT_TXT_CMAP_SPARSE_TINY
    }
};

/*-----------------
 *  ALL CUSTOM DATA
 *----------------*/

static const lv_font_fmt_txt_dsc_t font_dsc = {
    .glyph_bitmap = glyph_bitmap,
    .glyph_dsc = glyph_dsc,
    .cmaps = cmaps,
    .kern_dsc = NULL,
    .kern_scale = 0,
    .cmap_num = 1,
    .bpp = 1,
    .kern_classes = 0,
    .bitmap_format = 0,
};

/*-----------------
 *  PUBLIC FONT
 *----------------*/

const lv_font_t eye_ui_font_32 = {
    .get_glyph_dsc = lv_font_get_glyph_dsc_fmt_txt,
    .get_glyph_bitmap = lv_font_get_bitmap_fmt_txt,
    .line_height = 48,
    .base_line = 10,
    .subpx = LV_FONT_SUBPX_NONE,
    .underline_position = -2,
    .underline_thickness = 2,
    .dsc = &font_dsc
};
